USE QLNV_UDPT;

-- PhongBan
INSERT INTO PhongBan (phongid, tenphong, sothanhvien) VALUES ('P01', 'Alibaba', '4');
INSERT INTO PhongBan (phongid, tenphong, sothanhvien) VALUES ('P02', 'Umbala', '4');
INSERT INTO PhongBan (phongid, tenphong, sothanhvien) VALUES ('P03', 'Fire','3');

-- Profile
INSERT INTO Profile (empid, phongid, role, hoten, email, tentaikhoan, matkhau, gioitinh, sodienthoai, cccd, stk, luong, diemthuong, tinhtrang, diachi, image) VALUES ('1', 'P01', 'Nhân viên', 'Bông Bông', '20127161@student.hcmus.edu.vn', 'bongbong', '12345', 'Nữ', '123456789', '198803850072', '123456', '54176', '550', '1', 'Pennsylvania', '1.png');
INSERT INTO Profile (empid, phongid, role, hoten, email, tentaikhoan, matkhau, gioitinh, sodienthoai, cccd, stk, luong, diemthuong, tinhtrang, diachi, image) VALUES ('2', 'P01', 'Quản lý', 'Bắp Bắp', '20127252@student.hcmus.edu.vn', 'bapbap', '12345', 'Nữ', '631943506', '127631943506', '631943', '58120', '1770', '1', 'Massachusetts', '2.png');
INSERT INTO Profile (empid, role, hoten, email, tentaikhoan, matkhau, gioitinh, sodienthoai, cccd, stk, luong, diemthuong, tinhtrang, diachi, image) VALUES ('3', 'Giám đốc', 'Ngân Hồ', '20127250@student.hcmus.edu.vn', 'nganho', '12345', 'Nữ', '449199827', '990449199827', '449199', '26135', '7840', '1', 'Washington', '3.png');
INSERT INTO Profile (empid, phongid, role, hoten, email, tentaikhoan, matkhau, gioitinh, sodienthoai, cccd, stk, luong, diemthuong, tinhtrang, diachi, image) VALUES ('4', 'P01', 'Nhân viên', 'Tara Applewhite', 'saomai241202@gmail.com', 'taraapplewhite', '12345', 'Nữ', '294073526', '722194073526', '294073', '80274', '425', '0', 'California', '4.png');
INSERT INTO Profile (empid, phongid, role, hoten, email, tentaikhoan, matkhau, gioitinh, sodienthoai, cccd, stk, luong, diemthuong, tinhtrang, diachi, image) VALUES ('5', 'P02', 'Nhân viên', 'Devin Lear', 'thanhhoabui323@gmail.com', 'devinlear', '12345', 'Nam', '453542504', '535353661119', '453542', '43532', '742', '1', 'Massachusetts', '5.png');
INSERT INTO Profile (empid, phongid, role, hoten, email, tentaikhoan, matkhau, gioitinh, sodienthoai, cccd, stk, luong, diemthuong, tinhtrang, diachi, image) VALUES ('6', 'P01', 'Nhân viên', 'Lucile Sexton', 'tranhoa28082002@gmail.com', 'lucilesexton', '12345', 'Nữ', '426875378', '736303984249', '426875', '68637', '753', '1', 'Washington', '6.png');
INSERT INTO Profile (empid, phongid, role, hoten, email, tentaikhoan, matkhau, gioitinh, sodienthoai, cccd, stk, luong, diemthuong, tinhtrang, diachi, image) VALUES ('7', 'P02', 'Quản lý', 'Jarrod Faith', 'alibaba28022002@gmail.com', 'jarrodfaith', '12345', 'Nam', '386352478', '628045126840', '386352', '53478', '1424', '1', 'California', '7.png');
INSERT INTO Profile (empid, phongid, role, hoten, email, tentaikhoan, matkhau, gioitinh, sodienthoai, cccd, stk, luong, diemthuong, tinhtrang, diachi, image) VALUES ('8', 'P03', 'Nhân viên', 'Terry Gross', 'btthoa20@clc.fitus.edu.vn', 'terrygross', '12345', 'Nam', '385386834', '224011066412', '385386', '64497', '764', '1', 'Massachusetts', '8.png');
INSERT INTO Profile (empid, phongid, role, hoten, email, tentaikhoan, matkhau, gioitinh, sodienthoai, cccd, stk, luong, diemthuong, tinhtrang, diachi, image) VALUES ('9', 'P03', 'Nhân viên', 'Jim Martin', 'abc123@gmail.com', 'jimmartin', '12345', 'Nam', '387532135', '556300455788', '387532', '32433', '124', '1', 'Pennsylvania', '9.png');
INSERT INTO Profile (empid, phongid, role, hoten, email, tentaikhoan, matkhau, gioitinh, sodienthoai, cccd, stk, luong, diemthuong, tinhtrang, diachi, image) VALUES ('10', 'P02', 'Nhân viên', 'Kathy Weatherby', 'abc234@gmail.com', 'kathyweatherby', '12345', 'Nữ', '387546786', '138243321759', '387546', '23464', '254', '1', 'California', '10.png');
INSERT INTO Profile (empid, phongid, role, hoten, email, tentaikhoan, matkhau, gioitinh, sodienthoai, cccd, stk, luong, diemthuong, tinhtrang, diachi, image) VALUES ('11', 'P03', 'Nhân viên', 'Nancy Garcia', 'abc345@gmail.com', 'nancyharcia', '12345', 'Nữ', '875423965', '210070478788', '875423', '54145', '368', '1', 'Pennsylvania', '11.png');
INSERT INTO Profile (empid, phongid, role, hoten, email, tentaikhoan, matkhau, gioitinh, sodienthoai, cccd, stk, luong, diemthuong, tinhtrang, diachi, image) VALUES ('12', 'P01', 'Nhân viên', 'Joel Thomas', 'abc456@gmail.com', 'joelthomas', '12345', 'Nam', '994545357', '131070424097', '994545', '63248', '752', '1', 'New York', '12.png');
INSERT INTO Profile (empid, phongid, role, hoten, email, tentaikhoan, matkhau, gioitinh, sodienthoai, cccd, stk, luong, diemthuong, tinhtrang, diachi, image) VALUES ('13', 'P02', 'Nhân viên', 'Alan Ruley', 'abc567@student.hcmus.edu.vn', 'alanruley', '12345', 'Nam', '995253220', '655195906385', '995253', '57445', '465', '1', 'California', '13.png');
INSERT INTO Profile (empid, phongid, role, hoten, email, tentaikhoan, matkhau, gioitinh, sodienthoai, cccd, stk, luong, diemthuong, tinhtrang, diachi, image) VALUES ('14', 'P03', 'Quản lý', 'Jose D. Skaggs', 'abc678@student.hcmus.edu.vn', 'josedskaggs', '12345', 'Nam', '786835685', '887510956872', '786835', '54778', '1258', '1', 'Arizona', '14.png');
INSERT INTO Profile (empid, phongid, role, hoten, email, tentaikhoan, matkhau, gioitinh, sodienthoai, cccd, stk, luong, diemthuong, tinhtrang, diachi, image) VALUES ('15', 'P02', 'Nhân viên', 'Richard L. Anderson', 'abc789@student.hcmus.edu.vn', 'richardlanderson', '12345', 'Nam', '753874537', '945461160495', '753874', '68548', '912', '1', 'Arizona', '15.png');


-- Check_inout
INSERT INTO Check_inout (stt, empid, date_checkin, time_checkin, time_checkout, overtime, late, workfromhome, nghi) VALUES ('1', '4', '2024-08-20 00:00:00', '07:29:01', '17:32:51', '0', '0', '0', '0');
INSERT INTO Check_inout (stt, empid, date_checkin, time_checkin, time_checkout, overtime, late, workfromhome, nghi) VALUES ('2', '13', '2024-08-18 00:00:00', '06:46:29', '18:24:25', '1', '0', '0', '0');
INSERT INTO Check_inout (stt, empid, date_checkin, time_checkin, time_checkout, overtime, late, workfromhome, nghi) VALUES ('3', '13', '2024-08-13 00:00:00', '06:31:35', '18:42:34', '1', '0', '0', '0');
INSERT INTO Check_inout (stt, empid, date_checkin, time_checkin, time_checkout, overtime, late, workfromhome, nghi) VALUES ('4', '15', '2024-07-23 00:00:00', '06:00:21', '18:26:14', '1', '0', '0', '0');
INSERT INTO Check_inout (stt, empid, date_checkin, time_checkin, time_checkout, overtime, late, workfromhome, nghi) VALUES ('5', '8', '2024-08-27 00:00:00', '07:28:04', '17:21:47', '0', '0', '0', '0');
INSERT INTO Check_inout (stt, empid, date_checkin, time_checkin, time_checkout, overtime, late, workfromhome, nghi) VALUES ('6', '8', '2024-07-03 00:00:00', '06:48:18', '16:08:19', '0', '0', '0', '0');
INSERT INTO Check_inout (stt, empid, date_checkin, time_checkin, time_checkout, overtime, late, workfromhome, nghi) VALUES ('7', '7', '2024-08-21 00:00:00', '07:44:13', '17:09:04', '0', '0', '0', '0');
INSERT INTO Check_inout (stt, empid, date_checkin, time_checkin, time_checkout, overtime, late, workfromhome, nghi) VALUES ('8', '1', '2024-07-30 00:00:00', '07:09:33', '17:39:52', '0', '0', '0', '0');
INSERT INTO Check_inout (stt, empid, date_checkin, time_checkin, time_checkout, overtime, late, workfromhome, nghi) VALUES ('9', '6', '2024-07-21 00:00:00', '06:00:37', '17:46:00', '0', '0', '0', '0');
INSERT INTO Check_inout (stt, empid, date_checkin, time_checkin, time_checkout, overtime, late, workfromhome, nghi) VALUES ('10', '2', '2024-08-20 00:00:00', '07:41:11', '16:31:52', '0', '0', '0', '0');
INSERT INTO Check_inout (stt, empid, date_checkin, time_checkin, time_checkout, overtime, late, workfromhome, nghi) VALUES ('11', '6', '2024-08-16 00:00:00', '06:15:38', '18:06:14', '1', '0', '0', '0');
INSERT INTO Check_inout (stt, empid, date_checkin, overtime, late, workfromhome, nghi) VALUES ('12', '2', '2024-07-08 00:00:00', '0', '0', '0', '1');
INSERT INTO Check_inout (stt, empid, date_checkin, time_checkin, time_checkout, overtime, late, workfromhome, nghi) VALUES ('13', '2', '2024-07-08 00:00:00', '07:49:38', '18:33:05', '1', '1', '0', '0');
INSERT INTO Check_inout (stt, empid, date_checkin, time_checkin, time_checkout, overtime, late, workfromhome, nghi) VALUES ('14', '7', '2024-08-08 00:00:00', '06:47:34', '16:26:48', '0', '0', '0', '0');
INSERT INTO Check_inout (stt, empid, date_checkin, time_checkin, time_checkout, overtime, late, workfromhome, nghi) VALUES ('15', '15', '2024-07-04 00:00:00', '06:42:48', '17:26:11', '0', '0', '0', '0');
INSERT INTO Check_inout (stt, empid, date_checkin, time_checkin, time_checkout, overtime, late, workfromhome, nghi) VALUES ('16', '14', '2024-08-21 00:00:00', '07:21:58', '16:37:37', '0', '0', '0', '0');
INSERT INTO Check_inout (stt, empid, date_checkin, time_checkin, time_checkout, overtime, late, workfromhome, nghi) VALUES ('17', '12', '2024-08-08 00:00:00', '07:01:32', '17:40:47', '0', '0', '0', '0');
INSERT INTO Check_inout (stt, empid, date_checkin, time_checkin, time_checkout, overtime, late, workfromhome, nghi) VALUES ('18', '5', '2024-08-16 00:00:00', '07:12:14', '18:36:35', '1', '0', '0', '0');
INSERT INTO Check_inout (stt, empid, date_checkin, time_checkin, time_checkout, overtime, late, workfromhome, nghi) VALUES ('19', '4', '2024-07-21 00:00:00', '06:11:36', '16:43:49', '0', '0', '0', '0');
INSERT INTO Check_inout (stt, empid, date_checkin, time_checkin, time_checkout, overtime, late, workfromhome, nghi) VALUES ('20', '12', '2024-08-03 00:00:00', '07:18:22', '17:58:56', '0', '0', '0', '0');
INSERT INTO Check_inout (stt, empid, date_checkin, time_checkin, time_checkout, overtime, late, workfromhome, nghi) VALUES ('21', '11', '2024-07-12 00:00:00', '06:26:41', '17:19:16', '0', '0', '0', '0');
INSERT INTO Check_inout (stt, empid, date_checkin, time_checkin, time_checkout, overtime, late, workfromhome, nghi) VALUES ('22', '11', '2024-07-31 00:00:00', '06:11:39', '17:45:01', '0', '0', '0', '0');
INSERT INTO Check_inout (stt, empid, date_checkin, time_checkin, time_checkout, overtime, late, workfromhome, nghi) VALUES ('23', '12', '2024-07-13 00:00:00', '06:03:56', '17:57:34', '0', '0', '0', '0');
INSERT INTO Check_inout (stt, empid, date_checkin, time_checkin, time_checkout, overtime, late, workfromhome, nghi) VALUES ('24', '5', '2024-08-17 00:00:00', '07:18:17', '17:08:54', '0', '0', '0', '0');
INSERT INTO Check_inout (stt, empid, date_checkin, time_checkin, time_checkout, overtime, late, workfromhome, nghi) VALUES ('25', '11', '2024-08-28 00:00:00', '06:55:20', '17:34:35', '0', '0', '0', '0');
INSERT INTO Check_inout (stt, empid, date_checkin, time_checkin, time_checkout, overtime, late, workfromhome, nghi) VALUES ('26', '14', '2024-08-07 00:00:00', '07:01:52', '18:34:11', '1', '0', '0', '0');
INSERT INTO Check_inout (stt, empid, date_checkin, time_checkin, time_checkout, overtime, late, workfromhome, nghi) VALUES ('27', '4', '2024-08-17 00:00:00', '07:15:08', '16:04:01', '0', '0', '0', '0');
INSERT INTO Check_inout (stt, empid, date_checkin, time_checkin, time_checkout, overtime, late, workfromhome, nghi) VALUES ('28', '9', '2024-08-31 00:00:00', '07:58:31', '17:02:05', '0', '1', '0', '0');
INSERT INTO Check_inout (stt, empid, date_checkin, time_checkin, time_checkout, overtime, late, workfromhome, nghi) VALUES ('29', '5', '2024-07-01 00:00:00', '07:03:21', '18:29:08', '1', '0', '0', '0');
INSERT INTO Check_inout (stt, empid, date_checkin, time_checkin, time_checkout, overtime, late, workfromhome, nghi) VALUES ('30', '14', '2024-08-13 00:00:00', '07:36:32', '18:02:56', '1', '0', '0', '0');
INSERT INTO Check_inout (stt, empid, date_checkin, time_checkin, time_checkout, overtime, late, workfromhome, nghi) VALUES ('31', '14', '2024-07-11 00:00:00', '06:47:38', '18:19:55', '1', '0', '0', '0');
INSERT INTO Check_inout (stt, empid, date_checkin, time_checkin, time_checkout, overtime, late, workfromhome, nghi) VALUES ('32', '5', '2024-08-06 00:00:00', '06:50:35', '17:23:30', '0', '0', '0', '0');
INSERT INTO Check_inout (stt, empid, date_checkin, time_checkin, time_checkout, overtime, late, workfromhome, nghi) VALUES ('33', '13', '2024-07-14 00:00:00', '07:18:42', '18:18:46', '1', '0', '0', '0');
INSERT INTO Check_inout (stt, empid, date_checkin, time_checkin, time_checkout, overtime, late, workfromhome, nghi) VALUES ('34', '15', '2024-07-02 00:00:00', '07:12:12', '17:02:40', '0', '0', '0', '0');
INSERT INTO Check_inout (stt, empid, date_checkin, time_checkin, time_checkout, overtime, late, workfromhome, nghi) VALUES ('35', '2', '2024-07-03 00:00:00', '06:45:50', '17:17:07', '0', '0', '0', '0');
INSERT INTO Check_inout (stt, empid, date_checkin, time_checkin, time_checkout, overtime, late, workfromhome, nghi) VALUES ('36', '12', '2024-07-18 00:00:00', '07:54:03', '16:34:16', '0', '1', '0', '0');
INSERT INTO Check_inout (stt, empid, date_checkin, time_checkin, time_checkout, overtime, late, workfromhome, nghi) VALUES ('37', '8', '2024-07-03 00:00:00', '06:10:28', '17:12:06', '0', '0', '0', '0');
INSERT INTO Check_inout (stt, empid, date_checkin, time_checkin, time_checkout, overtime, late, workfromhome, nghi) VALUES ('38', '6', '2024-07-27 00:00:00', '07:25:03', '18:59:39', '1', '0', '0', '0');
INSERT INTO Check_inout (stt, empid, date_checkin, time_checkin, time_checkout, overtime, late, workfromhome, nghi) VALUES ('39', '1', '2024-08-02 00:00:00', '07:29:06', '16:02:43', '0', '0', '0', '0');
INSERT INTO Check_inout (stt, empid, date_checkin, time_checkin, time_checkout, overtime, late, workfromhome, nghi) VALUES ('40', '5', '2024-08-21 00:00:00', '06:49:01', '18:00:41', '1', '0', '0', '0');
INSERT INTO Check_inout (stt, empid, date_checkin, time_checkin, time_checkout, overtime, late, workfromhome, nghi) VALUES ('41', '11', '2024-08-26 00:00:00', '06:26:50', '17:07:52', '0', '0', '0', '0');
INSERT INTO Check_inout (stt, empid, date_checkin, time_checkin, time_checkout, overtime, late, workfromhome, nghi) VALUES ('42', '9', '2024-07-15 00:00:00', '07:15:10', '16:54:26', '0', '0', '0', '0');
INSERT INTO Check_inout (stt, empid, date_checkin, time_checkin, time_checkout, overtime, late, workfromhome, nghi) VALUES ('43', '2', '2024-07-21 00:00:00', '07:27:03', '18:13:57', '1', '0', '0', '0');
INSERT INTO Check_inout (stt, empid, date_checkin, time_checkin, time_checkout, overtime, late, workfromhome, nghi) VALUES ('44', '6', '2024-08-18 00:00:00', '06:41:42', '18:09:40', '1', '0', '0', '0');
INSERT INTO Check_inout (stt, empid, date_checkin, time_checkin, time_checkout, overtime, late, workfromhome, nghi) VALUES ('45', '8', '2024-07-23 00:00:00', '06:46:16', '17:38:09', '0', '0', '0', '0');
INSERT INTO Check_inout (stt, empid, date_checkin, time_checkin, time_checkout, overtime, late, workfromhome, nghi) VALUES ('46', '1', '2024-08-13 00:00:00', '07:10:05', '16:37:55', '0', '0', '0', '0');
INSERT INTO Check_inout (stt, empid, date_checkin, time_checkin, time_checkout, overtime, late, workfromhome, nghi) VALUES ('47', '1', '2024-07-14 00:00:00', '06:20:35', '18:10:16', '1', '0', '0', '0');
INSERT INTO Check_inout (stt, empid, date_checkin, time_checkin, time_checkout, overtime, late, workfromhome, nghi) VALUES ('48', '11', '2024-07-15 00:00:00', '06:28:16', '18:43:46', '1', '0', '0', '0');
INSERT INTO Check_inout (stt, empid, date_checkin, overtime, late, workfromhome, nghi) VALUES ('49', '8', '2024-08-09 00:00:00', '0', '0', '1', '0');
INSERT INTO Check_inout (stt, empid, date_checkin, time_checkin, time_checkout, overtime, late, workfromhome, nghi) VALUES ('50', '6', '2024-07-16 00:00:00', '06:58:18', '17:40:45', '0', '0', '0', '0');
INSERT INTO Check_inout (stt, empid, date_checkin, time_checkin, time_checkout, overtime, late, workfromhome, nghi) VALUES ('51', '13', '2024-08-02 00:00:00', '07:06:35', '16:49:36', '0', '0', '0', '0');
INSERT INTO Check_inout (stt, empid, date_checkin, time_checkin, time_checkout, overtime, late, workfromhome, nghi) VALUES ('52', '1', '2024-08-20 00:00:00', '07:19:03', '18:18:27', '1', '0', '0', '0');
INSERT INTO Check_inout (stt, empid, date_checkin, time_checkin, time_checkout, overtime, late, workfromhome, nghi) VALUES ('53', '7', '2024-07-16 00:00:00', '06:00:21', '17:52:48', '0', '0', '0', '0');
INSERT INTO Check_inout (stt, empid, date_checkin, time_checkin, time_checkout, overtime, late, workfromhome, nghi) VALUES ('54', '1', '2024-07-19 00:00:00', '07:26:16', '16:38:43', '0', '0', '0', '0');
INSERT INTO Check_inout (stt, empid, date_checkin, time_checkin, time_checkout, overtime, late, workfromhome, nghi) VALUES ('55', '15', '2024-07-05 00:00:00', '06:11:24', '16:53:37', '0', '0', '0', '0');
INSERT INTO Check_inout (stt, empid, date_checkin, time_checkin, time_checkout, overtime, late, workfromhome, nghi) VALUES ('56', '1', '2024-07-12 00:00:00', '07:44:27', '17:30:32', '0', '0', '0', '0');
INSERT INTO Check_inout (stt, empid, date_checkin, time_checkin, time_checkout, overtime, late, workfromhome, nghi) VALUES ('57', '15', '2024-07-23 00:00:00', '07:38:28', '18:03:08', '1', '0', '0', '0');
INSERT INTO Check_inout (stt, empid, date_checkin, time_checkin, time_checkout, overtime, late, workfromhome, nghi) VALUES ('58', '11', '2024-07-11 00:00:00', '07:39:32', '17:29:37', '0', '0', '0', '0');
INSERT INTO Check_inout (stt, empid, date_checkin, time_checkin, time_checkout, overtime, late, workfromhome, nghi) VALUES ('59', '9', '2024-07-07 00:00:00', '07:40:04', '17:38:30', '0', '0', '0', '0');
INSERT INTO Check_inout (stt, empid, date_checkin, time_checkin, time_checkout, overtime, late, workfromhome, nghi) VALUES ('60', '4', '2024-07-17 00:00:00', '07:27:51', '17:52:21', '0', '0', '0', '0');
INSERT INTO Check_inout (stt, empid, date_checkin, time_checkin, time_checkout, overtime, late, workfromhome, nghi) VALUES ('61', '5', '2024-07-01 00:00:00', '06:50:38', '17:20:24', '0', '0', '0', '0');
INSERT INTO Check_inout (stt, empid, date_checkin, time_checkin, time_checkout, overtime, late, workfromhome, nghi) VALUES ('62', '15', '2024-08-09 00:00:00', '07:18:26', '18:39:09', '1', '0', '0', '0');
INSERT INTO Check_inout (stt, empid, date_checkin, time_checkin, time_checkout, overtime, late, workfromhome, nghi) VALUES ('63', '1', '2024-07-28 00:00:00', '07:22:35', '17:31:36', '0', '0', '0', '0');
INSERT INTO Check_inout (stt, empid, date_checkin, time_checkin, time_checkout, overtime, late, workfromhome, nghi) VALUES ('64', '15', '2024-07-30 00:00:00', '07:37:40', '17:49:24', '0', '0', '0', '0');
INSERT INTO Check_inout (stt, empid, date_checkin, time_checkin, time_checkout, overtime, late, workfromhome, nghi) VALUES ('65', '2', '2024-07-13 00:00:00', '06:51:04', '18:29:18', '1', '0', '0', '0');
INSERT INTO Check_inout (stt, empid, date_checkin, time_checkin, time_checkout, overtime, late, workfromhome, nghi) VALUES ('66', '7', '2024-07-31 00:00:00', '07:13:42', '17:03:17', '0', '0', '0', '0');
INSERT INTO Check_inout (stt, empid, date_checkin, time_checkin, time_checkout, overtime, late, workfromhome, nghi) VALUES ('67', '2', '2024-07-10 00:00:00', '06:48:33', '18:12:15', '1', '0', '0', '0');
INSERT INTO Check_inout (stt, empid, date_checkin, time_checkin, time_checkout, overtime, late, workfromhome, nghi) VALUES ('68', '12', '2024-07-12 00:00:00', '06:22:17', '19:00:00', '1', '0', '0', '0');
INSERT INTO Check_inout (stt, empid, date_checkin, time_checkin, time_checkout, overtime, late, workfromhome, nghi) VALUES ('69', '2', '2024-07-29 00:00:00', '07:52:06', '16:33:17', '0', '1', '0', '0');
INSERT INTO Check_inout (stt, empid, date_checkin, time_checkin, time_checkout, overtime, late, workfromhome, nghi) VALUES ('70', '8', '2024-08-22 00:00:00', '07:04:34', '16:52:06', '0', '0', '0', '0');
INSERT INTO Check_inout (stt, empid, date_checkin, time_checkin, time_checkout, overtime, late, workfromhome, nghi) VALUES ('71', '1', '2024-08-24 00:00:00', '06:02:53', '16:24:52', '0', '0', '0', '0');
INSERT INTO Check_inout (stt, empid, date_checkin, time_checkin, time_checkout, overtime, late, workfromhome, nghi) VALUES ('72', '2', '2024-08-14 00:00:00', '06:25:58', '17:15:53', '0', '0', '0', '0');
INSERT INTO Check_inout (stt, empid, date_checkin, time_checkin, time_checkout, overtime, late, workfromhome, nghi) VALUES ('73', '8', '2024-07-26 00:00:00', '06:56:36', '17:59:31', '0', '0', '0', '0');
INSERT INTO Check_inout (stt, empid, date_checkin, time_checkin, time_checkout, overtime, late, workfromhome, nghi) VALUES ('74', '13', '2024-08-08 00:00:00', '07:04:04', '17:46:14', '0', '0', '0', '0');
INSERT INTO Check_inout (stt, empid, date_checkin, time_checkin, time_checkout, overtime, late, workfromhome, nghi) VALUES ('75', '4', '2024-07-18 00:00:00', '07:52:26', '18:17:13', '1', '1', '0', '0');
INSERT INTO Check_inout (stt, empid, date_checkin, time_checkin, time_checkout, overtime, late, workfromhome, nghi) VALUES ('76', '7', '2024-07-09 00:00:00', '07:02:31', '17:39:26', '0', '0', '0', '0');
INSERT INTO Check_inout (stt, empid, date_checkin, time_checkin, time_checkout, overtime, late, workfromhome, nghi) VALUES ('77', '13', '2024-07-25 00:00:00', '06:06:47', '16:09:55', '0', '0', '0', '0');
INSERT INTO Check_inout (stt, empid, date_checkin, time_checkin, time_checkout, overtime, late, workfromhome, nghi) VALUES ('78', '11', '2024-07-05 00:00:00', '06:21:30', '17:11:32', '0', '0', '0', '0');
INSERT INTO Check_inout (stt, empid, date_checkin, time_checkin, time_checkout, overtime, late, workfromhome, nghi) VALUES ('79', '12', '2024-08-03 00:00:00', '07:43:19', '18:52:16', '1', '0', '0', '0');
INSERT INTO Check_inout (stt, empid, date_checkin, time_checkin, time_checkout, overtime, late, workfromhome, nghi) VALUES ('80', '8', '2024-08-02 00:00:00', '06:06:03', '17:29:20', '0', '0', '0', '0');
INSERT INTO Check_inout (stt, empid, date_checkin, time_checkin, time_checkout, overtime, late, workfromhome, nghi) VALUES ('81', '6', '2024-08-13 00:00:00', '07:57:08', '17:02:25', '0', '1', '0', '0');
INSERT INTO Check_inout (stt, empid, date_checkin, time_checkin, time_checkout, overtime, late, workfromhome, nghi) VALUES ('82', '6', '2024-07-05 00:00:00', '07:01:25', '18:59:32', '1', '0', '0', '0');
INSERT INTO Check_inout (stt, empid, date_checkin, time_checkin, time_checkout, overtime, late, workfromhome, nghi) VALUES ('83', '2', '2024-07-25 00:00:00', '06:12:43', '18:13:15', '1', '0', '0', '0');
INSERT INTO Check_inout (stt, empid, date_checkin, time_checkin, time_checkout, overtime, late, workfromhome, nghi) VALUES ('84', '15', '2024-07-10 00:00:00', '06:23:48', '18:40:18', '1', '0', '0', '0');
INSERT INTO Check_inout (stt, empid, date_checkin, time_checkin, time_checkout, overtime, late, workfromhome, nghi) VALUES ('85', '7', '2024-08-09 00:00:00', '06:14:13', '16:29:43', '0', '0', '0', '0');
INSERT INTO Check_inout (stt, empid, date_checkin, time_checkin, time_checkout, overtime, late, workfromhome, nghi) VALUES ('86', '11', '2024-07-05 00:00:00', '06:10:52', '17:31:28', '0', '0', '0', '0');
INSERT INTO Check_inout (stt, empid, date_checkin, time_checkin, time_checkout, overtime, late, workfromhome, nghi) VALUES ('87', '1', '2024-07-14 00:00:00', '06:36:04', '17:03:37', '0', '0', '0', '0');
INSERT INTO Check_inout (stt, empid, date_checkin, time_checkin, time_checkout, overtime, late, workfromhome, nghi) VALUES ('88', '2', '2024-07-29 00:00:00', '07:26:06', '18:14:33', '1', '0', '0', '0');
INSERT INTO Check_inout (stt, empid, date_checkin, time_checkin, time_checkout, overtime, late, workfromhome, nghi) VALUES ('89', '15', '2024-07-07 00:00:00', '06:36:46', '16:10:25', '0', '0', '0', '0');
INSERT INTO Check_inout (stt, empid, date_checkin, time_checkin, time_checkout, overtime, late, workfromhome, nghi) VALUES ('90', '8', '2024-07-13 00:00:00', '07:24:09', '17:02:59', '0', '0', '0', '0');
INSERT INTO Check_inout (stt, empid, date_checkin, time_checkin, time_checkout, overtime, late, workfromhome, nghi) VALUES ('91', '4', '2024-07-20 00:00:00', '06:42:21', '18:00:20', '1', '0', '0', '0');
INSERT INTO Check_inout (stt, empid, date_checkin, time_checkin, time_checkout, overtime, late, workfromhome, nghi) VALUES ('92', '15', '2024-08-23 00:00:00', '06:21:58', '16:52:24', '0', '0', '0', '0');
INSERT INTO Check_inout (stt, empid, date_checkin, time_checkin, time_checkout, overtime, late, workfromhome, nghi) VALUES ('93', '15', '2024-08-18 00:00:00', '07:51:20', '16:57:46', '0', '1', '0', '0');
INSERT INTO Check_inout (stt, empid, date_checkin, time_checkin, time_checkout, overtime, late, workfromhome, nghi) VALUES ('94', '9', '2024-07-29 00:00:00', '06:13:51', '18:52:26', '1', '0', '0', '0');
INSERT INTO Check_inout (stt, empid, date_checkin, time_checkin, time_checkout, overtime, late, workfromhome, nghi) VALUES ('95', '5', '2024-08-03 00:00:00', '07:35:31', '16:28:08', '0', '0', '0', '0');
INSERT INTO Check_inout (stt, empid, date_checkin, time_checkin, time_checkout, overtime, late, workfromhome, nghi) VALUES ('96', '4', '2024-07-23 00:00:00', '07:26:19', '18:58:11', '1', '0', '0', '0');
INSERT INTO Check_inout (stt, empid, date_checkin, time_checkin, time_checkout, overtime, late, workfromhome, nghi) VALUES ('97', '2', '2024-07-10 00:00:00', '06:36:45', '18:04:13', '1', '0', '0', '0');
INSERT INTO Check_inout (stt, empid, date_checkin, time_checkin, time_checkout, overtime, late, workfromhome, nghi) VALUES ('98', '8', '2024-07-13 00:00:00', '07:21:59', '18:30:42', '1', '0', '0', '0');
INSERT INTO Check_inout (stt, empid, date_checkin, time_checkin, time_checkout, overtime, late, workfromhome, nghi) VALUES ('99', '5', '2024-08-26 00:00:00', '07:38:12', '17:44:42', '0', '0', '0', '0');
INSERT INTO Check_inout (stt, empid, date_checkin, time_checkin, time_checkout, overtime, late, workfromhome, nghi) VALUES ('100', '5', '2024-07-05 00:00:00', '07:25:26', '17:43:29', '0', '0', '0', '0');
INSERT INTO Check_inout (stt, empid, date_checkin, time_checkin, time_checkout, overtime, late, workfromhome, nghi) VALUES ('101', '13', '2024-08-18 00:00:00', '07:21:19', '18:16:52', '1', '0', '0', '0');
INSERT INTO Check_inout (stt, empid, date_checkin, time_checkin, time_checkout, overtime, late, workfromhome, nghi) VALUES ('102', '14', '2024-07-07 00:00:00', '06:52:10', '18:34:02', '1', '0', '0', '0');
INSERT INTO Check_inout (stt, empid, date_checkin, time_checkin, time_checkout, overtime, late, workfromhome, nghi) VALUES ('103', '14', '2024-07-11 00:00:00', '06:27:14', '17:22:27', '0', '0', '0', '0');
INSERT INTO Check_inout (stt, empid, date_checkin, time_checkin, time_checkout, overtime, late, workfromhome, nghi) VALUES ('104', '12', '2024-07-29 00:00:00', '06:32:40', '16:14:32', '0', '0', '0', '0');
INSERT INTO Check_inout (stt, empid, date_checkin, time_checkin, time_checkout, overtime, late, workfromhome, nghi) VALUES ('105', '15', '2024-08-24 00:00:00', '06:40:15', '17:18:18', '0', '0', '0', '0');
INSERT INTO Check_inout (stt, empid, date_checkin, time_checkin, time_checkout, overtime, late, workfromhome, nghi) VALUES ('106', '8', '2024-08-20 00:00:00', '07:36:18', '17:51:12', '0', '0', '0', '0');
INSERT INTO Check_inout (stt, empid, date_checkin, time_checkin, time_checkout, overtime, late, workfromhome, nghi) VALUES ('107', '14', '2024-08-15 00:00:00', '06:36:23', '17:41:07', '0', '0', '0', '0');
INSERT INTO Check_inout (stt, empid, date_checkin, time_checkin, time_checkout, overtime, late, workfromhome, nghi) VALUES ('108', '13', '2024-08-15 00:00:00', '06:34:28', '18:33:08', '1', '0', '0', '0');
INSERT INTO Check_inout (stt, empid, date_checkin, time_checkin, time_checkout, overtime, late, workfromhome, nghi) VALUES ('109', '1', '2024-08-15 00:00:00', '07:00:35', '16:10:12', '0', '0', '0', '0');
INSERT INTO Check_inout (stt, empid, date_checkin, time_checkin, time_checkout, overtime, late, workfromhome, nghi) VALUES ('110', '8', '2024-08-15 00:00:00', '06:03:38', '18:36:44', '1', '0', '0', '0');
INSERT INTO Check_inout (stt, empid, date_checkin, time_checkin, time_checkout, overtime, late, workfromhome, nghi) VALUES ('111', '15', '2024-07-01 00:00:00', '06:02:10', '17:27:29', '0', '0', '0', '0');
INSERT INTO Check_inout (stt, empid, date_checkin, time_checkin, time_checkout, overtime, late, workfromhome, nghi) VALUES ('112', '14', '2024-07-25 00:00:00', '07:59:17', '16:00:42', '0', '1', '0', '0');
INSERT INTO Check_inout (stt, empid, date_checkin, time_checkin, time_checkout, overtime, late, workfromhome, nghi) VALUES ('113', '5', '2024-07-09 00:00:00', '07:31:12', '16:22:46', '0', '0', '0', '0');
INSERT INTO Check_inout (stt, empid, date_checkin, time_checkin, time_checkout, overtime, late, workfromhome, nghi) VALUES ('114', '14', '2024-07-09 00:00:00', '07:40:25', '16:28:12', '0', '0', '0', '0');
INSERT INTO Check_inout (stt, empid, date_checkin, time_checkin, time_checkout, overtime, late, workfromhome, nghi) VALUES ('115', '1', '2024-07-12 00:00:00', '06:42:05', '16:52:57', '0', '0', '0', '0');
INSERT INTO Check_inout (stt, empid, date_checkin, time_checkin, time_checkout, overtime, late, workfromhome, nghi) VALUES ('116', '15', '2024-07-20 00:00:00', '06:18:02', '16:15:11', '0', '0', '0', '0');
INSERT INTO Check_inout (stt, empid, date_checkin, time_checkin, time_checkout, overtime, late, workfromhome, nghi) VALUES ('117', '11', '2024-08-09 00:00:00', '06:42:50', '18:02:23', '1', '0', '0', '0');
INSERT INTO Check_inout (stt, empid, date_checkin, time_checkin, time_checkout, overtime, late, workfromhome, nghi) VALUES ('118', '1', '2024-08-08 00:00:00', '07:50:09', '17:01:47', '0', '1', '0', '0');
INSERT INTO Check_inout (stt, empid, date_checkin, time_checkin, time_checkout, overtime, late, workfromhome, nghi) VALUES ('119', '4', '2024-08-02 00:00:00', '07:02:39', '18:28:26', '1', '0', '0', '0');
INSERT INTO Check_inout (stt, empid, date_checkin, time_checkin, time_checkout, overtime, late, workfromhome, nghi) VALUES ('120', '1', '2024-07-14 00:00:00', '06:04:42', '17:25:36', '0', '0', '0', '0');
INSERT INTO Check_inout (stt, empid, date_checkin, time_checkin, time_checkout, overtime, late, workfromhome, nghi) VALUES ('121', '14', '2024-07-02 00:00:00', '07:21:05', '17:21:39', '0', '0', '0', '0');
INSERT INTO Check_inout (stt, empid, date_checkin, time_checkin, time_checkout, overtime, late, workfromhome, nghi) VALUES ('122', '4', '2024-07-13 00:00:00', '06:52:11', '16:43:03', '0', '0', '0', '0');
INSERT INTO Check_inout (stt, empid, date_checkin, time_checkin, time_checkout, overtime, late, workfromhome, nghi) VALUES ('123', '10', '2024-08-04 00:00:00', '07:35:44', '16:16:40', '0', '0', '0', '0');
INSERT INTO Check_inout (stt, empid, date_checkin, time_checkin, time_checkout, overtime, late, workfromhome, nghi) VALUES ('124', '8', '2024-08-16 00:00:00', '07:28:37', '18:06:01', '1', '0', '0', '0');
INSERT INTO Check_inout (stt, empid, date_checkin, time_checkin, time_checkout, overtime, late, workfromhome, nghi) VALUES ('125', '4', '2024-07-04 00:00:00', '06:09:45', '18:51:34', '1', '0', '0', '0');
INSERT INTO Check_inout (stt, empid, date_checkin, time_checkin, time_checkout, overtime, late, workfromhome, nghi) VALUES ('126', '15', '2024-08-19 00:00:00', '07:25:54', '16:42:35', '0', '0', '0', '0');
INSERT INTO Check_inout (stt, empid, date_checkin, time_checkin, time_checkout, overtime, late, workfromhome, nghi) VALUES ('127', '9', '2024-08-28 00:00:00', '06:16:42', '17:36:41', '0', '0', '0', '0');
INSERT INTO Check_inout (stt, empid, date_checkin, time_checkin, time_checkout, overtime, late, workfromhome, nghi) VALUES ('128', '4', '2024-08-20 00:00:00', '06:38:04', '18:42:51', '1', '0', '0', '0');
INSERT INTO Check_inout (stt, empid, date_checkin, time_checkin, time_checkout, overtime, late, workfromhome, nghi) VALUES ('129', '8', '2024-08-03 00:00:00', '07:48:13', '17:13:30', '0', '1', '0', '0');
INSERT INTO Check_inout (stt, empid, date_checkin, time_checkin, time_checkout, overtime, late, workfromhome, nghi) VALUES ('130', '7', '2024-07-24 00:00:00', '06:02:27', '18:24:38', '1', '0', '0', '0');
INSERT INTO Check_inout (stt, empid, date_checkin, time_checkin, time_checkout, overtime, late, workfromhome, nghi) VALUES ('131', '14', '2024-08-22 00:00:00', '06:47:17', '17:42:24', '0', '0', '0', '0');
INSERT INTO Check_inout (stt, empid, date_checkin, time_checkin, time_checkout, overtime, late, workfromhome, nghi) VALUES ('132', '2', '2024-08-13 00:00:00', '07:45:40', '18:00:41', '1', '1', '0', '0');
INSERT INTO Check_inout (stt, empid, date_checkin, time_checkin, time_checkout, overtime, late, workfromhome, nghi) VALUES ('133', '2', '2024-08-21 00:00:00', '07:47:23', '17:10:54', '0', '1', '0', '0');
INSERT INTO Check_inout (stt, empid, date_checkin, time_checkin, time_checkout, overtime, late, workfromhome, nghi) VALUES ('134', '11', '2024-07-29 00:00:00', '06:44:05', '18:06:03', '1', '0', '0', '0');
INSERT INTO Check_inout (stt, empid, date_checkin, time_checkin, time_checkout, overtime, late, workfromhome, nghi) VALUES ('135', '5', '2024-08-16 00:00:00', '07:47:46', '18:58:08', '1', '1', '0', '0');
INSERT INTO Check_inout (stt, empid, date_checkin, time_checkin, time_checkout, overtime, late, workfromhome, nghi) VALUES ('136', '2', '2024-07-21 00:00:00', '07:20:00', '18:22:14', '1', '0', '0', '0');
INSERT INTO Check_inout (stt, empid, date_checkin, time_checkin, time_checkout, overtime, late, workfromhome, nghi) VALUES ('137', '11', '2024-08-16 00:00:00', '07:03:33', '17:44:17', '0', '0', '0', '0');
INSERT INTO Check_inout (stt, empid, date_checkin, time_checkin, time_checkout, overtime, late, workfromhome, nghi) VALUES ('138', '14', '2024-08-17 00:00:00', '06:11:58', '18:58:00', '1', '0', '0', '0');
INSERT INTO Check_inout (stt, empid, date_checkin, time_checkin, time_checkout, overtime, late, workfromhome, nghi) VALUES ('139', '2', '2024-08-17 00:00:00', '06:40:28', '17:07:12', '0', '0', '0', '0');
INSERT INTO Check_inout (stt, empid, date_checkin, time_checkin, time_checkout, overtime, late, workfromhome, nghi) VALUES ('140', '7', '2024-08-13 00:00:00', '07:28:07', '18:24:27', '1', '0', '0', '0');
INSERT INTO Check_inout (stt, empid, date_checkin, time_checkin, time_checkout, overtime, late, workfromhome, nghi) VALUES ('141', '5', '2024-07-20 00:00:00', '07:17:22', '18:01:54', '1', '0', '0', '0');
INSERT INTO Check_inout (stt, empid, date_checkin, time_checkin, time_checkout, overtime, late, workfromhome, nghi) VALUES ('142', '4', '2024-07-17 00:00:00', '06:09:56', '16:47:27', '0', '0', '0', '0');
INSERT INTO Check_inout (stt, empid, date_checkin, time_checkin, time_checkout, overtime, late, workfromhome, nghi) VALUES ('143', '10', '2024-08-23 00:00:00', '06:56:07', '17:16:54', '0', '0', '0', '0');
INSERT INTO Check_inout (stt, empid, date_checkin, time_checkin, time_checkout, overtime, late, workfromhome, nghi) VALUES ('144', '9', '2024-08-07 00:00:00', '06:14:06', '18:39:23', '1', '0', '0', '0');
INSERT INTO Check_inout (stt, empid, date_checkin, time_checkin, time_checkout, overtime, late, workfromhome, nghi) VALUES ('145', '4', '2024-07-02 00:00:00', '07:07:15', '16:28:14', '0', '0', '0', '0');
INSERT INTO Check_inout (stt, empid, date_checkin, time_checkin, time_checkout, overtime, late, workfromhome, nghi) VALUES ('146', '10', '2024-07-08 00:00:00', '06:19:53', '16:07:41', '0', '0', '0', '0');
INSERT INTO Check_inout (stt, empid, date_checkin, time_checkin, time_checkout, overtime, late, workfromhome, nghi) VALUES ('147', '2', '2024-08-02 00:00:00', '07:38:16', '18:02:46', '1', '0', '0', '0');
INSERT INTO Check_inout (stt, empid, date_checkin, time_checkin, time_checkout, overtime, late, workfromhome, nghi) VALUES ('148', '8', '2024-07-24 00:00:00', '07:26:15', '16:31:57', '0', '0', '0', '0');
INSERT INTO Check_inout (stt, empid, date_checkin, time_checkin, time_checkout, overtime, late, workfromhome, nghi) VALUES ('149', '6', '2024-08-22 00:00:00', '07:02:27', '18:07:44', '1', '0', '0', '0');
INSERT INTO Check_inout (stt, empid, date_checkin, time_checkin, time_checkout, overtime, late, workfromhome, nghi) VALUES ('150', '12', '2024-08-14 00:00:00', '07:37:54', '18:47:25', '1', '0', '0', '0');
INSERT INTO Check_inout (stt, empid, date_checkin, time_checkin, time_checkout, overtime, late, workfromhome, nghi) VALUES ('151', '4', '2024-07-24 00:00:00', '07:39:14', '17:48:33', '0', '0', '0', '0');
INSERT INTO Check_inout (stt, empid, date_checkin, time_checkin, time_checkout, overtime, late, workfromhome, nghi) VALUES ('152', '14', '2024-08-15 00:00:00', '07:14:29', '18:08:36', '1', '0', '0', '0');
INSERT INTO Check_inout (stt, empid, date_checkin, time_checkin, time_checkout, overtime, late, workfromhome, nghi) VALUES ('153', '15', '2024-07-14 00:00:00', '06:50:16', '18:16:52', '1', '0', '0', '0');
INSERT INTO Check_inout (stt, empid, date_checkin, time_checkin, time_checkout, overtime, late, workfromhome, nghi) VALUES ('154', '4', '2024-08-27 00:00:00', '07:16:48', '18:56:41', '1', '0', '0', '0');
INSERT INTO Check_inout (stt, empid, date_checkin, time_checkin, time_checkout, overtime, late, workfromhome, nghi) VALUES ('155', '9', '2024-07-27 00:00:00', '07:51:55', '17:03:57', '0', '1', '0', '0');
INSERT INTO Check_inout (stt, empid, date_checkin, time_checkin, time_checkout, overtime, late, workfromhome, nghi) VALUES ('156', '6', '2024-08-31 00:00:00', '07:53:34', '18:51:08', '1', '1', '0', '0');
INSERT INTO Check_inout (stt, empid, date_checkin, time_checkin, time_checkout, overtime, late, workfromhome, nghi) VALUES ('157', '4', '2024-07-23 00:00:00', '06:15:14', '17:39:22', '0', '0', '0', '0');
INSERT INTO Check_inout (stt, empid, date_checkin, time_checkin, time_checkout, overtime, late, workfromhome, nghi) VALUES ('158', '4', '2024-07-02 00:00:00', '07:41:10', '18:04:22', '1', '0', '0', '0');
INSERT INTO Check_inout (stt, empid, date_checkin, time_checkin, time_checkout, overtime, late, workfromhome, nghi) VALUES ('159', '9', '2024-08-11 00:00:00', '06:07:07', '16:01:59', '0', '0', '0', '0');
INSERT INTO Check_inout (stt, empid, date_checkin, time_checkin, time_checkout, overtime, late, workfromhome, nghi) VALUES ('160', '7', '2024-07-12 00:00:00', '07:44:38', '16:48:23', '0', '0', '0', '0');
INSERT INTO Check_inout (stt, empid, date_checkin, time_checkin, time_checkout, overtime, late, workfromhome, nghi) VALUES ('161', '9', '2024-08-19 00:00:00', '06:45:11', '17:21:38', '0', '0', '0', '0');
INSERT INTO Check_inout (stt, empid, date_checkin, time_checkin, time_checkout, overtime, late, workfromhome, nghi) VALUES ('162', '7', '2024-08-17 00:00:00', '07:05:11', '16:26:58', '0', '0', '0', '0');
INSERT INTO Check_inout (stt, empid, date_checkin, time_checkin, time_checkout, overtime, late, workfromhome, nghi) VALUES ('163', '6', '2024-07-19 00:00:00', '07:04:46', '18:50:04', '1', '0', '0', '0');
INSERT INTO Check_inout (stt, empid, date_checkin, time_checkin, time_checkout, overtime, late, workfromhome, nghi) VALUES ('164', '15', '2024-08-17 00:00:00', '07:49:06', '18:54:10', '1', '1', '0', '0');
INSERT INTO Check_inout (stt, empid, date_checkin, time_checkin, time_checkout, overtime, late, workfromhome, nghi) VALUES ('165', '13', '2024-07-26 00:00:00', '06:09:36', '16:32:25', '0', '0', '0', '0');
INSERT INTO Check_inout (stt, empid, date_checkin, time_checkin, time_checkout, overtime, late, workfromhome, nghi) VALUES ('166', '10', '2024-08-23 00:00:00', '06:31:26', '16:41:05', '0', '0', '0', '0');
INSERT INTO Check_inout (stt, empid, date_checkin, time_checkin, time_checkout, overtime, late, workfromhome, nghi) VALUES ('167', '14', '2024-07-26 00:00:00', '06:00:09', '17:34:15', '0', '0', '0', '0');
INSERT INTO Check_inout (stt, empid, date_checkin, time_checkin, time_checkout, overtime, late, workfromhome, nghi) VALUES ('168', '8', '2024-07-04 00:00:00', '06:13:12', '18:54:52', '1', '0', '0', '0');
INSERT INTO Check_inout (stt, empid, date_checkin, time_checkin, time_checkout, overtime, late, workfromhome, nghi) VALUES ('169', '13', '2024-07-13 00:00:00', '06:20:30', '17:40:40', '0', '0', '0', '0');
INSERT INTO Check_inout (stt, empid, date_checkin, time_checkin, time_checkout, overtime, late, workfromhome, nghi) VALUES ('170', '5', '2024-08-24 00:00:00', '07:40:29', '16:13:03', '0', '0', '0', '0');
INSERT INTO Check_inout (stt, empid, date_checkin, time_checkin, time_checkout, overtime, late, workfromhome, nghi) VALUES ('171', '6', '2024-08-28 00:00:00', '07:52:48', '18:55:26', '1', '1', '0', '0');
INSERT INTO Check_inout (stt, empid, date_checkin, time_checkin, time_checkout, overtime, late, workfromhome, nghi) VALUES ('172', '11', '2024-08-22 00:00:00', '06:50:36', '18:42:55', '1', '0', '0', '0');
INSERT INTO Check_inout (stt, empid, date_checkin, time_checkin, time_checkout, overtime, late, workfromhome, nghi) VALUES ('173', '1', '2024-08-19 00:00:00', '07:03:56', '16:57:29', '0', '0', '0', '0');
INSERT INTO Check_inout (stt, empid, date_checkin, time_checkin, time_checkout, overtime, late, workfromhome, nghi) VALUES ('174', '13', '2024-07-10 00:00:00', '06:56:50', '18:28:51', '1', '0', '0', '0');
INSERT INTO Check_inout (stt, empid, date_checkin, time_checkin, time_checkout, overtime, late, workfromhome, nghi) VALUES ('175', '11', '2024-08-10 00:00:00', '07:25:17', '17:27:12', '0', '0', '0', '0');
INSERT INTO Check_inout (stt, empid, date_checkin, time_checkin, time_checkout, overtime, late, workfromhome, nghi) VALUES ('176', '1', '2024-08-05 00:00:00', '06:02:14', '16:42:08', '0', '0', '0', '0');
INSERT INTO Check_inout (stt, empid, date_checkin, time_checkin, time_checkout, overtime, late, workfromhome, nghi) VALUES ('177', '2', '2024-07-11 00:00:00', '06:42:32', '16:24:51', '0', '0', '0', '0');
INSERT INTO Check_inout (stt, empid, date_checkin, time_checkin, time_checkout, overtime, late, workfromhome, nghi) VALUES ('178', '10', '2024-08-24 00:00:00', '07:15:21', '16:43:47', '0', '0', '0', '0');
INSERT INTO Check_inout (stt, empid, date_checkin, time_checkin, time_checkout, overtime, late, workfromhome, nghi) VALUES ('179', '12', '2024-08-16 00:00:00', '06:53:36', '16:30:48', '0', '0', '0', '0');
INSERT INTO Check_inout (stt, empid, date_checkin, time_checkin, time_checkout, overtime, late, workfromhome, nghi) VALUES ('180', '5', '2024-08-30 00:00:00', '06:09:06', '18:40:56', '1', '0', '0', '0');
INSERT INTO Check_inout (stt, empid, date_checkin, time_checkin, time_checkout, overtime, late, workfromhome, nghi) VALUES ('181', '1', '2024-08-26 00:00:00', '06:35:13', '18:32:07', '1', '0', '0', '0');
INSERT INTO Check_inout (stt, empid, date_checkin, time_checkin, time_checkout, overtime, late, workfromhome, nghi) VALUES ('182', '14', '2024-08-04 00:00:00', '07:55:59', '18:17:40', '1', '1', '0', '0');
INSERT INTO Check_inout (stt, empid, date_checkin, time_checkin, time_checkout, overtime, late, workfromhome, nghi) VALUES ('183', '6', '2024-07-09 00:00:00', '07:58:08', '17:40:21', '0', '1', '0', '0');
INSERT INTO Check_inout (stt, empid, date_checkin, time_checkin, time_checkout, overtime, late, workfromhome, nghi) VALUES ('184', '14', '2024-08-11 00:00:00', '06:13:08', '16:35:16', '0', '0', '0', '0');
INSERT INTO Check_inout (stt, empid, date_checkin, time_checkin, time_checkout, overtime, late, workfromhome, nghi) VALUES ('185', '7', '2024-08-09 00:00:00', '06:19:13', '16:43:44', '0', '0', '0', '0');
INSERT INTO Check_inout (stt, empid, date_checkin, time_checkin, time_checkout, overtime, late, workfromhome, nghi) VALUES ('186', '6', '2024-08-20 00:00:00', '07:20:31', '18:14:19', '1', '0', '0', '0');
INSERT INTO Check_inout (stt, empid, date_checkin, time_checkin, time_checkout, overtime, late, workfromhome, nghi) VALUES ('187', '14', '2024-08-17 00:00:00', '06:25:28', '17:42:24', '0', '0', '0', '0');
INSERT INTO Check_inout (stt, empid, date_checkin, time_checkin, time_checkout, overtime, late, workfromhome, nghi) VALUES ('188', '11', '2024-07-03 00:00:00', '07:25:10', '18:29:24', '1', '0', '0', '0');
INSERT INTO Check_inout (stt, empid, date_checkin, time_checkin, time_checkout, overtime, late, workfromhome, nghi) VALUES ('189', '7', '2024-07-20 00:00:00', '06:53:40', '17:27:01', '0', '0', '0', '0');
INSERT INTO Check_inout (stt, empid, date_checkin, time_checkin, time_checkout, overtime, late, workfromhome, nghi) VALUES ('190', '4', '2024-08-07 00:00:00', '07:56:15', '18:06:05', '1', '1', '0', '0');
INSERT INTO Check_inout (stt, empid, date_checkin, time_checkin, time_checkout, overtime, late, workfromhome, nghi) VALUES ('191', '15', '2024-07-21 00:00:00', '06:47:01', '18:39:00', '1', '0', '0', '0');
INSERT INTO Check_inout (stt, empid, date_checkin, time_checkin, time_checkout, overtime, late, workfromhome, nghi) VALUES ('192', '10', '2024-07-27 00:00:00', '06:25:58', '17:24:44', '0', '0', '0', '0');
INSERT INTO Check_inout (stt, empid, date_checkin, time_checkin, time_checkout, overtime, late, workfromhome, nghi) VALUES ('193', '14', '2024-07-25 00:00:00', '07:50:05', '16:56:36', '0', '1', '0', '0');
INSERT INTO Check_inout (stt, empid, date_checkin, time_checkin, time_checkout, overtime, late, workfromhome, nghi) VALUES ('194', '5', '2024-07-01 00:00:00', '07:44:56', '18:33:35', '1', '0', '0', '0');
INSERT INTO Check_inout (stt, empid, date_checkin, time_checkin, time_checkout, overtime, late, workfromhome, nghi) VALUES ('195', '9', '2024-08-15 00:00:00', '07:48:17', '18:00:01', '1', '1', '0', '0');


-- update PhongBan
UPDATE PhongBan SET quanlyid = '2' WHERE phongid = 'P01';
UPDATE PhongBan SET quanlyid = '7' WHERE phongid = 'P02';
UPDATE PhongBan SET quanlyid = '14' WHERE phongid = 'P03';

INSERT INTO Project (projectid, ten, ngaygiao, hanchotdukien, hanchot, tiendo, sogiothuchanh, phongid, quanly, tinhtrang)
VALUES 
('1', 'Nghiên cứu PHP', '2024-08-20', '2024-06-10', '2024-08-15', '100%', 490, 'P01', 2, 'Đã hoàn thành'),
('2', 'Nghiên cứu API', '2024-08-18', '2024-10-18', '2024-10-20', '30%', 200, 'P02', 7, 'Chưa hoàn thành'),
('3', 'Nghiên cứu NoSQL', '2024-08-13', '2024-10-25', '2024-10-31', '40%', 210, 'P02', 7, 'Chưa hoàn thành'),
('4', 'Nghiên cứu ODI', '2024-07-23', '2024-09-23', '2024-09-20', '70%', 400, 'P03', 14, 'Chưa hoàn thành'),
('5', 'Thiết kế Web', '2024-08-27', '2024-11-27', '2024-11-20', '20%', 150, 'P01', 2, 'Chưa hoàn thành');

INSERT INTO Time_sheet (time_sheetid, projectid, empid, tenduan, nguoigui, phongban, trangthai, sogiothuchien, ngaygiao, hanchot, diemthuong, tre, noidung)
VALUES
(1, 3, 13, 'Nghiên cứu NoSQL', 'Alan Ruley', 'P02', 'Hoàn thành', 16, '2024-08-10', '2024-08-17', 10, 0, 'Giao diện'),
(2, 5, 4, 'Thiết kế Web', 'Tara Applewhite', 'P01', 'Hoàn thành', 21, '2024-08-03', '2024-08-10', 20, 0, 'Tìm hiểu'),
(3, 1, 6, 'Nghiên cứu PHP', 'Lucile Sexton', 'P01', 'Hoàn thành', 21, '2024-07-09', '2024-07-16', 10, 0, 'Làm web'),
(4, 1, 4, 'Nghiên cứu PHP', 'Tara Applewhite', 'P01', 'Hoàn thành', 24, '2024-06-27', '2024-07-04', 20, 0, 'Giao diện'),
(5, 4, 9, 'Nghiên cứu ODI', 'Jim Martin', 'P03', 'Hoàn thành', 9, '2024-08-14', '2024-08-21', 5, 0, 'Tìm hiểu'),
(6, 5, 12, 'Thiết kế Web', 'Joel Thomas', 'P01', 'Hoàn thành', 15, '2024-08-02', '2024-08-09', 5, 0, 'Tìm hiểu'),
(7, 3, 15, 'Nghiên cứu NoSQL', 'Richard L. Anderson', 'P02', 'Hoàn thành', 4, '2024-07-03', '2024-07-10', 10, 0, 'Tìm hiểu'),
(8, 4, 9, 'Nghiên cứu ODI', 'Jim Martin', 'P03', 'Chưa hoàn thành', 10, '2024-07-28', '2024-08-04', 20, 0, 'Tìm hiểu'),
(9, 5, 1, 'Thiết kế Web', 'Bông Bông', 'P01', 'Chưa hoàn thành', 11, '2024-07-19', '2024-07-26', 25, 0, 'Giao diện'),
(10, 3, 10, 'Nghiên cứu NoSQL', 'Kathy Weatherby', 'P02', 'Chưa hoàn thành', 26, '2024-08-09', '2024-08-16', 15, 0, 'Tìm hiểu'),
(11, 2, 5, 'Nghiên cứu API', 'Devin Lear', 'P02', 'Hoàn thành', 8, '2024-08-26', '2024-09-02', 20, 0, 'Tìm hiểu'),
(12, 4, 9, 'Nghiên cứu ODI', 'Jim Martin', 'P03', 'Hoàn thành', 16, '2024-07-18', '2024-07-25', 5, 0, 'Làm web'),
(13, 5, 4, 'Thiết kế Web', 'Tara Applewhite', 'P01', 'Hoàn thành', 14, '2024-08-14', '2024-08-21', 5, 0, 'Làm web'),
(14, 4, 8, 'Nghiên cứu ODI', 'Terry Gross', 'P03', 'Hoàn thành', 5, '2024-08-12', '2024-08-19', 5, 0, 'Làm web'),
(15, 4, 8, 'Nghiên cứu ODI', 'Terry Gross', 'P03', 'Chưa hoàn thành', 12, '2024-07-14', '2024-07-21', 10, 0, 'Tìm hiểu'),
(16, 5, 1, 'Thiết kế Web', 'Bông Bông', 'P01', 'Chưa hoàn thành', 13, '2024-08-12', '2024-08-19', 20, 0, 'Giao diện'),
(17, 4, 8, 'Nghiên cứu ODI', 'Terry Gross', 'P03', 'Chưa hoàn thành', 13, '2024-07-21', '2024-07-28', 25, 0, 'Tìm hiểu'),
(18, 4, 8, 'Nghiên cứu ODI', 'Terry Gross', 'P03', 'Chưa hoàn thành', 9, '2024-07-21', '2024-07-28', 15, 0, 'Tìm hiểu'),
(19, 5, 12, 'Thiết kế Web', 'Joel Thomas', 'P01', 'Chưa hoàn thành', 8, '2024-07-08', '2024-07-15', 10, 0, 'Tìm hiểu'),
(20, 4, 9, 'Nghiên cứu ODI', 'Jim Martin', 'P03', 'Hoàn thành', 1, '2024-08-23', '2024-08-30', 20, 0, 'Tìm hiểu'),
(21, 5, 6, 'Thiết kế Web', 'Lucile Sexton', 'P01', 'Chưa hoàn thành', 20, '2024-08-17', '2024-08-24', 5, 0, 'Giao diện'),
(22, 4, 11, 'Nghiên cứu ODI', 'Nancy Garcia', 'P03', 'Hoàn thành', 20, '2024-08-14', '2024-08-21', 5, 0, 'Tìm hiểu'),
(23, 3, 5, 'Nghiên cứu NoSQL', 'Devin Lear', 'P02', 'Hoàn thành', 18, '2024-08-05', '2024-08-12', 10, 0, 'Làm web'),
(24, 2, 10, 'Nghiên cứu API', 'Kathy Weatherby', 'P02', 'Hoàn thành', 29, '2024-07-30', '2024-08-06', 20, 0, 'Giao diện'),
(25, 4, 11, 'Nghiên cứu ODI', 'Nancy Garcia', 'P03', 'Hoàn thành', 5, '2024-08-12', '2024-08-19', 25, 0, 'Giao diện'),
(26, 5, 6, 'Thiết kế Web', 'Lucile Sexton', 'P01', 'Hoàn thành', 27, '2024-06-28', '2024-07-05', 15, 0, 'Làm web'),
(27, 3, 5, 'Nghiên cứu NoSQL', 'Devin Lear', 'P02', 'Hoàn thành', 5, '2024-08-02', '2024-08-09', 20, 0, 'Giao diện'),
(28, 2, 5, 'Nghiên cứu API', 'Devin Lear', 'P02', 'Chưa hoàn thành', 21, '2024-07-16', '2024-07-23', 5, 0, 'Làm web'),
(29, 1, 1, 'Nghiên cứu PHP', 'Bông Bông', 'P02', 'Hoàn thành', 12, '2024-08-10', '2024-08-17', 5, 0, 'Tìm hiểu'),
(30, 4, 11, 'Nghiên cứu ODI', 'Nancy Garcia', 'P03', 'Chưa hoàn thành', 6, '2024-08-13', '2024-08-20', 5, 0, 'Làm web'),
(31, 2, 5, 'Nghiên cứu API', 'Devin Lear', 'P02', 'Hoàn thành', 6, '2024-08-22', '2024-08-29', 10, 0, 'Tìm hiểu'),
(32, 4, 8, 'Nghiên cứu ODI', 'Terry Gross', 'P03', 'Chưa hoàn thành', 6, '2024-06-28', '2024-07-05', 20, 0, 'Giao diện'),
(33, 5, 12, 'Thiết kế Web', 'Joel Thomas', 'P01', 'Chưa hoàn thành', 9, '2024-08-02', '2024-08-09', 20, 0, 'Tìm hiểu'),
(34, 4, 9, 'Nghiên cứu ODI', 'Jim Martin', 'P03', 'Chưa hoàn thành', 6, '2024-07-03', '2024-07-10', 25, 0, 'Giao diện'),
(35, 1, 6, 'Nghiên cứu PHP', 'Lucile Sexton', 'P01', 'Hoàn thành', 13, '2024-07-28', '2024-08-04', 15, 0, 'Tìm hiểu'),
(36, 4, 11, 'Nghiên cứu ODI', 'Nancy Garcia', 'P03', 'Chưa hoàn thành', 10, '2024-07-19', '2024-07-26', 10, 0, 'Làm web'),
(37, 3, 5, 'Nghiên cứu NoSQL', 'Devin Lear', 'P02', 'Chưa hoàn thành', 10, '2024-08-09', '2024-08-16', 20, 0, 'Giao diện'),
(38, 2, 10, 'Nghiên cứu API', 'Kathy Weatherby', 'P02', 'Chưa hoàn thành', 11, '2024-08-26', '2024-09-02', 5, 0, 'Giao diện'),
(39, 4, 11, 'Nghiên cứu ODI', 'Nancy Garcia', 'P03', 'Chưa hoàn thành', 5, '2024-07-18', '2024-07-25', 5, 0, 'Làm web'),
(40, 1, 6, 'Nghiên cứu PHP', 'Lucile Sexton', 'P01', 'Hoàn thành', 15, '2024-08-14', '2024-08-21', 10, 0, 'Giao diện'),
(41, 2, 5, 'Nghiên cứu API', 'Devin Lear', 'P02', 'Chưa hoàn thành', 11, '2024-08-12', '2024-08-19', 20, 0, 'Làm web'),
(42, 3, 5, 'Nghiên cứu NoSQL', 'Devin Lear', 'P02', 'Chưa hoàn thành', 10, '2024-07-14', '2024-07-21', 5, 0, 'Giao diện'),
(43, 5, 1, 'Thiết kế Web', 'Bông Bông', 'P01', 'Chưa hoàn thành', 5, '2024-08-12', '2024-08-19', 5, 0, 'Giao diện'),
(44, 1, 12, 'Nghiên cứu PHP', 'Joel Thomas', 'P01', 'Hoàn thành', 13, '2024-07-21', '2024-07-28', 10, 0, 'Làm web'),
(45, 4, 9, 'Nghiên cứu ODI', 'Jim Martin', 'P03', 'Chưa hoàn thành', 10, '2024-07-19', '2024-07-26', 20, 0, 'Giao diện');

INSERT INTO Request (requestid, empid, nguoigui, loai, tieude, ngaygui, ngaychon, trangthai, noidung) VALUES ('1', '15', 'Richard L. Anderson', 'From home', 'Đơn xin làm việc tại nhà', '2024-08-24 00:00:00', '2024-08-26 00:00:00', '0', 'Lorem ipsum dolor sit amet. Ut ipsam amet qui optio laudantium est velit perspiciatis qui impedit assumenda. Ad maiores galisum sit quis itaque sed voluptatum beatae! ');
INSERT INTO Request (requestid, empid, nguoigui, loai, tieude, ngaygui, ngaychon, trangthai, noidung, phanhoi) VALUES ('2', '1', 'Bông Bông', 'From home', 'Đơn xin làm việc tại nhà', '2024-08-20 00:00:00', '2024-08-22 00:00:00', '2', 'Lorem ipsum dolor sit amet. Ut ipsam amet qui optio laudantium est velit perspiciatis qui impedit assumenda. Ad maiores galisum sit quis itaque sed voluptatum beatae! ', 'False');
INSERT INTO Request (requestid, empid, nguoigui, loai, tieude, ngaygui, ngayxuly, ngaychon, trangthai, noidung, phanhoi) VALUES ('3', '5', 'Devin Lear', 'Nghỉ phép', 'Đơn xin nghỉ phép', '2024-08-15 00:00:00', '2024-08-15 00:00:00', '2024-08-17 00:00:00', '1', 'Lorem ipsum dolor sit amet. Ut ipsam amet qui optio laudantium est velit perspiciatis qui impedit assumenda. Ad maiores galisum sit quis itaque sed voluptatum beatae! ', 'Lorem ipsum dolor sit amet. Ut ipsam amet qui optio laudantium est velit perspiciatis qui impedit assumenda. Ad maiores galisum sit quis itaque sed voluptatum beatae! ');
INSERT INTO Request (requestid, empid, nguoigui, loai, tieude, ngaygui, ngayxuly, trangthai, noidung, phanhoi, time_sheetid, up_tinhtrang_timesheet, up_thoigian_timesheet) VALUES ('4', '13', 'Alan Ruley', 'Time-sheet', 'Đơn xin cập nhật Time-sheet', '2024-08-15 00:00:00', '2024-08-15 00:00:00', '1', 'Lorem ipsum dolor sit amet. Ut ipsam amet qui optio laudantium est velit perspiciatis qui impedit assumenda. Ad maiores galisum sit quis itaque sed voluptatum beatae! ', 'Lorem ipsum dolor sit amet. Ut ipsam amet qui optio laudantium est velit perspiciatis qui impedit assumenda. Ad maiores galisum sit quis itaque sed voluptatum beatae! ', '1.0', 'Hoàn thành', '15.0');
INSERT INTO Request (requestid, empid, nguoigui, loai, tieude, ngaygui, ngaychon, trangthai, noidung) VALUES ('5', '13', 'Alan Ruley', 'Nghỉ phép', 'Đơn xin nghỉ phép', '2024-08-15 00:00:00', '2024-08-17 00:00:00', '0', 'Lorem ipsum dolor sit amet. Ut ipsam amet qui optio laudantium est velit perspiciatis qui impedit assumenda. Ad maiores galisum sit quis itaque sed voluptatum beatae! ');
INSERT INTO Request (requestid, empid, nguoigui, loai, tieude, ngaygui, ngaychon, trangthai, noidung) VALUES ('6', '13', 'Alan Ruley', 'From home', 'Đơn xin làm việc tại nhà', '2024-08-15 00:00:00', '2024-08-17 00:00:00', '0', 'Lorem ipsum dolor sit amet. Ut ipsam amet qui optio laudantium est velit perspiciatis qui impedit assumenda. Ad maiores galisum sit quis itaque sed voluptatum beatae! ');
INSERT INTO Request (requestid, empid, nguoigui, loai, tieude, ngaygui, ngayxuly, ngaychon, trangthai, noidung, phanhoi) VALUES ('7', '13', 'Alan Ruley', 'From home', 'Đơn xin làm việc tại nhà', '2024-07-01 00:00:00', '2024-07-01 00:00:00', '2024-07-03 00:00:00', '1', 'Lorem ipsum dolor sit amet. Ut ipsam amet qui optio laudantium est velit perspiciatis qui impedit assumenda. Ad maiores galisum sit quis itaque sed voluptatum beatae! ', 'Lorem ipsum dolor sit amet. Ut ipsam amet qui optio laudantium est velit perspiciatis qui impedit assumenda. Ad maiores galisum sit quis itaque sed voluptatum beatae! ');
INSERT INTO Request (requestid, empid, nguoigui, loai, tieude, ngaygui, ngaychon, trangthai, noidung) VALUES ('8', '8', 'Terry Gross', 'Nghỉ phép', 'Đơn xin nghỉ phép', '2024-07-25 00:00:00', '2024-07-27 00:00:00', '0', 'Lorem ipsum dolor sit amet. Ut ipsam amet qui optio laudantium est velit perspiciatis qui impedit assumenda. Ad maiores galisum sit quis itaque sed voluptatum beatae! ');
INSERT INTO Request (requestid, empid, nguoigui, loai, tieude, ngaygui, ngaychon, trangthai, noidung) VALUES ('9', '11', 'Nancy Garcia', 'Nghỉ phép', 'Đơn xin nghỉ phép', '2024-07-09 00:00:00', '2024-07-11 00:00:00', '0', 'Lorem ipsum dolor sit amet. Ut ipsam amet qui optio laudantium est velit perspiciatis qui impedit assumenda. Ad maiores galisum sit quis itaque sed voluptatum beatae! ');
INSERT INTO Request (requestid, empid, nguoigui, loai, tieude, ngaygui, ngayxuly, ngaychon, trangthai, noidung, phanhoi) VALUES ('10', '4', 'Tara Applewhite', 'Nghỉ phép', 'Đơn xin nghỉ phép', '2024-07-09 00:00:00', '2024-07-09 00:00:00', '2024-07-11 00:00:00', '1', 'Lorem ipsum dolor sit amet. Ut ipsam amet qui optio laudantium est velit perspiciatis qui impedit assumenda. Ad maiores galisum sit quis itaque sed voluptatum beatae! ', 'Lorem ipsum dolor sit amet. Ut ipsam amet qui optio laudantium est velit perspiciatis qui impedit assumenda. Ad maiores galisum sit quis itaque sed voluptatum beatae! ');
INSERT INTO Request (requestid, empid, nguoigui, loai, tieude, ngaygui, ngaychon, trangthai, noidung) VALUES ('11', '6', 'Lucile Sexton', 'From home', 'Đơn xin làm việc tại nhà', '2024-07-12 00:00:00', '2024-07-14 00:00:00', '0', 'Lorem ipsum dolor sit amet. Ut ipsam amet qui optio laudantium est velit perspiciatis qui impedit assumenda. Ad maiores galisum sit quis itaque sed voluptatum beatae! ');
INSERT INTO Request (requestid, empid, nguoigui, loai, tieude, ngaygui, ngayxuly, ngaychon, trangthai, noidung, phanhoi) VALUES ('12', '8', 'Terry Gross', 'From home', 'Đơn xin làm việc tại nhà', '2024-07-20 00:00:00', '2024-07-20 00:00:00', '2024-07-22 00:00:00', '1', 'Lorem ipsum dolor sit amet. Ut ipsam amet qui optio laudantium est velit perspiciatis qui impedit assumenda. Ad maiores galisum sit quis itaque sed voluptatum beatae! ', 'Lorem ipsum dolor sit amet. Ut ipsam amet qui optio laudantium est velit perspiciatis qui impedit assumenda. Ad maiores galisum sit quis itaque sed voluptatum beatae! ');
INSERT INTO Request (requestid, empid, nguoigui, loai, tieude, ngaygui, ngayxuly, ngaychon, trangthai, noidung, phanhoi) VALUES ('13', '5', 'Devin Lear', 'Nghỉ phép', 'Đơn xin nghỉ phép', '2024-08-09 00:00:00', '2024-08-09 00:00:00', '2024-08-11 00:00:00', '1', 'Lorem ipsum dolor sit amet. Ut ipsam amet qui optio laudantium est velit perspiciatis qui impedit assumenda. Ad maiores galisum sit quis itaque sed voluptatum beatae! ', 'Lorem ipsum dolor sit amet. Ut ipsam amet qui optio laudantium est velit perspiciatis qui impedit assumenda. Ad maiores galisum sit quis itaque sed voluptatum beatae! ');
INSERT INTO Request (requestid, empid, nguoigui, loai, tieude, ngaygui, ngayxuly, trangthai, noidung, phanhoi, time_sheetid, up_tinhtrang_timesheet, up_thoigian_timesheet) VALUES ('14', '4', 'Tara Applewhite', 'Time-sheet', 'Đơn xin cập nhật Time-sheet', '2024-08-08 00:00:00', '2024-08-08 00:00:00', '1', 'Lorem ipsum dolor sit amet. Ut ipsam amet qui optio laudantium est velit perspiciatis qui impedit assumenda. Ad maiores galisum sit quis itaque sed voluptatum beatae! ', 'Lorem ipsum dolor sit amet. Ut ipsam amet qui optio laudantium est velit perspiciatis qui impedit assumenda. Ad maiores galisum sit quis itaque sed voluptatum beatae! ', '2.0', 'Hoàn thành', '21.0');
INSERT INTO Request (requestid, empid, nguoigui, loai, tieude, ngaygui, ngayxuly, ngaychon, trangthai, noidung, phanhoi) VALUES ('15', '13', 'Alan Ruley', 'From home', 'Đơn xin làm việc tại nhà', '2024-08-02 00:00:00', '2024-08-02 00:00:00', '2024-08-04 00:00:00', '1', 'Lorem ipsum dolor sit amet. Ut ipsam amet qui optio laudantium est velit perspiciatis qui impedit assumenda. Ad maiores galisum sit quis itaque sed voluptatum beatae! ', 'Lorem ipsum dolor sit amet. Ut ipsam amet qui optio laudantium est velit perspiciatis qui impedit assumenda. Ad maiores galisum sit quis itaque sed voluptatum beatae! ');
INSERT INTO Request (requestid, empid, nguoigui, loai, tieude, ngaygui, ngayxuly, trangthai, noidung, phanhoi, time_sheetid, up_tinhtrang_timesheet, up_thoigian_timesheet) VALUES ('16', '6', 'Lucile Sexton', 'Time-sheet', 'Đơn xin cập nhật Time-sheet', '2024-07-14 00:00:00', '2024-07-14 00:00:00', '1', 'Lorem ipsum dolor sit amet. Ut ipsam amet qui optio laudantium est velit perspiciatis qui impedit assumenda. Ad maiores galisum sit quis itaque sed voluptatum beatae! ', 'Lorem ipsum dolor sit amet. Ut ipsam amet qui optio laudantium est velit perspiciatis qui impedit assumenda. Ad maiores galisum sit quis itaque sed voluptatum beatae! ', '3.0', 'Hoàn thành', '28.0');
INSERT INTO Request (requestid, empid, nguoigui, loai, tieude, ngaygui, ngayxuly, trangthai, noidung, phanhoi, time_sheetid, up_tinhtrang_timesheet, up_thoigian_timesheet) VALUES ('17', '4', 'Tara Applewhite', 'Time-sheet', 'Đơn xin cập nhật Time-sheet', '2024-07-02 00:00:00', '2024-07-02 00:00:00', '1', 'Lorem ipsum dolor sit amet. Ut ipsam amet qui optio laudantium est velit perspiciatis qui impedit assumenda. Ad maiores galisum sit quis itaque sed voluptatum beatae! ', 'Lorem ipsum dolor sit amet. Ut ipsam amet qui optio laudantium est velit perspiciatis qui impedit assumenda. Ad maiores galisum sit quis itaque sed voluptatum beatae! ', '4.0', 'Hoàn thành', '22.0');
INSERT INTO Request (requestid, empid, nguoigui, loai, tieude, ngaygui, ngaychon, trangthai, noidung, phanhoi) VALUES ('18', '1', 'Bông Bông', 'Nghỉ phép', 'Đơn xin nghỉ phép', '2024-07-13 00:00:00', '2024-07-15 00:00:00', '2', 'Lorem ipsum dolor sit amet. Ut ipsam amet qui optio laudantium est velit perspiciatis qui impedit assumenda. Ad maiores galisum sit quis itaque sed voluptatum beatae! ', 'False');
INSERT INTO Request (requestid, empid, nguoigui, loai, tieude, ngaygui, ngayxuly, ngaychon, trangthai, noidung, phanhoi) VALUES ('19', '9', 'Jim Martin', 'Nghỉ phép', 'Đơn xin nghỉ phép', '2024-08-04 00:00:00', '2024-08-04 00:00:00', '2024-08-06 00:00:00', '1', 'Lorem ipsum dolor sit amet. Ut ipsam amet qui optio laudantium est velit perspiciatis qui impedit assumenda. Ad maiores galisum sit quis itaque sed voluptatum beatae! ', 'Lorem ipsum dolor sit amet. Ut ipsam amet qui optio laudantium est velit perspiciatis qui impedit assumenda. Ad maiores galisum sit quis itaque sed voluptatum beatae! ');
INSERT INTO Request (requestid, empid, nguoigui, loai, tieude, ngaygui, ngaychon, trangthai, noidung) VALUES ('20', '4', 'Tara Applewhite', 'From home', 'Đơn xin làm việc tại nhà', '2024-08-16 00:00:00', '2024-08-18 00:00:00', '0', 'Lorem ipsum dolor sit amet. Ut ipsam amet qui optio laudantium est velit perspiciatis qui impedit assumenda. Ad maiores galisum sit quis itaque sed voluptatum beatae! ');
INSERT INTO Request (requestid, empid, nguoigui, loai, tieude, ngaygui, ngaychon, trangthai, noidung) VALUES ('21', '12', 'Joel Thomas', 'Nghỉ phép', 'Đơn xin nghỉ phép', '2024-07-04 00:00:00', '2024-07-06 00:00:00', '0', 'Lorem ipsum dolor sit amet. Ut ipsam amet qui optio laudantium est velit perspiciatis qui impedit assumenda. Ad maiores galisum sit quis itaque sed voluptatum beatae! ');
INSERT INTO Request (requestid, empid, nguoigui, loai, tieude, ngaygui, ngayxuly, trangthai, noidung, phanhoi, time_sheetid, up_tinhtrang_timesheet, up_thoigian_timesheet) VALUES ('22', '9', 'Jim Martin', 'Time-sheet', 'Đơn xin cập nhật Time-sheet', '2024-08-19 00:00:00', '2024-08-19 00:00:00', '1', 'Lorem ipsum dolor sit amet. Ut ipsam amet qui optio laudantium est velit perspiciatis qui impedit assumenda. Ad maiores galisum sit quis itaque sed voluptatum beatae! ', 'Lorem ipsum dolor sit amet. Ut ipsam amet qui optio laudantium est velit perspiciatis qui impedit assumenda. Ad maiores galisum sit quis itaque sed voluptatum beatae! ', '5.0', 'Hoàn thành', '15.0');
INSERT INTO Request (requestid, empid, nguoigui, loai, tieude, ngaygui, ngayxuly, ngaychon, trangthai, noidung, phanhoi) VALUES ('23', '9', 'Jim Martin', 'From home', 'Đơn xin làm việc tại nhà', '2024-08-28 00:00:00', '2024-08-28 00:00:00', '2024-08-30 00:00:00', '1', 'Lorem ipsum dolor sit amet. Ut ipsam amet qui optio laudantium est velit perspiciatis qui impedit assumenda. Ad maiores galisum sit quis itaque sed voluptatum beatae! ', 'Lorem ipsum dolor sit amet. Ut ipsam amet qui optio laudantium est velit perspiciatis qui impedit assumenda. Ad maiores galisum sit quis itaque sed voluptatum beatae! ');
INSERT INTO Request (requestid, empid, nguoigui, loai, tieude, ngaygui, ngayxuly, ngaychon, trangthai, noidung, phanhoi) VALUES ('24', '4', 'Tara Applewhite', 'From home', 'Đơn xin làm việc tại nhà', '2024-08-20 00:00:00', '2024-08-20 00:00:00', '2024-08-22 00:00:00', '1', 'Lorem ipsum dolor sit amet. Ut ipsam amet qui optio laudantium est velit perspiciatis qui impedit assumenda. Ad maiores galisum sit quis itaque sed voluptatum beatae! ', 'Lorem ipsum dolor sit amet. Ut ipsam amet qui optio laudantium est velit perspiciatis qui impedit assumenda. Ad maiores galisum sit quis itaque sed voluptatum beatae! ');
INSERT INTO Request (requestid, empid, nguoigui, loai, tieude, ngaygui, ngayxuly, ngaychon, trangthai, noidung, phanhoi) VALUES ('25', '10', 'Kathy Weatherby', 'Nghỉ phép', 'Đơn xin nghỉ phép', '2024-08-03 00:00:00', '2024-08-03 00:00:00', '2024-08-05 00:00:00', '1', 'Lorem ipsum dolor sit amet. Ut ipsam amet qui optio laudantium est velit perspiciatis qui impedit assumenda. Ad maiores galisum sit quis itaque sed voluptatum beatae! ', 'Lorem ipsum dolor sit amet. Ut ipsam amet qui optio laudantium est velit perspiciatis qui impedit assumenda. Ad maiores galisum sit quis itaque sed voluptatum beatae! ');
INSERT INTO Request (requestid, empid, nguoigui, loai, tieude, ngaygui, ngaychon, trangthai, noidung) VALUES ('26', '11', 'Nancy Garcia', 'From home', 'Đơn xin làm việc tại nhà', '2024-07-24 00:00:00', '2024-07-26 00:00:00', '0', 'Lorem ipsum dolor sit amet. Ut ipsam amet qui optio laudantium est velit perspiciatis qui impedit assumenda. Ad maiores galisum sit quis itaque sed voluptatum beatae! ');
INSERT INTO Request (requestid, empid, nguoigui, loai, tieude, ngaygui, ngayxuly, ngaychon, trangthai, noidung, phanhoi) VALUES ('27', '9', 'Jim Martin', 'Nghỉ phép', 'Đơn xin nghỉ phép', '2024-08-22 00:00:00', '2024-08-22 00:00:00', '2024-08-24 00:00:00', '1', 'Lorem ipsum dolor sit amet. Ut ipsam amet qui optio laudantium est velit perspiciatis qui impedit assumenda. Ad maiores galisum sit quis itaque sed voluptatum beatae! ', 'Lorem ipsum dolor sit amet. Ut ipsam amet qui optio laudantium est velit perspiciatis qui impedit assumenda. Ad maiores galisum sit quis itaque sed voluptatum beatae! ');
INSERT INTO Request (requestid, empid, nguoigui, loai, tieude, ngaygui, ngaychon, trangthai, noidung) VALUES ('28', '5', 'Devin Lear', 'Nghỉ phép', 'Đơn xin nghỉ phép', '2024-08-13 00:00:00', '2024-08-15 00:00:00', '0', 'Lorem ipsum dolor sit amet. Ut ipsam amet qui optio laudantium est velit perspiciatis qui impedit assumenda. Ad maiores galisum sit quis itaque sed voluptatum beatae! ');
INSERT INTO Request (requestid, empid, nguoigui, loai, tieude, ngaygui, ngaychon, trangthai, noidung) VALUES ('29', '15', 'Richard L. Anderson', 'Nghỉ phép', 'Đơn xin nghỉ phép', '2024-08-21 00:00:00', '2024-08-23 00:00:00', '0', 'Lorem ipsum dolor sit amet. Ut ipsam amet qui optio laudantium est velit perspiciatis qui impedit assumenda. Ad maiores galisum sit quis itaque sed voluptatum beatae! ');
INSERT INTO Request (requestid, empid, nguoigui, loai, tieude, ngaygui, ngaychon, trangthai, noidung) VALUES ('30', '1', 'Bông Bông', 'Nghỉ phép', 'Đơn xin nghỉ phép', '2024-07-29 00:00:00', '2024-07-31 00:00:00', '0', 'Lorem ipsum dolor sit amet. Ut ipsam amet qui optio laudantium est velit perspiciatis qui impedit assumenda. Ad maiores galisum sit quis itaque sed voluptatum beatae! ');
INSERT INTO Request (requestid, empid, nguoigui, loai, tieude, ngaygui, ngayxuly, ngaychon, trangthai, noidung, phanhoi) VALUES ('31', '4', 'Tara Applewhite', 'Nghỉ phép', 'Đơn xin nghỉ phép', '2024-08-16 00:00:00', '2024-08-16 00:00:00', '2024-08-18 00:00:00', '1', 'Lorem ipsum dolor sit amet. Ut ipsam amet qui optio laudantium est velit perspiciatis qui impedit assumenda. Ad maiores galisum sit quis itaque sed voluptatum beatae! ', 'Lorem ipsum dolor sit amet. Ut ipsam amet qui optio laudantium est velit perspiciatis qui impedit assumenda. Ad maiores galisum sit quis itaque sed voluptatum beatae! ');
INSERT INTO Request (requestid, empid, nguoigui, loai, tieude, ngaygui, ngaychon, trangthai, noidung) VALUES ('32', '11', 'Nancy Garcia', 'From home', 'Đơn xin làm việc tại nhà', '2024-07-21 00:00:00', '2024-07-23 00:00:00', '0', 'Lorem ipsum dolor sit amet. Ut ipsam amet qui optio laudantium est velit perspiciatis qui impedit assumenda. Ad maiores galisum sit quis itaque sed voluptatum beatae! ');
INSERT INTO Request (requestid, empid, nguoigui, loai, tieude, ngaygui, ngayxuly, ngaychon, trangthai, noidung, phanhoi) VALUES ('33', '13', 'Alan Ruley', 'Nghỉ phép', 'Đơn xin nghỉ phép', '2024-08-16 00:00:00', '2024-08-16 00:00:00', '2024-08-18 00:00:00', '1', 'Lorem ipsum dolor sit amet. Ut ipsam amet qui optio laudantium est velit perspiciatis qui impedit assumenda. Ad maiores galisum sit quis itaque sed voluptatum beatae! ', 'Lorem ipsum dolor sit amet. Ut ipsam amet qui optio laudantium est velit perspiciatis qui impedit assumenda. Ad maiores galisum sit quis itaque sed voluptatum beatae! ');
INSERT INTO Request (requestid, empid, nguoigui, loai, tieude, ngaygui, ngaychon, trangthai, noidung) VALUES ('34', '6', 'Lucile Sexton', 'From home', 'Đơn xin làm việc tại nhà', '2024-08-17 00:00:00', '2024-08-19 00:00:00', '0', 'Lorem ipsum dolor sit amet. Ut ipsam amet qui optio laudantium est velit perspiciatis qui impedit assumenda. Ad maiores galisum sit quis itaque sed voluptatum beatae! ');
INSERT INTO Request (requestid, empid, nguoigui, loai, tieude, ngaygui, ngaychon, trangthai, noidung) VALUES ('35', '10', 'Kathy Weatherby', 'From home', 'Đơn xin làm việc tại nhà', '2024-08-17 00:00:00', '2024-08-19 00:00:00', '0', 'Lorem ipsum dolor sit amet. Ut ipsam amet qui optio laudantium est velit perspiciatis qui impedit assumenda. Ad maiores galisum sit quis itaque sed voluptatum beatae! ');
INSERT INTO Request (requestid, empid, nguoigui, loai, tieude, ngaygui, ngayxuly, ngaychon, trangthai, noidung, phanhoi) VALUES ('36', '12', 'Joel Thomas', 'From home', 'Đơn xin làm việc tại nhà', '2024-08-13 00:00:00', '2024-08-13 00:00:00', '2024-08-15 00:00:00', '1', 'Lorem ipsum dolor sit amet. Ut ipsam amet qui optio laudantium est velit perspiciatis qui impedit assumenda. Ad maiores galisum sit quis itaque sed voluptatum beatae! ', 'Lorem ipsum dolor sit amet. Ut ipsam amet qui optio laudantium est velit perspiciatis qui impedit assumenda. Ad maiores galisum sit quis itaque sed voluptatum beatae! ');
INSERT INTO Request (requestid, empid, nguoigui, loai, tieude, ngaygui, ngayxuly, ngaychon, trangthai, noidung, phanhoi) VALUES ('37', '5', 'Devin Lear', 'Nghỉ phép', 'Đơn xin nghỉ phép', '2024-07-20 00:00:00', '2024-07-20 00:00:00', '2024-07-22 00:00:00', '1', 'Lorem ipsum dolor sit amet. Ut ipsam amet qui optio laudantium est velit perspiciatis qui impedit assumenda. Ad maiores galisum sit quis itaque sed voluptatum beatae! ', 'Lorem ipsum dolor sit amet. Ut ipsam amet qui optio laudantium est velit perspiciatis qui impedit assumenda. Ad maiores galisum sit quis itaque sed voluptatum beatae! ');
INSERT INTO Request (requestid, empid, nguoigui, loai, tieude, ngaygui, ngaychon, trangthai, noidung) VALUES ('38', '6', 'Lucile Sexton', 'Nghỉ phép', 'Đơn xin nghỉ phép', '2024-07-17 00:00:00', '2024-07-19 00:00:00', '0', 'Lorem ipsum dolor sit amet. Ut ipsam amet qui optio laudantium est velit perspiciatis qui impedit assumenda. Ad maiores galisum sit quis itaque sed voluptatum beatae! ');
INSERT INTO Request (requestid, empid, nguoigui, loai, tieude, ngaygui, ngaychon, trangthai, noidung) VALUES ('39', '8', 'Terry Gross', 'From home', 'Đơn xin làm việc tại nhà', '2024-08-23 00:00:00', '2024-08-25 00:00:00', '0', 'Lorem ipsum dolor sit amet. Ut ipsam amet qui optio laudantium est velit perspiciatis qui impedit assumenda. Ad maiores galisum sit quis itaque sed voluptatum beatae! ');
INSERT INTO Request (requestid, empid, nguoigui, loai, tieude, ngaygui, ngayxuly, trangthai, noidung, phanhoi, time_sheetid, up_tinhtrang_timesheet, up_thoigian_timesheet) VALUES ('40', '12', 'Joel Thomas', 'Time-sheet', 'Đơn xin cập nhật Time-sheet', '2024-08-07 00:00:00', '2024-08-07 00:00:00', '1', 'Lorem ipsum dolor sit amet. Ut ipsam amet qui optio laudantium est velit perspiciatis qui impedit assumenda. Ad maiores galisum sit quis itaque sed voluptatum beatae! ', 'Lorem ipsum dolor sit amet. Ut ipsam amet qui optio laudantium est velit perspiciatis qui impedit assumenda. Ad maiores galisum sit quis itaque sed voluptatum beatae! ', '6.0', 'Hoàn thành', '24.0');
INSERT INTO Request (requestid, empid, nguoigui, loai, tieude, ngaygui, ngayxuly, ngaychon, trangthai, noidung, phanhoi) VALUES ('41', '9', 'Jim Martin', 'Nghỉ phép', 'Đơn xin nghỉ phép', '2024-07-02 00:00:00', '2024-07-02 00:00:00', '2024-07-04 00:00:00', '1', 'Lorem ipsum dolor sit amet. Ut ipsam amet qui optio laudantium est velit perspiciatis qui impedit assumenda. Ad maiores galisum sit quis itaque sed voluptatum beatae! ', 'Lorem ipsum dolor sit amet. Ut ipsam amet qui optio laudantium est velit perspiciatis qui impedit assumenda. Ad maiores galisum sit quis itaque sed voluptatum beatae! ');
INSERT INTO Request (requestid, empid, nguoigui, loai, tieude, ngaygui, trangthai, noidung, time_sheetid, up_tinhtrang_timesheet, up_thoigian_timesheet) VALUES ('42', '15', 'Richard L. Anderson', 'Time-sheet', 'Đơn xin cập nhật Time-sheet', '2024-07-08 00:00:00', '0', 'Lorem ipsum dolor sit amet. Ut ipsam amet qui optio laudantium est velit perspiciatis qui impedit assumenda. Ad maiores galisum sit quis itaque sed voluptatum beatae! ', '7.0', 'Hoàn thành', '29.0');
INSERT INTO Request (requestid, empid, nguoigui, loai, tieude, ngaygui, trangthai, noidung, time_sheetid, up_tinhtrang_timesheet, up_thoigian_timesheet) VALUES ('43', '9', 'Jim Martin', 'Time-sheet', 'Đơn xin cập nhật Time-sheet', '2024-08-02 00:00:00', '0', 'Lorem ipsum dolor sit amet. Ut ipsam amet qui optio laudantium est velit perspiciatis qui impedit assumenda. Ad maiores galisum sit quis itaque sed voluptatum beatae! ', '8.0', 'Hoàn thành', '19.0');
INSERT INTO Request (requestid, empid, nguoigui, loai, tieude, ngaygui, trangthai, noidung, time_sheetid, up_tinhtrang_timesheet, up_thoigian_timesheet) VALUES ('44', '1', 'Bông Bông', 'Time-sheet', 'Đơn xin cập nhật Time-sheet', '2024-07-24 00:00:00', '0', 'Lorem ipsum dolor sit amet. Ut ipsam amet qui optio laudantium est velit perspiciatis qui impedit assumenda. Ad maiores galisum sit quis itaque sed voluptatum beatae! ', '9.0', 'Hoàn thành', '25.0');
INSERT INTO Request (requestid, empid, nguoigui, loai, tieude, ngaygui, ngaychon, trangthai, noidung) VALUES ('45', '10', 'Kathy Weatherby', 'From home', 'Đơn xin làm việc tại nhà', '2024-08-22 00:00:00', '2024-08-24 00:00:00', '0', 'Lorem ipsum dolor sit amet. Ut ipsam amet qui optio laudantium est velit perspiciatis qui impedit assumenda. Ad maiores galisum sit quis itaque sed voluptatum beatae! ');
INSERT INTO Request (requestid, empid, nguoigui, loai, tieude, ngaygui, ngayxuly, trangthai, noidung, phanhoi, time_sheetid, up_tinhtrang_timesheet, up_thoigian_timesheet) VALUES ('46', '10', 'Kathy Weatherby', 'Time-sheet', 'Đơn xin cập nhật Time-sheet', '2024-08-14 00:00:00', '2024-08-14 00:00:00', '1', 'Lorem ipsum dolor sit amet. Ut ipsam amet qui optio laudantium est velit perspiciatis qui impedit assumenda. Ad maiores galisum sit quis itaque sed voluptatum beatae! ', 'Lorem ipsum dolor sit amet. Ut ipsam amet qui optio laudantium est velit perspiciatis qui impedit assumenda. Ad maiores galisum sit quis itaque sed voluptatum beatae! ', '10.0', 'Hoàn thành', '9.0');
INSERT INTO Request (requestid, empid, nguoigui, loai, tieude, ngaygui, ngayxuly, ngaychon, trangthai, noidung, phanhoi) VALUES ('47', '9', 'Jim Martin', 'Nghỉ phép', 'Đơn xin nghỉ phép', '2024-07-24 00:00:00', '2024-07-24 00:00:00', '2024-07-26 00:00:00', '1', 'Lorem ipsum dolor sit amet. Ut ipsam amet qui optio laudantium est velit perspiciatis qui impedit assumenda. Ad maiores galisum sit quis itaque sed voluptatum beatae! ', 'Lorem ipsum dolor sit amet. Ut ipsam amet qui optio laudantium est velit perspiciatis qui impedit assumenda. Ad maiores galisum sit quis itaque sed voluptatum beatae! ');
INSERT INTO Request (requestid, empid, nguoigui, loai, tieude, ngaygui, ngayxuly, ngaychon, trangthai, noidung, phanhoi) VALUES ('48', '10', 'Kathy Weatherby', 'From home', 'Đơn xin làm việc tại nhà', '2024-08-15 00:00:00', '2024-08-15 00:00:00', '2024-08-17 00:00:00', '1', 'Lorem ipsum dolor sit amet. Ut ipsam amet qui optio laudantium est velit perspiciatis qui impedit assumenda. Ad maiores galisum sit quis itaque sed voluptatum beatae! ', 'Lorem ipsum dolor sit amet. Ut ipsam amet qui optio laudantium est velit perspiciatis qui impedit assumenda. Ad maiores galisum sit quis itaque sed voluptatum beatae! ');
INSERT INTO Request (requestid, empid, nguoigui, loai, tieude, ngaygui, ngaychon, trangthai, noidung) VALUES ('49', '1', 'Bông Bông', 'Nghỉ phép', 'Đơn xin nghỉ phép', '2024-07-14 00:00:00', '2024-07-16 00:00:00', '0', 'Lorem ipsum dolor sit amet. Ut ipsam amet qui optio laudantium est velit perspiciatis qui impedit assumenda. Ad maiores galisum sit quis itaque sed voluptatum beatae! ');
INSERT INTO Request (requestid, empid, nguoigui, loai, tieude, ngaygui, ngayxuly, ngaychon, trangthai, noidung, phanhoi) VALUES ('50', '5', 'Devin Lear', 'From home', 'Đơn xin làm việc tại nhà', '2024-08-27 00:00:00', '2024-08-27 00:00:00', '2024-08-29 00:00:00', '1', 'Lorem ipsum dolor sit amet. Ut ipsam amet qui optio laudantium est velit perspiciatis qui impedit assumenda. Ad maiores galisum sit quis itaque sed voluptatum beatae! ', 'Lorem ipsum dolor sit amet. Ut ipsam amet qui optio laudantium est velit perspiciatis qui impedit assumenda. Ad maiores galisum sit quis itaque sed voluptatum beatae! ');
INSERT INTO Request (requestid, empid, nguoigui, loai, tieude, ngaygui, ngayxuly, ngaychon, trangthai, noidung, phanhoi) VALUES ('51', '11', 'Nancy Garcia', 'Nghỉ phép', 'Đơn xin nghỉ phép', '2024-07-27 00:00:00', '2024-07-27 00:00:00', '2024-07-29 00:00:00', '1', 'Lorem ipsum dolor sit amet. Ut ipsam amet qui optio laudantium est velit perspiciatis qui impedit assumenda. Ad maiores galisum sit quis itaque sed voluptatum beatae! ', 'Lorem ipsum dolor sit amet. Ut ipsam amet qui optio laudantium est velit perspiciatis qui impedit assumenda. Ad maiores galisum sit quis itaque sed voluptatum beatae! ');
INSERT INTO Request (requestid, empid, nguoigui, loai, tieude, ngaygui, ngayxuly, trangthai, noidung, phanhoi, time_sheetid, up_tinhtrang_timesheet, up_thoigian_timesheet) VALUES ('52', '5', 'Devin Lear', 'Time-sheet', 'Đơn xin cập nhật Time-sheet', '2024-08-31 00:00:00', '2024-08-31 00:00:00', '1', 'Lorem ipsum dolor sit amet. Ut ipsam amet qui optio laudantium est velit perspiciatis qui impedit assumenda. Ad maiores galisum sit quis itaque sed voluptatum beatae! ', 'Lorem ipsum dolor sit amet. Ut ipsam amet qui optio laudantium est velit perspiciatis qui impedit assumenda. Ad maiores galisum sit quis itaque sed voluptatum beatae! ', '11.0', 'Hoàn thành', '6.0');
INSERT INTO Request (requestid, empid, nguoigui, loai, tieude, ngaygui, ngayxuly, trangthai, noidung, phanhoi, time_sheetid, up_tinhtrang_timesheet, up_thoigian_timesheet) VALUES ('53', '9', 'Jim Martin', 'Time-sheet', 'Đơn xin cập nhật Time-sheet', '2024-07-23 00:00:00', '2024-07-23 00:00:00', '1', 'Lorem ipsum dolor sit amet. Ut ipsam amet qui optio laudantium est velit perspiciatis qui impedit assumenda. Ad maiores galisum sit quis itaque sed voluptatum beatae! ', 'Lorem ipsum dolor sit amet. Ut ipsam amet qui optio laudantium est velit perspiciatis qui impedit assumenda. Ad maiores galisum sit quis itaque sed voluptatum beatae! ', '12.0', 'Hoàn thành', '17.0');
INSERT INTO Request (requestid, empid, nguoigui, loai, tieude, ngaygui, ngaychon, trangthai, noidung) VALUES ('54', '13', 'Alan Ruley', 'From home', 'Đơn xin làm việc tại nhà', '2024-07-02 00:00:00', '2024-07-04 00:00:00', '0', 'Lorem ipsum dolor sit amet. Ut ipsam amet qui optio laudantium est velit perspiciatis qui impedit assumenda. Ad maiores galisum sit quis itaque sed voluptatum beatae! ');
INSERT INTO Request (requestid, empid, nguoigui, loai, tieude, ngaygui, ngayxuly, ngaychon, trangthai, noidung, phanhoi) VALUES ('55', '8', 'Terry Gross', 'Nghỉ phép', 'Đơn xin nghỉ phép', '2024-08-11 00:00:00', '2024-08-11 00:00:00', '2024-08-13 00:00:00', '1', 'Lorem ipsum dolor sit amet. Ut ipsam amet qui optio laudantium est velit perspiciatis qui impedit assumenda. Ad maiores galisum sit quis itaque sed voluptatum beatae! ', 'Lorem ipsum dolor sit amet. Ut ipsam amet qui optio laudantium est velit perspiciatis qui impedit assumenda. Ad maiores galisum sit quis itaque sed voluptatum beatae! ');
INSERT INTO Request (requestid, empid, nguoigui, loai, tieude, ngaygui, ngaychon, trangthai, noidung) VALUES ('56', '5', 'Devin Lear', 'From home', 'Đơn xin làm việc tại nhà', '2024-07-12 00:00:00', '2024-07-14 00:00:00', '0', 'Lorem ipsum dolor sit amet. Ut ipsam amet qui optio laudantium est velit perspiciatis qui impedit assumenda. Ad maiores galisum sit quis itaque sed voluptatum beatae! ');
INSERT INTO Request (requestid, empid, nguoigui, loai, tieude, ngaygui, ngayxuly, trangthai, noidung, phanhoi, time_sheetid, up_tinhtrang_timesheet, up_thoigian_timesheet) VALUES ('57', '4', 'Tara Applewhite', 'Time-sheet', 'Đơn xin cập nhật Time-sheet', '2024-08-19 00:00:00', '2024-08-19 00:00:00', '1', 'Lorem ipsum dolor sit amet. Ut ipsam amet qui optio laudantium est velit perspiciatis qui impedit assumenda. Ad maiores galisum sit quis itaque sed voluptatum beatae! ', 'Lorem ipsum dolor sit amet. Ut ipsam amet qui optio laudantium est velit perspiciatis qui impedit assumenda. Ad maiores galisum sit quis itaque sed voluptatum beatae! ', '13.0', 'Hoàn thành', '24.0');
INSERT INTO Request (requestid, empid, nguoigui, loai, tieude, ngaygui, trangthai, noidung, time_sheetid, up_tinhtrang_timesheet, up_thoigian_timesheet) VALUES ('58', '8', 'Terry Gross', 'Time-sheet', 'Đơn xin cập nhật Time-sheet', '2024-08-17 00:00:00', '0', 'Lorem ipsum dolor sit amet. Ut ipsam amet qui optio laudantium est velit perspiciatis qui impedit assumenda. Ad maiores galisum sit quis itaque sed voluptatum beatae! ', '14.0', 'Hoàn thành', '11.0');
INSERT INTO Request (requestid, empid, nguoigui, loai, tieude, ngaygui, trangthai, noidung, time_sheetid, up_tinhtrang_timesheet, up_thoigian_timesheet) VALUES ('59', '8', 'Terry Gross', 'Time-sheet', 'Đơn xin cập nhật Time-sheet', '2024-07-19 00:00:00', '0', 'Lorem ipsum dolor sit amet. Ut ipsam amet qui optio laudantium est velit perspiciatis qui impedit assumenda. Ad maiores galisum sit quis itaque sed voluptatum beatae! ', '15.0', 'Hoàn thành', '17.0');
INSERT INTO Request (requestid, empid, nguoigui, loai, tieude, ngaygui, trangthai, noidung, time_sheetid, up_tinhtrang_timesheet, up_thoigian_timesheet) VALUES ('60', '1', 'Bông Bông', 'Time-sheet', 'Đơn xin cập nhật Time-sheet', '2024-08-17 00:00:00', '0', 'Lorem ipsum dolor sit amet. Ut ipsam amet qui optio laudantium est velit perspiciatis qui impedit assumenda. Ad maiores galisum sit quis itaque sed voluptatum beatae! ', '16.0', 'Hoàn thành', '27.0');
INSERT INTO Request (requestid, empid, nguoigui, loai, tieude, ngaygui, trangthai, noidung, time_sheetid, up_tinhtrang_timesheet, up_thoigian_timesheet) VALUES ('61', '8', 'Terry Gross', 'Time-sheet', 'Đơn xin cập nhật Time-sheet', '2024-07-26 00:00:00', '0', 'Lorem ipsum dolor sit amet. Ut ipsam amet qui optio laudantium est velit perspiciatis qui impedit assumenda. Ad maiores galisum sit quis itaque sed voluptatum beatae! ', '17.0', 'Hoàn thành', '28.0');
INSERT INTO Request (requestid, empid, nguoigui, loai, tieude, ngaygui, ngaychon, trangthai, noidung) VALUES ('62', '13', 'Alan Ruley', 'From home', 'Đơn xin làm việc tại nhà', '2024-08-23 00:00:00', '2024-08-25 00:00:00', '0', 'Lorem ipsum dolor sit amet. Ut ipsam amet qui optio laudantium est velit perspiciatis qui impedit assumenda. Ad maiores galisum sit quis itaque sed voluptatum beatae! ');
INSERT INTO Request (requestid, empid, nguoigui, loai, tieude, ngaygui, trangthai, noidung, time_sheetid, up_tinhtrang_timesheet, up_thoigian_timesheet) VALUES ('63', '8', 'Terry Gross', 'Time-sheet', 'Đơn xin cập nhật Time-sheet', '2024-07-26 00:00:00', '0', 'Lorem ipsum dolor sit amet. Ut ipsam amet qui optio laudantium est velit perspiciatis qui impedit assumenda. Ad maiores galisum sit quis itaque sed voluptatum beatae! ', '18.0', 'Hoàn thành', '26.0');
INSERT INTO Request (requestid, empid, nguoigui, loai, tieude, ngaygui, ngayxuly, ngaychon, trangthai, noidung, phanhoi) VALUES ('64', '13', 'Alan Ruley', 'From home', 'Đơn xin làm việc tại nhà', '2024-07-04 00:00:00', '2024-07-04 00:00:00', '2024-07-06 00:00:00', '1', 'Lorem ipsum dolor sit amet. Ut ipsam amet qui optio laudantium est velit perspiciatis qui impedit assumenda. Ad maiores galisum sit quis itaque sed voluptatum beatae! ', 'Lorem ipsum dolor sit amet. Ut ipsam amet qui optio laudantium est velit perspiciatis qui impedit assumenda. Ad maiores galisum sit quis itaque sed voluptatum beatae! ');
INSERT INTO Request (requestid, empid, nguoigui, loai, tieude, ngaygui, ngayxuly, trangthai, noidung, phanhoi, time_sheetid, up_tinhtrang_timesheet, up_thoigian_timesheet) VALUES ('65', '12', 'Joel Thomas', 'Time-sheet', 'Đơn xin cập nhật Time-sheet', '2024-07-13 00:00:00', '2024-07-13 00:00:00', '1', 'Lorem ipsum dolor sit amet. Ut ipsam amet qui optio laudantium est velit perspiciatis qui impedit assumenda. Ad maiores galisum sit quis itaque sed voluptatum beatae! ', 'Lorem ipsum dolor sit amet. Ut ipsam amet qui optio laudantium est velit perspiciatis qui impedit assumenda. Ad maiores galisum sit quis itaque sed voluptatum beatae! ', '19.0', 'Hoàn thành', '5.0');
INSERT INTO Request (requestid, empid, nguoigui, loai, tieude, ngaygui, ngayxuly, ngaychon, trangthai, noidung, phanhoi) VALUES ('66', '8', 'Terry Gross', 'From home', 'Đơn xin làm việc tại nhà', '2024-08-24 00:00:00', '2024-08-24 00:00:00', '2024-08-26 00:00:00', '1', 'Lorem ipsum dolor sit amet. Ut ipsam amet qui optio laudantium est velit perspiciatis qui impedit assumenda. Ad maiores galisum sit quis itaque sed voluptatum beatae! ', 'Lorem ipsum dolor sit amet. Ut ipsam amet qui optio laudantium est velit perspiciatis qui impedit assumenda. Ad maiores galisum sit quis itaque sed voluptatum beatae! ');
INSERT INTO Request (requestid, empid, nguoigui, loai, tieude, ngaygui, trangthai, noidung, time_sheetid, up_tinhtrang_timesheet, up_thoigian_timesheet) VALUES ('67', '9', 'Jim Martin', 'Time-sheet', 'Đơn xin cập nhật Time-sheet', '2024-08-28 00:00:00', '0', 'Lorem ipsum dolor sit amet. Ut ipsam amet qui optio laudantium est velit perspiciatis qui impedit assumenda. Ad maiores galisum sit quis itaque sed voluptatum beatae! ', '20.0', 'Hoàn thành', '18.0');
INSERT INTO Request (requestid, empid, nguoigui, loai, tieude, ngaygui, ngayxuly, trangthai, noidung, phanhoi, time_sheetid, up_tinhtrang_timesheet, up_thoigian_timesheet) VALUES ('68', '6', 'Lucile Sexton', 'Time-sheet', 'Đơn xin cập nhật Time-sheet', '2024-08-22 00:00:00', '2024-08-22 00:00:00', '1', 'Lorem ipsum dolor sit amet. Ut ipsam amet qui optio laudantium est velit perspiciatis qui impedit assumenda. Ad maiores galisum sit quis itaque sed voluptatum beatae! ', 'Lorem ipsum dolor sit amet. Ut ipsam amet qui optio laudantium est velit perspiciatis qui impedit assumenda. Ad maiores galisum sit quis itaque sed voluptatum beatae! ', '21.0', 'Hoàn thành', '13.0');
INSERT INTO Request (requestid, empid, nguoigui, loai, tieude, ngaygui, ngayxuly, trangthai, noidung, phanhoi, time_sheetid, up_tinhtrang_timesheet, up_thoigian_timesheet) VALUES ('69', '11', 'Nancy Garcia', 'Time-sheet', 'Đơn xin cập nhật Time-sheet', '2024-08-19 00:00:00', '2024-08-19 00:00:00', '1', 'Lorem ipsum dolor sit amet. Ut ipsam amet qui optio laudantium est velit perspiciatis qui impedit assumenda. Ad maiores galisum sit quis itaque sed voluptatum beatae! ', 'Lorem ipsum dolor sit amet. Ut ipsam amet qui optio laudantium est velit perspiciatis qui impedit assumenda. Ad maiores galisum sit quis itaque sed voluptatum beatae! ', '22.0', 'Hoàn thành', '12.0');
INSERT INTO Request (requestid, empid, nguoigui, loai, tieude, ngaygui, ngaychon, trangthai, noidung) VALUES ('70', '10', 'Kathy Weatherby', 'From home', 'Đơn xin làm việc tại nhà', '2024-07-10 00:00:00', '2024-07-12 00:00:00', '0', 'Lorem ipsum dolor sit amet. Ut ipsam amet qui optio laudantium est velit perspiciatis qui impedit assumenda. Ad maiores galisum sit quis itaque sed voluptatum beatae! ');
INSERT INTO Request (requestid, empid, nguoigui, loai, tieude, ngaygui, ngayxuly, trangthai, noidung, phanhoi, time_sheetid, up_tinhtrang_timesheet, up_thoigian_timesheet) VALUES ('71', '5', 'Devin Lear', 'Time-sheet', 'Đơn xin cập nhật Time-sheet', '2024-08-10 00:00:00', '2024-08-10 00:00:00', '1', 'Lorem ipsum dolor sit amet. Ut ipsam amet qui optio laudantium est velit perspiciatis qui impedit assumenda. Ad maiores galisum sit quis itaque sed voluptatum beatae! ', 'Lorem ipsum dolor sit amet. Ut ipsam amet qui optio laudantium est velit perspiciatis qui impedit assumenda. Ad maiores galisum sit quis itaque sed voluptatum beatae! ', '23.0', 'Hoàn thành', '17.0');
INSERT INTO Request (requestid, empid, nguoigui, loai, tieude, ngaygui, ngaychon, trangthai, noidung) VALUES ('72', '11', 'Nancy Garcia', 'From home', 'Đơn xin làm việc tại nhà', '2024-08-05 00:00:00', '2024-08-07 00:00:00', '0', 'Lorem ipsum dolor sit amet. Ut ipsam amet qui optio laudantium est velit perspiciatis qui impedit assumenda. Ad maiores galisum sit quis itaque sed voluptatum beatae! ');
INSERT INTO Request (requestid, empid, nguoigui, loai, tieude, ngaygui, ngayxuly, ngaychon, trangthai, noidung, phanhoi) VALUES ('73', '5', 'Devin Lear', 'From home', 'Đơn xin làm việc tại nhà', '2024-07-11 00:00:00', '2024-07-11 00:00:00', '2024-07-13 00:00:00', '1', 'Lorem ipsum dolor sit amet. Ut ipsam amet qui optio laudantium est velit perspiciatis qui impedit assumenda. Ad maiores galisum sit quis itaque sed voluptatum beatae! ', 'Lorem ipsum dolor sit amet. Ut ipsam amet qui optio laudantium est velit perspiciatis qui impedit assumenda. Ad maiores galisum sit quis itaque sed voluptatum beatae! ');
INSERT INTO Request (requestid, empid, nguoigui, loai, tieude, ngaygui, ngayxuly, ngaychon, trangthai, noidung, phanhoi) VALUES ('74', '9', 'Jim Martin', 'Nghỉ phép', 'Đơn xin nghỉ phép', '2024-08-24 00:00:00', '2024-08-24 00:00:00', '2024-08-26 00:00:00', '1', 'Lorem ipsum dolor sit amet. Ut ipsam amet qui optio laudantium est velit perspiciatis qui impedit assumenda. Ad maiores galisum sit quis itaque sed voluptatum beatae! ', 'Lorem ipsum dolor sit amet. Ut ipsam amet qui optio laudantium est velit perspiciatis qui impedit assumenda. Ad maiores galisum sit quis itaque sed voluptatum beatae! ');
INSERT INTO Request (requestid, empid, nguoigui, loai, tieude, ngaygui, ngaychon, trangthai, noidung) VALUES ('75', '9', 'Jim Martin', 'Nghỉ phép', 'Đơn xin nghỉ phép', '2024-08-16 00:00:00', '2024-08-18 00:00:00', '0', 'Lorem ipsum dolor sit amet. Ut ipsam amet qui optio laudantium est velit perspiciatis qui impedit assumenda. Ad maiores galisum sit quis itaque sed voluptatum beatae! ');
INSERT INTO Request (requestid, empid, nguoigui, loai, tieude, ngaygui, ngayxuly, ngaychon, trangthai, noidung, phanhoi) VALUES ('76', '13', 'Alan Ruley', 'Nghỉ phép', 'Đơn xin nghỉ phép', '2024-08-30 00:00:00', '2024-08-30 00:00:00', '2024-09-01 00:00:00', '1', 'Lorem ipsum dolor sit amet. Ut ipsam amet qui optio laudantium est velit perspiciatis qui impedit assumenda. Ad maiores galisum sit quis itaque sed voluptatum beatae! ', 'Lorem ipsum dolor sit amet. Ut ipsam amet qui optio laudantium est velit perspiciatis qui impedit assumenda. Ad maiores galisum sit quis itaque sed voluptatum beatae! ');
INSERT INTO Request (requestid, empid, nguoigui, loai, tieude, ngaygui, ngayxuly, ngaychon, trangthai, noidung, phanhoi) VALUES ('77', '13', 'Alan Ruley', 'From home', 'Đơn xin làm việc tại nhà', '2024-08-26 00:00:00', '2024-08-26 00:00:00', '2024-08-28 00:00:00', '1', 'Lorem ipsum dolor sit amet. Ut ipsam amet qui optio laudantium est velit perspiciatis qui impedit assumenda. Ad maiores galisum sit quis itaque sed voluptatum beatae! ', 'Lorem ipsum dolor sit amet. Ut ipsam amet qui optio laudantium est velit perspiciatis qui impedit assumenda. Ad maiores galisum sit quis itaque sed voluptatum beatae! ');
INSERT INTO Request (requestid, empid, nguoigui, loai, tieude, ngaygui, ngayxuly, trangthai, noidung, phanhoi, time_sheetid, up_tinhtrang_timesheet, up_thoigian_timesheet) VALUES ('78', '10', 'Kathy Weatherby', 'Time-sheet', 'Đơn xin cập nhật Time-sheet', '2024-08-04 00:00:00', '2024-08-04 00:00:00', '1', 'Lorem ipsum dolor sit amet. Ut ipsam amet qui optio laudantium est velit perspiciatis qui impedit assumenda. Ad maiores galisum sit quis itaque sed voluptatum beatae! ', 'Lorem ipsum dolor sit amet. Ut ipsam amet qui optio laudantium est velit perspiciatis qui impedit assumenda. Ad maiores galisum sit quis itaque sed voluptatum beatae! ', '24.0', 'Hoàn thành', '23.0');
INSERT INTO Request (requestid, empid, nguoigui, loai, tieude, ngaygui, ngaychon, trangthai, noidung) VALUES ('79', '4', 'Tara Applewhite', 'Nghỉ phép', 'Đơn xin nghỉ phép', '2024-07-09 00:00:00', '2024-07-11 00:00:00', '0', 'Lorem ipsum dolor sit amet. Ut ipsam amet qui optio laudantium est velit perspiciatis qui impedit assumenda. Ad maiores galisum sit quis itaque sed voluptatum beatae! ');
INSERT INTO Request (requestid, empid, nguoigui, loai, tieude, ngaygui, ngaychon, trangthai, noidung) VALUES ('80', '1', 'Bông Bông', 'Nghỉ phép', 'Đơn xin nghỉ phép', '2024-08-11 00:00:00', '2024-08-13 00:00:00', '0', 'Lorem ipsum dolor sit amet. Ut ipsam amet qui optio laudantium est velit perspiciatis qui impedit assumenda. Ad maiores galisum sit quis itaque sed voluptatum beatae! ');
INSERT INTO Request (requestid, empid, nguoigui, loai, tieude, ngaygui, ngayxuly, ngaychon, trangthai, noidung, phanhoi) VALUES ('81', '13', 'Alan Ruley', 'Nghỉ phép', 'Đơn xin nghỉ phép', '2024-08-09 00:00:00', '2024-08-09 00:00:00', '2024-08-11 00:00:00', '1', 'Lorem ipsum dolor sit amet. Ut ipsam amet qui optio laudantium est velit perspiciatis qui impedit assumenda. Ad maiores galisum sit quis itaque sed voluptatum beatae! ', 'Lorem ipsum dolor sit amet. Ut ipsam amet qui optio laudantium est velit perspiciatis qui impedit assumenda. Ad maiores galisum sit quis itaque sed voluptatum beatae! ');
INSERT INTO Request (requestid, empid, nguoigui, loai, tieude, ngaygui, ngayxuly, ngaychon, trangthai, noidung, phanhoi) VALUES ('82', '4', 'Tara Applewhite', 'Nghỉ phép', 'Đơn xin nghỉ phép', '2024-08-20 00:00:00', '2024-08-20 00:00:00', '2024-08-22 00:00:00', '1', 'Lorem ipsum dolor sit amet. Ut ipsam amet qui optio laudantium est velit perspiciatis qui impedit assumenda. Ad maiores galisum sit quis itaque sed voluptatum beatae! ', 'Lorem ipsum dolor sit amet. Ut ipsam amet qui optio laudantium est velit perspiciatis qui impedit assumenda. Ad maiores galisum sit quis itaque sed voluptatum beatae! ');
INSERT INTO Request (requestid, empid, nguoigui, loai, tieude, ngaygui, ngayxuly, trangthai, noidung, phanhoi, time_sheetid, up_tinhtrang_timesheet, up_thoigian_timesheet) VALUES ('83', '11', 'Nancy Garcia', 'Time-sheet', 'Đơn xin cập nhật Time-sheet', '2024-08-17 00:00:00', '2024-08-17 00:00:00', '1', 'Lorem ipsum dolor sit amet. Ut ipsam amet qui optio laudantium est velit perspiciatis qui impedit assumenda. Ad maiores galisum sit quis itaque sed voluptatum beatae! ', 'Lorem ipsum dolor sit amet. Ut ipsam amet qui optio laudantium est velit perspiciatis qui impedit assumenda. Ad maiores galisum sit quis itaque sed voluptatum beatae! ', '25.0', 'Hoàn thành', '22.0');
INSERT INTO Request (requestid, empid, nguoigui, loai, tieude, ngaygui, ngayxuly, trangthai, noidung, phanhoi, time_sheetid, up_tinhtrang_timesheet, up_thoigian_timesheet) VALUES ('84', '6', 'Lucile Sexton', 'Time-sheet', 'Đơn xin cập nhật Time-sheet', '2024-07-03 00:00:00', '2024-07-03 00:00:00', '1', 'Lorem ipsum dolor sit amet. Ut ipsam amet qui optio laudantium est velit perspiciatis qui impedit assumenda. Ad maiores galisum sit quis itaque sed voluptatum beatae! ', 'Lorem ipsum dolor sit amet. Ut ipsam amet qui optio laudantium est velit perspiciatis qui impedit assumenda. Ad maiores galisum sit quis itaque sed voluptatum beatae! ', '26.0', 'Hoàn thành', '29.0');
INSERT INTO Request (requestid, empid, nguoigui, loai, tieude, ngaygui, ngayxuly, ngaychon, trangthai, noidung, phanhoi) VALUES ('85', '13', 'Alan Ruley', 'Nghỉ phép', 'Đơn xin nghỉ phép', '2024-07-20 00:00:00', '2024-07-20 00:00:00', '2024-07-22 00:00:00', '1', 'Lorem ipsum dolor sit amet. Ut ipsam amet qui optio laudantium est velit perspiciatis qui impedit assumenda. Ad maiores galisum sit quis itaque sed voluptatum beatae! ', 'Lorem ipsum dolor sit amet. Ut ipsam amet qui optio laudantium est velit perspiciatis qui impedit assumenda. Ad maiores galisum sit quis itaque sed voluptatum beatae! ');
INSERT INTO Request (requestid, empid, nguoigui, loai, tieude, ngaygui, trangthai, noidung, time_sheetid, up_tinhtrang_timesheet, up_thoigian_timesheet) VALUES ('86', '5', 'Devin Lear', 'Time-sheet', 'Đơn xin cập nhật Time-sheet', '2024-08-07 00:00:00', '0', 'Lorem ipsum dolor sit amet. Ut ipsam amet qui optio laudantium est velit perspiciatis qui impedit assumenda. Ad maiores galisum sit quis itaque sed voluptatum beatae! ', '27.0', 'Hoàn thành', '29.0');
INSERT INTO Request (requestid, empid, nguoigui, loai, tieude, ngaygui, ngayxuly, trangthai, noidung, phanhoi, time_sheetid, up_tinhtrang_timesheet, up_thoigian_timesheet) VALUES ('87', '5', 'Devin Lear', 'Time-sheet', 'Đơn xin cập nhật Time-sheet', '2024-07-21 00:00:00', '2024-07-21 00:00:00', '1', 'Lorem ipsum dolor sit amet. Ut ipsam amet qui optio laudantium est velit perspiciatis qui impedit assumenda. Ad maiores galisum sit quis itaque sed voluptatum beatae! ', 'Lorem ipsum dolor sit amet. Ut ipsam amet qui optio laudantium est velit perspiciatis qui impedit assumenda. Ad maiores galisum sit quis itaque sed voluptatum beatae! ', '28.0', 'Hoàn thành', '7.0');
INSERT INTO Request (requestid, empid, nguoigui, loai, tieude, ngaygui, ngaychon, trangthai, noidung) VALUES ('88', '6', 'Lucile Sexton', 'From home', 'Đơn xin làm việc tại nhà', '2024-07-27 00:00:00', '2024-07-29 00:00:00', '0', 'Lorem ipsum dolor sit amet. Ut ipsam amet qui optio laudantium est velit perspiciatis qui impedit assumenda. Ad maiores galisum sit quis itaque sed voluptatum beatae! ');
INSERT INTO Request (requestid, empid, nguoigui, loai, tieude, ngaygui, ngayxuly, ngaychon, trangthai, noidung, phanhoi) VALUES ('89', '10', 'Kathy Weatherby', 'Nghỉ phép', 'Đơn xin nghỉ phép', '2024-07-25 00:00:00', '2024-07-25 00:00:00', '2024-07-27 00:00:00', '1', 'Lorem ipsum dolor sit amet. Ut ipsam amet qui optio laudantium est velit perspiciatis qui impedit assumenda. Ad maiores galisum sit quis itaque sed voluptatum beatae! ', 'Lorem ipsum dolor sit amet. Ut ipsam amet qui optio laudantium est velit perspiciatis qui impedit assumenda. Ad maiores galisum sit quis itaque sed voluptatum beatae! ');
INSERT INTO Request (requestid, empid, nguoigui, loai, tieude, ngaygui, ngaychon, trangthai, noidung) VALUES ('90', '13', 'Alan Ruley', 'From home', 'Đơn xin làm việc tại nhà', '2024-07-01 00:00:00', '2024-07-03 00:00:00', '0', 'Lorem ipsum dolor sit amet. Ut ipsam amet qui optio laudantium est velit perspiciatis qui impedit assumenda. Ad maiores galisum sit quis itaque sed voluptatum beatae! ');
INSERT INTO Request (requestid, empid, nguoigui, loai, tieude, ngaygui, trangthai, noidung, time_sheetid, up_tinhtrang_timesheet, up_thoigian_timesheet) VALUES ('91', '1', 'Bông Bông', 'Time-sheet', 'Đơn xin cập nhật Time-sheet', '2024-08-15 00:00:00', '0', 'Lorem ipsum dolor sit amet. Ut ipsam amet qui optio laudantium est velit perspiciatis qui impedit assumenda. Ad maiores galisum sit quis itaque sed voluptatum beatae! ', '29.0', 'Hoàn thành', '27.0');
INSERT INTO Request (requestid, empid, nguoigui, loai, tieude, ngaygui, ngaychon, trangthai, noidung) VALUES ('92', '6', 'Lucile Sexton', 'From home', 'Đơn xin làm việc tại nhà', '2024-08-20 00:00:00', '2024-08-22 00:00:00', '0', 'Lorem ipsum dolor sit amet. Ut ipsam amet qui optio laudantium est velit perspiciatis qui impedit assumenda. Ad maiores galisum sit quis itaque sed voluptatum beatae! ');
INSERT INTO Request (requestid, empid, nguoigui, loai, tieude, ngaygui, ngayxuly, trangthai, noidung, phanhoi, time_sheetid, up_tinhtrang_timesheet, up_thoigian_timesheet) VALUES ('93', '11', 'Nancy Garcia', 'Time-sheet', 'Đơn xin cập nhật Time-sheet', '2024-08-18 00:00:00', '2024-08-18 00:00:00', '1', 'Lorem ipsum dolor sit amet. Ut ipsam amet qui optio laudantium est velit perspiciatis qui impedit assumenda. Ad maiores galisum sit quis itaque sed voluptatum beatae! ', 'Lorem ipsum dolor sit amet. Ut ipsam amet qui optio laudantium est velit perspiciatis qui impedit assumenda. Ad maiores galisum sit quis itaque sed voluptatum beatae! ', '30.0', 'Hoàn thành', '15.0');
INSERT INTO Request (requestid, empid, nguoigui, loai, tieude, ngaygui, ngayxuly, ngaychon, trangthai, noidung, phanhoi) VALUES ('94', '9', 'Jim Martin', 'From home', 'Đơn xin làm việc tại nhà', '2024-08-13 00:00:00', '2024-08-13 00:00:00', '2024-08-15 00:00:00', '1', 'Lorem ipsum dolor sit amet. Ut ipsam amet qui optio laudantium est velit perspiciatis qui impedit assumenda. Ad maiores galisum sit quis itaque sed voluptatum beatae! ', 'Lorem ipsum dolor sit amet. Ut ipsam amet qui optio laudantium est velit perspiciatis qui impedit assumenda. Ad maiores galisum sit quis itaque sed voluptatum beatae! ');
INSERT INTO Request (requestid, empid, nguoigui, loai, tieude, ngaygui, ngaychon, trangthai, noidung) VALUES ('95', '10', 'Kathy Weatherby', 'Nghỉ phép', 'Đơn xin nghỉ phép', '2024-07-23 00:00:00', '2024-07-25 00:00:00', '0', 'Lorem ipsum dolor sit amet. Ut ipsam amet qui optio laudantium est velit perspiciatis qui impedit assumenda. Ad maiores galisum sit quis itaque sed voluptatum beatae! ');
INSERT INTO Request (requestid, empid, nguoigui, loai, tieude, ngaygui, trangthai, noidung, time_sheetid, up_tinhtrang_timesheet, up_thoigian_timesheet) VALUES ('96', '5', 'Devin Lear', 'Time-sheet', 'Đơn xin cập nhật Time-sheet', '2024-08-27 00:00:00', '0', 'Lorem ipsum dolor sit amet. Ut ipsam amet qui optio laudantium est velit perspiciatis qui impedit assumenda. Ad maiores galisum sit quis itaque sed voluptatum beatae! ', '31.0', 'Hoàn thành', '21.0');
INSERT INTO Request (requestid, empid, nguoigui, loai, tieude, ngaygui, trangthai, noidung, time_sheetid, up_tinhtrang_timesheet, up_thoigian_timesheet) VALUES ('97', '8', 'Terry Gross', 'Time-sheet', 'Đơn xin cập nhật Time-sheet', '2024-07-03 00:00:00', '0', 'Lorem ipsum dolor sit amet. Ut ipsam amet qui optio laudantium est velit perspiciatis qui impedit assumenda. Ad maiores galisum sit quis itaque sed voluptatum beatae! ', '32.0', 'Hoàn thành', '19.0');
INSERT INTO Request (requestid, empid, nguoigui, loai, tieude, ngaygui, ngaychon, trangthai, noidung) VALUES ('98', '13', 'Alan Ruley', 'Nghỉ phép', 'Đơn xin nghỉ phép', '2024-08-21 00:00:00', '2024-08-23 00:00:00', '0', 'Lorem ipsum dolor sit amet. Ut ipsam amet qui optio laudantium est velit perspiciatis qui impedit assumenda. Ad maiores galisum sit quis itaque sed voluptatum beatae! ');
INSERT INTO Request (requestid, empid, nguoigui, loai, tieude, ngaygui, ngaychon, trangthai, noidung) VALUES ('99', '6', 'Lucile Sexton', 'Nghỉ phép', 'Đơn xin nghỉ phép', '2024-07-30 00:00:00', '2024-08-01 00:00:00', '0', 'Lorem ipsum dolor sit amet. Ut ipsam amet qui optio laudantium est velit perspiciatis qui impedit assumenda. Ad maiores galisum sit quis itaque sed voluptatum beatae! ');
INSERT INTO Request (requestid, empid, nguoigui, loai, tieude, ngaygui, ngaychon, trangthai, noidung) VALUES ('100', '15', 'Richard L. Anderson', 'Nghỉ phép', 'Đơn xin nghỉ phép', '2024-07-21 00:00:00', '2024-07-23 00:00:00', '0', 'Lorem ipsum dolor sit amet. Ut ipsam amet qui optio laudantium est velit perspiciatis qui impedit assumenda. Ad maiores galisum sit quis itaque sed voluptatum beatae! ');
INSERT INTO Request (requestid, empid, nguoigui, loai, tieude, ngaygui, ngaychon, trangthai, noidung) VALUES ('101', '10', 'Kathy Weatherby', 'From home', 'Đơn xin làm việc tại nhà', '2024-08-20 00:00:00', '2024-08-22 00:00:00', '0', 'Lorem ipsum dolor sit amet. Ut ipsam amet qui optio laudantium est velit perspiciatis qui impedit assumenda. Ad maiores galisum sit quis itaque sed voluptatum beatae! ');
INSERT INTO Request (requestid, empid, nguoigui, loai, tieude, ngaygui, ngayxuly, ngaychon, trangthai, noidung, phanhoi) VALUES ('102', '13', 'Alan Ruley', 'From home', 'Đơn xin làm việc tại nhà', '2024-08-16 00:00:00', '2024-08-16 00:00:00', '2024-08-18 00:00:00', '1', 'Lorem ipsum dolor sit amet. Ut ipsam amet qui optio laudantium est velit perspiciatis qui impedit assumenda. Ad maiores galisum sit quis itaque sed voluptatum beatae! ', 'Lorem ipsum dolor sit amet. Ut ipsam amet qui optio laudantium est velit perspiciatis qui impedit assumenda. Ad maiores galisum sit quis itaque sed voluptatum beatae! ');
INSERT INTO Request (requestid, empid, nguoigui, loai, tieude, ngaygui, ngayxuly, ngaychon, trangthai, noidung, phanhoi) VALUES ('103', '13', 'Alan Ruley', 'From home', 'Đơn xin làm việc tại nhà', '2024-07-08 00:00:00', '2024-07-08 00:00:00', '2024-07-10 00:00:00', '1', 'Lorem ipsum dolor sit amet. Ut ipsam amet qui optio laudantium est velit perspiciatis qui impedit assumenda. Ad maiores galisum sit quis itaque sed voluptatum beatae! ', 'Lorem ipsum dolor sit amet. Ut ipsam amet qui optio laudantium est velit perspiciatis qui impedit assumenda. Ad maiores galisum sit quis itaque sed voluptatum beatae! ');
INSERT INTO Request (requestid, empid, nguoigui, loai, tieude, ngaygui, ngaychon, trangthai, noidung) VALUES ('104', '15', 'Richard L. Anderson', 'From home', 'Đơn xin làm việc tại nhà', '2024-07-08 00:00:00', '2024-07-10 00:00:00', '0', 'Lorem ipsum dolor sit amet. Ut ipsam amet qui optio laudantium est velit perspiciatis qui impedit assumenda. Ad maiores galisum sit quis itaque sed voluptatum beatae! ');
INSERT INTO Request (requestid, empid, nguoigui, loai, tieude, ngaygui, ngayxuly, ngaychon, trangthai, noidung, phanhoi) VALUES ('105', '5', 'Devin Lear', 'Nghỉ phép', 'Đơn xin nghỉ phép', '2024-08-08 00:00:00', '2024-08-08 00:00:00', '2024-08-10 00:00:00', '1', 'Lorem ipsum dolor sit amet. Ut ipsam amet qui optio laudantium est velit perspiciatis qui impedit assumenda. Ad maiores galisum sit quis itaque sed voluptatum beatae! ', 'Lorem ipsum dolor sit amet. Ut ipsam amet qui optio laudantium est velit perspiciatis qui impedit assumenda. Ad maiores galisum sit quis itaque sed voluptatum beatae! ');
INSERT INTO Request (requestid, empid, nguoigui, loai, tieude, ngaygui, ngaychon, trangthai, noidung) VALUES ('106', '12', 'Joel Thomas', 'From home', 'Đơn xin làm việc tại nhà', '2024-07-04 00:00:00', '2024-07-06 00:00:00', '0', 'Lorem ipsum dolor sit amet. Ut ipsam amet qui optio laudantium est velit perspiciatis qui impedit assumenda. Ad maiores galisum sit quis itaque sed voluptatum beatae! ');
INSERT INTO Request (requestid, empid, nguoigui, loai, tieude, ngaygui, ngaychon, trangthai, noidung) VALUES ('107', '13', 'Alan Ruley', 'Nghỉ phép', 'Đơn xin nghỉ phép', '2024-08-21 00:00:00', '2024-08-23 00:00:00', '0', 'Lorem ipsum dolor sit amet. Ut ipsam amet qui optio laudantium est velit perspiciatis qui impedit assumenda. Ad maiores galisum sit quis itaque sed voluptatum beatae! ');
INSERT INTO Request (requestid, empid, nguoigui, loai, tieude, ngaygui, ngaychon, trangthai, noidung) VALUES ('108', '9', 'Jim Martin', 'Nghỉ phép', 'Đơn xin nghỉ phép', '2024-08-08 00:00:00', '2024-08-10 00:00:00', '0', 'Lorem ipsum dolor sit amet. Ut ipsam amet qui optio laudantium est velit perspiciatis qui impedit assumenda. Ad maiores galisum sit quis itaque sed voluptatum beatae! ');
INSERT INTO Request (requestid, empid, nguoigui, loai, tieude, ngaygui, ngayxuly, ngaychon, trangthai, noidung, phanhoi) VALUES ('109', '15', 'Richard L. Anderson', 'Nghỉ phép', 'Đơn xin nghỉ phép', '2024-08-16 00:00:00', '2024-08-16 00:00:00', '2024-08-18 00:00:00', '1', 'Lorem ipsum dolor sit amet. Ut ipsam amet qui optio laudantium est velit perspiciatis qui impedit assumenda. Ad maiores galisum sit quis itaque sed voluptatum beatae! ', 'Lorem ipsum dolor sit amet. Ut ipsam amet qui optio laudantium est velit perspiciatis qui impedit assumenda. Ad maiores galisum sit quis itaque sed voluptatum beatae! ');
INSERT INTO Request (requestid, empid, nguoigui, loai, tieude, ngaygui, ngayxuly, ngaychon, trangthai, noidung, phanhoi) VALUES ('110', '15', 'Richard L. Anderson', 'From home', 'Đơn xin làm việc tại nhà', '2024-07-21 00:00:00', '2024-07-21 00:00:00', '2024-07-23 00:00:00', '1', 'Lorem ipsum dolor sit amet. Ut ipsam amet qui optio laudantium est velit perspiciatis qui impedit assumenda. Ad maiores galisum sit quis itaque sed voluptatum beatae! ', 'Lorem ipsum dolor sit amet. Ut ipsam amet qui optio laudantium est velit perspiciatis qui impedit assumenda. Ad maiores galisum sit quis itaque sed voluptatum beatae! ');
INSERT INTO Request (requestid, empid, nguoigui, loai, tieude, ngaygui, ngayxuly, ngaychon, trangthai, noidung, phanhoi) VALUES ('111', '5', 'Devin Lear', 'From home', 'Đơn xin làm việc tại nhà', '2024-08-03 00:00:00', '2024-08-03 00:00:00', '2024-08-05 00:00:00', '1', 'Lorem ipsum dolor sit amet. Ut ipsam amet qui optio laudantium est velit perspiciatis qui impedit assumenda. Ad maiores galisum sit quis itaque sed voluptatum beatae! ', 'Lorem ipsum dolor sit amet. Ut ipsam amet qui optio laudantium est velit perspiciatis qui impedit assumenda. Ad maiores galisum sit quis itaque sed voluptatum beatae! ');
INSERT INTO Request (requestid, empid, nguoigui, loai, tieude, ngaygui, ngaychon, trangthai, noidung) VALUES ('112', '4', 'Tara Applewhite', 'Nghỉ phép', 'Đơn xin nghỉ phép', '2024-07-12 00:00:00', '2024-07-14 00:00:00', '0', 'Lorem ipsum dolor sit amet. Ut ipsam amet qui optio laudantium est velit perspiciatis qui impedit assumenda. Ad maiores galisum sit quis itaque sed voluptatum beatae! ');
INSERT INTO Request (requestid, empid, nguoigui, loai, tieude, ngaygui, ngayxuly, ngaychon, trangthai, noidung, phanhoi) VALUES ('113', '6', 'Lucile Sexton', 'Nghỉ phép', 'Đơn xin nghỉ phép', '2024-07-31 00:00:00', '2024-07-31 00:00:00', '2024-08-02 00:00:00', '1', 'Lorem ipsum dolor sit amet. Ut ipsam amet qui optio laudantium est velit perspiciatis qui impedit assumenda. Ad maiores galisum sit quis itaque sed voluptatum beatae! ', 'Lorem ipsum dolor sit amet. Ut ipsam amet qui optio laudantium est velit perspiciatis qui impedit assumenda. Ad maiores galisum sit quis itaque sed voluptatum beatae! ');
INSERT INTO Request (requestid, empid, nguoigui, loai, tieude, ngaygui, ngayxuly, ngaychon, trangthai, noidung, phanhoi) VALUES ('114', '9', 'Jim Martin', 'From home', 'Đơn xin làm việc tại nhà', '2024-07-13 00:00:00', '2024-07-13 00:00:00', '2024-07-15 00:00:00', '1', 'Lorem ipsum dolor sit amet. Ut ipsam amet qui optio laudantium est velit perspiciatis qui impedit assumenda. Ad maiores galisum sit quis itaque sed voluptatum beatae! ', 'Lorem ipsum dolor sit amet. Ut ipsam amet qui optio laudantium est velit perspiciatis qui impedit assumenda. Ad maiores galisum sit quis itaque sed voluptatum beatae! ');
INSERT INTO Request (requestid, empid, nguoigui, loai, tieude, ngaygui, ngaychon, trangthai, noidung) VALUES ('115', '8', 'Terry Gross', 'From home', 'Đơn xin làm việc tại nhà', '2024-08-17 00:00:00', '2024-08-19 00:00:00', '0', 'Lorem ipsum dolor sit amet. Ut ipsam amet qui optio laudantium est velit perspiciatis qui impedit assumenda. Ad maiores galisum sit quis itaque sed voluptatum beatae! ');
INSERT INTO Request (requestid, empid, nguoigui, loai, tieude, ngaygui, ngayxuly, ngaychon, trangthai, noidung, phanhoi) VALUES ('116', '12', 'Joel Thomas', 'Nghỉ phép', 'Đơn xin nghỉ phép', '2024-08-28 00:00:00', '2024-08-28 00:00:00', '2024-08-30 00:00:00', '1', 'Lorem ipsum dolor sit amet. Ut ipsam amet qui optio laudantium est velit perspiciatis qui impedit assumenda. Ad maiores galisum sit quis itaque sed voluptatum beatae! ', 'Lorem ipsum dolor sit amet. Ut ipsam amet qui optio laudantium est velit perspiciatis qui impedit assumenda. Ad maiores galisum sit quis itaque sed voluptatum beatae! ');
INSERT INTO Request (requestid, empid, nguoigui, loai, tieude, ngaygui, ngaychon, trangthai, noidung) VALUES ('117', '11', 'Nancy Garcia', 'From home', 'Đơn xin làm việc tại nhà', '2024-08-07 00:00:00', '2024-08-09 00:00:00', '0', 'Lorem ipsum dolor sit amet. Ut ipsam amet qui optio laudantium est velit perspiciatis qui impedit assumenda. Ad maiores galisum sit quis itaque sed voluptatum beatae! ');
INSERT INTO Request (requestid, empid, nguoigui, loai, tieude, ngaygui, ngayxuly, ngaychon, trangthai, noidung, phanhoi) VALUES ('118', '4', 'Tara Applewhite', 'Nghỉ phép', 'Đơn xin nghỉ phép', '2024-08-17 00:00:00', '2024-08-17 00:00:00', '2024-08-19 00:00:00', '1', 'Lorem ipsum dolor sit amet. Ut ipsam amet qui optio laudantium est velit perspiciatis qui impedit assumenda. Ad maiores galisum sit quis itaque sed voluptatum beatae! ', 'Lorem ipsum dolor sit amet. Ut ipsam amet qui optio laudantium est velit perspiciatis qui impedit assumenda. Ad maiores galisum sit quis itaque sed voluptatum beatae! ');
INSERT INTO Request (requestid, empid, nguoigui, loai, tieude, ngaygui, ngayxuly, ngaychon, trangthai, noidung, phanhoi) VALUES ('119', '1', 'Bông Bông', 'Nghỉ phép', 'Đơn xin nghỉ phép', '2024-08-31 00:00:00', '2024-08-31 00:00:00', '2024-09-02 00:00:00', '1', 'Lorem ipsum dolor sit amet. Ut ipsam amet qui optio laudantium est velit perspiciatis qui impedit assumenda. Ad maiores galisum sit quis itaque sed voluptatum beatae! ', 'Lorem ipsum dolor sit amet. Ut ipsam amet qui optio laudantium est velit perspiciatis qui impedit assumenda. Ad maiores galisum sit quis itaque sed voluptatum beatae! ');
INSERT INTO Request (requestid, empid, nguoigui, loai, tieude, ngaygui, ngaychon, trangthai, noidung) VALUES ('120', '13', 'Alan Ruley', 'From home', 'Đơn xin làm việc tại nhà', '2024-07-01 00:00:00', '2024-07-03 00:00:00', '0', 'Lorem ipsum dolor sit amet. Ut ipsam amet qui optio laudantium est velit perspiciatis qui impedit assumenda. Ad maiores galisum sit quis itaque sed voluptatum beatae! ');
INSERT INTO Request (requestid, empid, nguoigui, loai, tieude, ngaygui, ngaychon, trangthai, noidung) VALUES ('121', '12', 'Joel Thomas', 'From home', 'Đơn xin làm việc tại nhà', '2024-08-13 00:00:00', '2024-08-15 00:00:00', '0', 'Lorem ipsum dolor sit amet. Ut ipsam amet qui optio laudantium est velit perspiciatis qui impedit assumenda. Ad maiores galisum sit quis itaque sed voluptatum beatae! ');
INSERT INTO Request (requestid, empid, nguoigui, loai, tieude, ngaygui, ngayxuly, ngaychon, trangthai, noidung, phanhoi) VALUES ('122', '13', 'Alan Ruley', 'Nghỉ phép', 'Đơn xin nghỉ phép', '2024-07-11 00:00:00', '2024-07-11 00:00:00', '2024-07-13 00:00:00', '1', 'Lorem ipsum dolor sit amet. Ut ipsam amet qui optio laudantium est velit perspiciatis qui impedit assumenda. Ad maiores galisum sit quis itaque sed voluptatum beatae! ', 'Lorem ipsum dolor sit amet. Ut ipsam amet qui optio laudantium est velit perspiciatis qui impedit assumenda. Ad maiores galisum sit quis itaque sed voluptatum beatae! ');
INSERT INTO Request (requestid, empid, nguoigui, loai, tieude, ngaygui, ngaychon, trangthai, noidung) VALUES ('123', '8', 'Terry Gross', 'Nghỉ phép', 'Đơn xin nghỉ phép', '2024-08-06 00:00:00', '2024-08-08 00:00:00', '0', 'Lorem ipsum dolor sit amet. Ut ipsam amet qui optio laudantium est velit perspiciatis qui impedit assumenda. Ad maiores galisum sit quis itaque sed voluptatum beatae! ');
INSERT INTO Request (requestid, empid, nguoigui, loai, tieude, ngaygui, ngaychon, trangthai, noidung) VALUES ('124', '10', 'Kathy Weatherby', 'Nghỉ phép', 'Đơn xin nghỉ phép', '2024-07-14 00:00:00', '2024-07-16 00:00:00', '0', 'Lorem ipsum dolor sit amet. Ut ipsam amet qui optio laudantium est velit perspiciatis qui impedit assumenda. Ad maiores galisum sit quis itaque sed voluptatum beatae! ');
INSERT INTO Request (requestid, empid, nguoigui, loai, tieude, ngaygui, ngayxuly, ngaychon, trangthai, noidung, phanhoi) VALUES ('125', '9', 'Jim Martin', 'Nghỉ phép', 'Đơn xin nghỉ phép', '2024-07-02 00:00:00', '2024-07-02 00:00:00', '2024-07-04 00:00:00', '1', 'Lorem ipsum dolor sit amet. Ut ipsam amet qui optio laudantium est velit perspiciatis qui impedit assumenda. Ad maiores galisum sit quis itaque sed voluptatum beatae! ', 'Lorem ipsum dolor sit amet. Ut ipsam amet qui optio laudantium est velit perspiciatis qui impedit assumenda. Ad maiores galisum sit quis itaque sed voluptatum beatae! ');
INSERT INTO Request (requestid, empid, nguoigui, loai, tieude, ngaygui, ngaychon, trangthai, noidung) VALUES ('126', '9', 'Jim Martin', 'Nghỉ phép', 'Đơn xin nghỉ phép', '2024-07-03 00:00:00', '2024-07-05 00:00:00', '0', 'Lorem ipsum dolor sit amet. Ut ipsam amet qui optio laudantium est velit perspiciatis qui impedit assumenda. Ad maiores galisum sit quis itaque sed voluptatum beatae! ');
INSERT INTO Request (requestid, empid, nguoigui, loai, tieude, ngaygui, ngaychon, trangthai, noidung) VALUES ('127', '9', 'Jim Martin', 'From home', 'Đơn xin làm việc tại nhà', '2024-07-18 00:00:00', '2024-07-20 00:00:00', '0', 'Lorem ipsum dolor sit amet. Ut ipsam amet qui optio laudantium est velit perspiciatis qui impedit assumenda. Ad maiores galisum sit quis itaque sed voluptatum beatae! ');
INSERT INTO Request (requestid, empid, nguoigui, loai, tieude, ngaygui, ngayxuly, ngaychon, trangthai, noidung, phanhoi) VALUES ('128', '5', 'Devin Lear', 'From home', 'Đơn xin làm việc tại nhà', '2024-07-03 00:00:00', '2024-07-03 00:00:00', '2024-07-05 00:00:00', '1', 'Lorem ipsum dolor sit amet. Ut ipsam amet qui optio laudantium est velit perspiciatis qui impedit assumenda. Ad maiores galisum sit quis itaque sed voluptatum beatae! ', 'Lorem ipsum dolor sit amet. Ut ipsam amet qui optio laudantium est velit perspiciatis qui impedit assumenda. Ad maiores galisum sit quis itaque sed voluptatum beatae! ');
INSERT INTO Request (requestid, empid, nguoigui, loai, tieude, ngaygui, ngayxuly, ngaychon, trangthai, noidung, phanhoi) VALUES ('129', '4', 'Tara Applewhite', 'Nghỉ phép', 'Đơn xin nghỉ phép', '2024-07-27 00:00:00', '2024-07-27 00:00:00', '2024-07-29 00:00:00', '1', 'Lorem ipsum dolor sit amet. Ut ipsam amet qui optio laudantium est velit perspiciatis qui impedit assumenda. Ad maiores galisum sit quis itaque sed voluptatum beatae! ', 'Lorem ipsum dolor sit amet. Ut ipsam amet qui optio laudantium est velit perspiciatis qui impedit assumenda. Ad maiores galisum sit quis itaque sed voluptatum beatae! ');
INSERT INTO Request (requestid, empid, nguoigui, loai, tieude, ngaygui, ngayxuly, ngaychon, trangthai, noidung, phanhoi) VALUES ('130', '5', 'Devin Lear', 'Nghỉ phép', 'Đơn xin nghỉ phép', '2024-08-02 00:00:00', '2024-08-02 00:00:00', '2024-08-04 00:00:00', '1', 'Lorem ipsum dolor sit amet. Ut ipsam amet qui optio laudantium est velit perspiciatis qui impedit assumenda. Ad maiores galisum sit quis itaque sed voluptatum beatae! ', 'Lorem ipsum dolor sit amet. Ut ipsam amet qui optio laudantium est velit perspiciatis qui impedit assumenda. Ad maiores galisum sit quis itaque sed voluptatum beatae! ');
INSERT INTO Request (requestid, empid, nguoigui, loai, tieude, ngaygui, ngayxuly, ngaychon, trangthai, noidung, phanhoi) VALUES ('131', '9', 'Jim Martin', 'From home', 'Đơn xin làm việc tại nhà', '2024-08-21 00:00:00', '2024-08-21 00:00:00', '2024-08-23 00:00:00', '1', 'Lorem ipsum dolor sit amet. Ut ipsam amet qui optio laudantium est velit perspiciatis qui impedit assumenda. Ad maiores galisum sit quis itaque sed voluptatum beatae! ', 'Lorem ipsum dolor sit amet. Ut ipsam amet qui optio laudantium est velit perspiciatis qui impedit assumenda. Ad maiores galisum sit quis itaque sed voluptatum beatae! ');
INSERT INTO Request (requestid, empid, nguoigui, loai, tieude, ngaygui, ngaychon, trangthai, noidung) VALUES ('132', '10', 'Kathy Weatherby', 'Nghỉ phép', 'Đơn xin nghỉ phép', '2024-08-26 00:00:00', '2024-08-28 00:00:00', '0', 'Lorem ipsum dolor sit amet. Ut ipsam amet qui optio laudantium est velit perspiciatis qui impedit assumenda. Ad maiores galisum sit quis itaque sed voluptatum beatae! ');
INSERT INTO Request (requestid, empid, nguoigui, loai, tieude, ngaygui, ngaychon, trangthai, noidung) VALUES ('133', '1', 'Bông Bông', 'Nghỉ phép', 'Đơn xin nghỉ phép', '2024-07-15 00:00:00', '2024-07-17 00:00:00', '0', 'Lorem ipsum dolor sit amet. Ut ipsam amet qui optio laudantium est velit perspiciatis qui impedit assumenda. Ad maiores galisum sit quis itaque sed voluptatum beatae! ');
INSERT INTO Request (requestid, empid, nguoigui, loai, tieude, ngaygui, ngaychon, trangthai, noidung) VALUES ('134', '15', 'Richard L. Anderson', 'Nghỉ phép', 'Đơn xin nghỉ phép', '2024-07-21 00:00:00', '2024-07-23 00:00:00', '0', 'Lorem ipsum dolor sit amet. Ut ipsam amet qui optio laudantium est velit perspiciatis qui impedit assumenda. Ad maiores galisum sit quis itaque sed voluptatum beatae! ');
INSERT INTO Request (requestid, empid, nguoigui, loai, tieude, ngaygui, ngayxuly, ngaychon, trangthai, noidung, phanhoi) VALUES ('135', '10', 'Kathy Weatherby', 'Nghỉ phép', 'Đơn xin nghỉ phép', '2024-08-18 00:00:00', '2024-08-18 00:00:00', '2024-08-20 00:00:00', '1', 'Lorem ipsum dolor sit amet. Ut ipsam amet qui optio laudantium est velit perspiciatis qui impedit assumenda. Ad maiores galisum sit quis itaque sed voluptatum beatae! ', 'Lorem ipsum dolor sit amet. Ut ipsam amet qui optio laudantium est velit perspiciatis qui impedit assumenda. Ad maiores galisum sit quis itaque sed voluptatum beatae! ');
INSERT INTO Request (requestid, empid, nguoigui, loai, tieude, ngaygui, ngayxuly, ngaychon, trangthai, noidung, phanhoi) VALUES ('136', '12', 'Joel Thomas', 'From home', 'Đơn xin làm việc tại nhà', '2024-07-23 00:00:00', '2024-07-23 00:00:00', '2024-07-25 00:00:00', '1', 'Lorem ipsum dolor sit amet. Ut ipsam amet qui optio laudantium est velit perspiciatis qui impedit assumenda. Ad maiores galisum sit quis itaque sed voluptatum beatae! ', 'Lorem ipsum dolor sit amet. Ut ipsam amet qui optio laudantium est velit perspiciatis qui impedit assumenda. Ad maiores galisum sit quis itaque sed voluptatum beatae! ');
INSERT INTO Request (requestid, empid, nguoigui, loai, tieude, ngaygui, ngaychon, trangthai, noidung) VALUES ('137', '11', 'Nancy Garcia', 'Nghỉ phép', 'Đơn xin nghỉ phép', '2024-08-13 00:00:00', '2024-08-15 00:00:00', '0', 'Lorem ipsum dolor sit amet. Ut ipsam amet qui optio laudantium est velit perspiciatis qui impedit assumenda. Ad maiores galisum sit quis itaque sed voluptatum beatae! ');
INSERT INTO Request (requestid, empid, nguoigui, loai, tieude, ngaygui, ngayxuly, ngaychon, trangthai, noidung, phanhoi) VALUES ('138', '6', 'Lucile Sexton', 'From home', 'Đơn xin làm việc tại nhà', '2024-07-14 00:00:00', '2024-07-14 00:00:00', '2024-07-16 00:00:00', '1', 'Lorem ipsum dolor sit amet. Ut ipsam amet qui optio laudantium est velit perspiciatis qui impedit assumenda. Ad maiores galisum sit quis itaque sed voluptatum beatae! ', 'Lorem ipsum dolor sit amet. Ut ipsam amet qui optio laudantium est velit perspiciatis qui impedit assumenda. Ad maiores galisum sit quis itaque sed voluptatum beatae! ');
INSERT INTO Request (requestid, empid, nguoigui, loai, tieude, ngaygui, ngaychon, trangthai, noidung) VALUES ('139', '12', 'Joel Thomas', 'Nghỉ phép', 'Đơn xin nghỉ phép', '2024-07-15 00:00:00', '2024-07-17 00:00:00', '0', 'Lorem ipsum dolor sit amet. Ut ipsam amet qui optio laudantium est velit perspiciatis qui impedit assumenda. Ad maiores galisum sit quis itaque sed voluptatum beatae! ');
INSERT INTO Request (requestid, empid, nguoigui, loai, tieude, ngaygui, ngayxuly, ngaychon, trangthai, noidung, phanhoi) VALUES ('140', '10', 'Kathy Weatherby', 'Nghỉ phép', 'Đơn xin nghỉ phép', '2024-08-09 00:00:00', '2024-08-09 00:00:00', '2024-08-11 00:00:00', '1', 'Lorem ipsum dolor sit amet. Ut ipsam amet qui optio laudantium est velit perspiciatis qui impedit assumenda. Ad maiores galisum sit quis itaque sed voluptatum beatae! ', 'Lorem ipsum dolor sit amet. Ut ipsam amet qui optio laudantium est velit perspiciatis qui impedit assumenda. Ad maiores galisum sit quis itaque sed voluptatum beatae! ');
INSERT INTO Request (requestid, empid, nguoigui, loai, tieude, ngaygui, ngaychon, trangthai, noidung) VALUES ('141', '12', 'Joel Thomas', 'Nghỉ phép', 'Đơn xin nghỉ phép', '2024-07-16 00:00:00', '2024-07-18 00:00:00', '0', 'Lorem ipsum dolor sit amet. Ut ipsam amet qui optio laudantium est velit perspiciatis qui impedit assumenda. Ad maiores galisum sit quis itaque sed voluptatum beatae! ');
INSERT INTO Request (requestid, empid, nguoigui, loai, tieude, ngaygui, ngaychon, trangthai, noidung) VALUES ('142', '5', 'Devin Lear', 'From home', 'Đơn xin làm việc tại nhà', '2024-08-02 00:00:00', '2024-08-04 00:00:00', '0', 'Lorem ipsum dolor sit amet. Ut ipsam amet qui optio laudantium est velit perspiciatis qui impedit assumenda. Ad maiores galisum sit quis itaque sed voluptatum beatae! ');
INSERT INTO Request (requestid, empid, nguoigui, loai, tieude, ngaygui, ngayxuly, ngaychon, trangthai, noidung, phanhoi) VALUES ('143', '10', 'Kathy Weatherby', 'Nghỉ phép', 'Đơn xin nghỉ phép', '2024-08-20 00:00:00', '2024-08-20 00:00:00', '2024-08-22 00:00:00', '1', 'Lorem ipsum dolor sit amet. Ut ipsam amet qui optio laudantium est velit perspiciatis qui impedit assumenda. Ad maiores galisum sit quis itaque sed voluptatum beatae! ', 'Lorem ipsum dolor sit amet. Ut ipsam amet qui optio laudantium est velit perspiciatis qui impedit assumenda. Ad maiores galisum sit quis itaque sed voluptatum beatae! ');
INSERT INTO Request (requestid, empid, nguoigui, loai, tieude, ngaygui, ngayxuly, ngaychon, trangthai, noidung, phanhoi) VALUES ('144', '13', 'Alan Ruley', 'Nghỉ phép', 'Đơn xin nghỉ phép', '2024-07-16 00:00:00', '2024-07-16 00:00:00', '2024-07-18 00:00:00', '1', 'Lorem ipsum dolor sit amet. Ut ipsam amet qui optio laudantium est velit perspiciatis qui impedit assumenda. Ad maiores galisum sit quis itaque sed voluptatum beatae! ', 'Lorem ipsum dolor sit amet. Ut ipsam amet qui optio laudantium est velit perspiciatis qui impedit assumenda. Ad maiores galisum sit quis itaque sed voluptatum beatae! ');
INSERT INTO Request (requestid, empid, nguoigui, loai, tieude, ngaygui, ngayxuly, ngaychon, trangthai, noidung, phanhoi) VALUES ('145', '10', 'Kathy Weatherby', 'Nghỉ phép', 'Đơn xin nghỉ phép', '2024-07-19 00:00:00', '2024-07-19 00:00:00', '2024-07-21 00:00:00', '1', 'Lorem ipsum dolor sit amet. Ut ipsam amet qui optio laudantium est velit perspiciatis qui impedit assumenda. Ad maiores galisum sit quis itaque sed voluptatum beatae! ', 'Lorem ipsum dolor sit amet. Ut ipsam amet qui optio laudantium est velit perspiciatis qui impedit assumenda. Ad maiores galisum sit quis itaque sed voluptatum beatae! ');
INSERT INTO Request (requestid, empid, nguoigui, loai, tieude, ngaygui, ngayxuly, ngaychon, trangthai, noidung, phanhoi) VALUES ('146', '1', 'Bông Bông', 'From home', 'Đơn xin làm việc tại nhà', '2024-07-05 00:00:00', '2024-07-05 00:00:00', '2024-07-07 00:00:00', '1', 'Lorem ipsum dolor sit amet. Ut ipsam amet qui optio laudantium est velit perspiciatis qui impedit assumenda. Ad maiores galisum sit quis itaque sed voluptatum beatae! ', 'Lorem ipsum dolor sit amet. Ut ipsam amet qui optio laudantium est velit perspiciatis qui impedit assumenda. Ad maiores galisum sit quis itaque sed voluptatum beatae! ');
INSERT INTO Request (requestid, empid, nguoigui, loai, tieude, ngaygui, ngaychon, trangthai, noidung) VALUES ('147', '1', 'Bông Bông', 'Nghỉ phép', 'Đơn xin nghỉ phép', '2024-07-12 00:00:00', '2024-07-14 00:00:00', '0', 'Lorem ipsum dolor sit amet. Ut ipsam amet qui optio laudantium est velit perspiciatis qui impedit assumenda. Ad maiores galisum sit quis itaque sed voluptatum beatae! ');
INSERT INTO Request (requestid, empid, nguoigui, loai, tieude, ngaygui, ngayxuly, ngaychon, trangthai, noidung, phanhoi) VALUES ('148', '1', 'Bông Bông', 'Nghỉ phép', 'Đơn xin nghỉ phép', '2024-07-23 00:00:00', '2024-07-23 00:00:00', '2024-07-25 00:00:00', '1', 'Lorem ipsum dolor sit amet. Ut ipsam amet qui optio laudantium est velit perspiciatis qui impedit assumenda. Ad maiores galisum sit quis itaque sed voluptatum beatae! ', 'Lorem ipsum dolor sit amet. Ut ipsam amet qui optio laudantium est velit perspiciatis qui impedit assumenda. Ad maiores galisum sit quis itaque sed voluptatum beatae! ');
INSERT INTO Request (requestid, empid, nguoigui, loai, tieude, ngaygui, ngayxuly, ngaychon, trangthai, noidung, phanhoi) VALUES ('149', '4', 'Tara Applewhite', 'From home', 'Đơn xin làm việc tại nhà', '2024-07-11 00:00:00', '2024-07-11 00:00:00', '2024-07-13 00:00:00', '1', 'Lorem ipsum dolor sit amet. Ut ipsam amet qui optio laudantium est velit perspiciatis qui impedit assumenda. Ad maiores galisum sit quis itaque sed voluptatum beatae! ', 'Lorem ipsum dolor sit amet. Ut ipsam amet qui optio laudantium est velit perspiciatis qui impedit assumenda. Ad maiores galisum sit quis itaque sed voluptatum beatae! ');
INSERT INTO Request (requestid, empid, nguoigui, loai, tieude, ngaygui, ngaychon, trangthai, noidung) VALUES ('150', '8', 'Terry Gross', 'Nghỉ phép', 'Đơn xin nghỉ phép', '2024-07-07 00:00:00', '2024-07-09 00:00:00', '0', 'Lorem ipsum dolor sit amet. Ut ipsam amet qui optio laudantium est velit perspiciatis qui impedit assumenda. Ad maiores galisum sit quis itaque sed voluptatum beatae! ');
INSERT INTO Request (requestid, empid, nguoigui, loai, tieude, ngaygui, ngayxuly, ngaychon, trangthai, noidung, phanhoi) VALUES ('151', '8', 'Terry Gross', 'Nghỉ phép', 'Đơn xin nghỉ phép', '2024-07-17 00:00:00', '2024-07-17 00:00:00', '2024-07-19 00:00:00', '1', 'Lorem ipsum dolor sit amet. Ut ipsam amet qui optio laudantium est velit perspiciatis qui impedit assumenda. Ad maiores galisum sit quis itaque sed voluptatum beatae! ', 'Lorem ipsum dolor sit amet. Ut ipsam amet qui optio laudantium est velit perspiciatis qui impedit assumenda. Ad maiores galisum sit quis itaque sed voluptatum beatae! ');
INSERT INTO Request (requestid, empid, nguoigui, loai, tieude, ngaygui, ngaychon, trangthai, noidung) VALUES ('152', '9', 'Jim Martin', 'From home', 'Đơn xin làm việc tại nhà', '2024-07-01 00:00:00', '2024-07-03 00:00:00', '0', 'Lorem ipsum dolor sit amet. Ut ipsam amet qui optio laudantium est velit perspiciatis qui impedit assumenda. Ad maiores galisum sit quis itaque sed voluptatum beatae! ');
INSERT INTO Request (requestid, empid, nguoigui, loai, tieude, ngaygui, ngaychon, trangthai, noidung) VALUES ('153', '10', 'Kathy Weatherby', 'Nghỉ phép', 'Đơn xin nghỉ phép', '2024-08-09 00:00:00', '2024-08-11 00:00:00', '0', 'Lorem ipsum dolor sit amet. Ut ipsam amet qui optio laudantium est velit perspiciatis qui impedit assumenda. Ad maiores galisum sit quis itaque sed voluptatum beatae! ');
INSERT INTO Request (requestid, empid, nguoigui, loai, tieude, ngaygui, ngaychon, trangthai, noidung) VALUES ('154', '8', 'Terry Gross', 'From home', 'Đơn xin làm việc tại nhà', '2024-07-28 00:00:00', '2024-07-30 00:00:00', '0', 'Lorem ipsum dolor sit amet. Ut ipsam amet qui optio laudantium est velit perspiciatis qui impedit assumenda. Ad maiores galisum sit quis itaque sed voluptatum beatae! ');
INSERT INTO Request (requestid, empid, nguoigui, loai, tieude, ngaygui, ngaychon, trangthai, noidung) VALUES ('155', '9', 'Jim Martin', 'Nghỉ phép', 'Đơn xin nghỉ phép', '2024-07-30 00:00:00', '2024-08-01 00:00:00', '0', 'Lorem ipsum dolor sit amet. Ut ipsam amet qui optio laudantium est velit perspiciatis qui impedit assumenda. Ad maiores galisum sit quis itaque sed voluptatum beatae! ');
INSERT INTO Request (requestid, empid, nguoigui, loai, tieude, ngaygui, ngayxuly, ngaychon, trangthai, noidung, phanhoi) VALUES ('156', '10', 'Kathy Weatherby', 'Nghỉ phép', 'Đơn xin nghỉ phép', '2024-07-13 00:00:00', '2024-07-13 00:00:00', '2024-07-15 00:00:00', '1', 'Lorem ipsum dolor sit amet. Ut ipsam amet qui optio laudantium est velit perspiciatis qui impedit assumenda. Ad maiores galisum sit quis itaque sed voluptatum beatae! ', 'Lorem ipsum dolor sit amet. Ut ipsam amet qui optio laudantium est velit perspiciatis qui impedit assumenda. Ad maiores galisum sit quis itaque sed voluptatum beatae! ');
INSERT INTO Request (requestid, empid, nguoigui, loai, tieude, ngaygui, ngayxuly, ngaychon, trangthai, noidung, phanhoi) VALUES ('157', '9', 'Jim Martin', 'From home', 'Đơn xin làm việc tại nhà', '2024-07-31 00:00:00', '2024-07-31 00:00:00', '2024-08-02 00:00:00', '1', 'Lorem ipsum dolor sit amet. Ut ipsam amet qui optio laudantium est velit perspiciatis qui impedit assumenda. Ad maiores galisum sit quis itaque sed voluptatum beatae! ', 'Lorem ipsum dolor sit amet. Ut ipsam amet qui optio laudantium est velit perspiciatis qui impedit assumenda. Ad maiores galisum sit quis itaque sed voluptatum beatae! ');
INSERT INTO Request (requestid, empid, nguoigui, loai, tieude, ngaygui, ngayxuly, ngaychon, trangthai, noidung, phanhoi) VALUES ('158', '10', 'Kathy Weatherby', 'Nghỉ phép', 'Đơn xin nghỉ phép', '2024-07-10 00:00:00', '2024-07-10 00:00:00', '2024-07-12 00:00:00', '1', 'Lorem ipsum dolor sit amet. Ut ipsam amet qui optio laudantium est velit perspiciatis qui impedit assumenda. Ad maiores galisum sit quis itaque sed voluptatum beatae! ', 'Lorem ipsum dolor sit amet. Ut ipsam amet qui optio laudantium est velit perspiciatis qui impedit assumenda. Ad maiores galisum sit quis itaque sed voluptatum beatae! ');
INSERT INTO Request (requestid, empid, nguoigui, loai, tieude, ngaygui, ngaychon, trangthai, noidung) VALUES ('159', '15', 'Richard L. Anderson', 'From home', 'Đơn xin làm việc tại nhà', '2024-07-12 00:00:00', '2024-07-14 00:00:00', '0', 'Lorem ipsum dolor sit amet. Ut ipsam amet qui optio laudantium est velit perspiciatis qui impedit assumenda. Ad maiores galisum sit quis itaque sed voluptatum beatae! ');
INSERT INTO Request (requestid, empid, nguoigui, loai, tieude, ngaygui, ngaychon, trangthai, noidung) VALUES ('160', '15', 'Richard L. Anderson', 'From home', 'Đơn xin làm việc tại nhà', '2024-07-29 00:00:00', '2024-07-31 00:00:00', '0', 'Lorem ipsum dolor sit amet. Ut ipsam amet qui optio laudantium est velit perspiciatis qui impedit assumenda. Ad maiores galisum sit quis itaque sed voluptatum beatae! ');
INSERT INTO Request (requestid, empid, nguoigui, loai, tieude, ngaygui, ngaychon, trangthai, noidung) VALUES ('161', '1', 'Bông Bông', 'Nghỉ phép', 'Đơn xin nghỉ phép', '2024-08-22 00:00:00', '2024-08-24 00:00:00', '0', 'Lorem ipsum dolor sit amet. Ut ipsam amet qui optio laudantium est velit perspiciatis qui impedit assumenda. Ad maiores galisum sit quis itaque sed voluptatum beatae! ');
INSERT INTO Request (requestid, empid, nguoigui, loai, tieude, ngaygui, ngayxuly, ngaychon, trangthai, noidung, phanhoi) VALUES ('162', '13', 'Alan Ruley', 'Nghỉ phép', 'Đơn xin nghỉ phép', '2024-08-24 00:00:00', '2024-08-24 00:00:00', '2024-08-26 00:00:00', '1', 'Lorem ipsum dolor sit amet. Ut ipsam amet qui optio laudantium est velit perspiciatis qui impedit assumenda. Ad maiores galisum sit quis itaque sed voluptatum beatae! ', 'Lorem ipsum dolor sit amet. Ut ipsam amet qui optio laudantium est velit perspiciatis qui impedit assumenda. Ad maiores galisum sit quis itaque sed voluptatum beatae! ');
INSERT INTO Request (requestid, empid, nguoigui, loai, tieude, ngaygui, ngayxuly, ngaychon, trangthai, noidung, phanhoi) VALUES ('163', '9', 'Jim Martin', 'Nghỉ phép', 'Đơn xin nghỉ phép', '2024-08-14 00:00:00', '2024-08-14 00:00:00', '2024-08-16 00:00:00', '1', 'Lorem ipsum dolor sit amet. Ut ipsam amet qui optio laudantium est velit perspiciatis qui impedit assumenda. Ad maiores galisum sit quis itaque sed voluptatum beatae! ', 'Lorem ipsum dolor sit amet. Ut ipsam amet qui optio laudantium est velit perspiciatis qui impedit assumenda. Ad maiores galisum sit quis itaque sed voluptatum beatae! ');
INSERT INTO Request (requestid, empid, nguoigui, loai, tieude, ngaygui, ngaychon, trangthai, noidung) VALUES ('164', '9', 'Jim Martin', 'Nghỉ phép', 'Đơn xin nghỉ phép', '2024-07-26 00:00:00', '2024-07-28 00:00:00', '0', 'Lorem ipsum dolor sit amet. Ut ipsam amet qui optio laudantium est velit perspiciatis qui impedit assumenda. Ad maiores galisum sit quis itaque sed voluptatum beatae! ');
INSERT INTO Request (requestid, empid, nguoigui, loai, tieude, ngaygui, ngaychon, trangthai, noidung) VALUES ('165', '8', 'Terry Gross', 'Nghỉ phép', 'Đơn xin nghỉ phép', '2024-08-08 00:00:00', '2024-08-10 00:00:00', '0', 'Lorem ipsum dolor sit amet. Ut ipsam amet qui optio laudantium est velit perspiciatis qui impedit assumenda. Ad maiores galisum sit quis itaque sed voluptatum beatae! ');
INSERT INTO Request (requestid, empid, nguoigui, loai, tieude, ngaygui, ngayxuly, ngaychon, trangthai, noidung, phanhoi) VALUES ('166', '6', 'Lucile Sexton', 'From home', 'Đơn xin làm việc tại nhà', '2024-07-18 00:00:00', '2024-07-18 00:00:00', '2024-07-20 00:00:00', '1', 'Lorem ipsum dolor sit amet. Ut ipsam amet qui optio laudantium est velit perspiciatis qui impedit assumenda. Ad maiores galisum sit quis itaque sed voluptatum beatae! ', 'Lorem ipsum dolor sit amet. Ut ipsam amet qui optio laudantium est velit perspiciatis qui impedit assumenda. Ad maiores galisum sit quis itaque sed voluptatum beatae! ');
INSERT INTO Request (requestid, empid, nguoigui, loai, tieude, ngaygui, ngaychon, trangthai, noidung) VALUES ('167', '11', 'Nancy Garcia', 'From home', 'Đơn xin làm việc tại nhà', '2024-07-09 00:00:00', '2024-07-11 00:00:00', '0', 'Lorem ipsum dolor sit amet. Ut ipsam amet qui optio laudantium est velit perspiciatis qui impedit assumenda. Ad maiores galisum sit quis itaque sed voluptatum beatae! ');
INSERT INTO Request (requestid, empid, nguoigui, loai, tieude, ngaygui, ngayxuly, ngaychon, trangthai, noidung, phanhoi) VALUES ('168', '13', 'Alan Ruley', 'Nghỉ phép', 'Đơn xin nghỉ phép', '2024-07-25 00:00:00', '2024-07-25 00:00:00', '2024-07-27 00:00:00', '1', 'Lorem ipsum dolor sit amet. Ut ipsam amet qui optio laudantium est velit perspiciatis qui impedit assumenda. Ad maiores galisum sit quis itaque sed voluptatum beatae! ', 'Lorem ipsum dolor sit amet. Ut ipsam amet qui optio laudantium est velit perspiciatis qui impedit assumenda. Ad maiores galisum sit quis itaque sed voluptatum beatae! ');
INSERT INTO Request (requestid, empid, nguoigui, loai, tieude, ngaygui, ngaychon, trangthai, noidung) VALUES ('169', '13', 'Alan Ruley', 'From home', 'Đơn xin làm việc tại nhà', '2024-07-05 00:00:00', '2024-07-07 00:00:00', '0', 'Lorem ipsum dolor sit amet. Ut ipsam amet qui optio laudantium est velit perspiciatis qui impedit assumenda. Ad maiores galisum sit quis itaque sed voluptatum beatae! ');
INSERT INTO Request (requestid, empid, nguoigui, loai, tieude, ngaygui, ngayxuly, ngaychon, trangthai, noidung, phanhoi) VALUES ('170', '15', 'Richard L. Anderson', 'From home', 'Đơn xin làm việc tại nhà', '2024-08-03 00:00:00', '2024-08-03 00:00:00', '2024-08-05 00:00:00', '1', 'Lorem ipsum dolor sit amet. Ut ipsam amet qui optio laudantium est velit perspiciatis qui impedit assumenda. Ad maiores galisum sit quis itaque sed voluptatum beatae! ', 'Lorem ipsum dolor sit amet. Ut ipsam amet qui optio laudantium est velit perspiciatis qui impedit assumenda. Ad maiores galisum sit quis itaque sed voluptatum beatae! ');
INSERT INTO Request (requestid, empid, nguoigui, loai, tieude, ngaygui, ngayxuly, ngaychon, trangthai, noidung, phanhoi) VALUES ('171', '9', 'Jim Martin', 'From home', 'Đơn xin làm việc tại nhà', '2024-08-02 00:00:00', '2024-08-02 00:00:00', '2024-08-04 00:00:00', '1', 'Lorem ipsum dolor sit amet. Ut ipsam amet qui optio laudantium est velit perspiciatis qui impedit assumenda. Ad maiores galisum sit quis itaque sed voluptatum beatae! ', 'Lorem ipsum dolor sit amet. Ut ipsam amet qui optio laudantium est velit perspiciatis qui impedit assumenda. Ad maiores galisum sit quis itaque sed voluptatum beatae! ');
INSERT INTO Request (requestid, empid, nguoigui, loai, tieude, ngaygui, ngayxuly, ngaychon, trangthai, noidung, phanhoi) VALUES ('172', '15', 'Richard L. Anderson', 'From home', 'Đơn xin làm việc tại nhà', '2024-08-13 00:00:00', '2024-08-13 00:00:00', '2024-08-15 00:00:00', '1', 'Lorem ipsum dolor sit amet. Ut ipsam amet qui optio laudantium est velit perspiciatis qui impedit assumenda. Ad maiores galisum sit quis itaque sed voluptatum beatae! ', 'Lorem ipsum dolor sit amet. Ut ipsam amet qui optio laudantium est velit perspiciatis qui impedit assumenda. Ad maiores galisum sit quis itaque sed voluptatum beatae! ');
INSERT INTO Request (requestid, empid, nguoigui, loai, tieude, ngaygui, ngaychon, trangthai, noidung) VALUES ('173', '10', 'Kathy Weatherby', 'Nghỉ phép', 'Đơn xin nghỉ phép', '2024-07-05 00:00:00', '2024-07-07 00:00:00', '0', 'Lorem ipsum dolor sit amet. Ut ipsam amet qui optio laudantium est velit perspiciatis qui impedit assumenda. Ad maiores galisum sit quis itaque sed voluptatum beatae! ');
INSERT INTO Request (requestid, empid, nguoigui, loai, tieude, ngaygui, ngayxuly, ngaychon, trangthai, noidung, phanhoi) VALUES ('174', '8', 'Terry Gross', 'From home', 'Đơn xin làm việc tại nhà', '2024-07-25 00:00:00', '2024-07-25 00:00:00', '2024-07-27 00:00:00', '1', 'Lorem ipsum dolor sit amet. Ut ipsam amet qui optio laudantium est velit perspiciatis qui impedit assumenda. Ad maiores galisum sit quis itaque sed voluptatum beatae! ', 'Lorem ipsum dolor sit amet. Ut ipsam amet qui optio laudantium est velit perspiciatis qui impedit assumenda. Ad maiores galisum sit quis itaque sed voluptatum beatae! ');
INSERT INTO Request (requestid, empid, nguoigui, loai, tieude, ngaygui, ngaychon, trangthai, noidung) VALUES ('175', '13', 'Alan Ruley', 'Nghỉ phép', 'Đơn xin nghỉ phép', '2024-07-10 00:00:00', '2024-07-12 00:00:00', '0', 'Lorem ipsum dolor sit amet. Ut ipsam amet qui optio laudantium est velit perspiciatis qui impedit assumenda. Ad maiores galisum sit quis itaque sed voluptatum beatae! ');
INSERT INTO Request (requestid, empid, nguoigui, loai, tieude, ngaygui, ngayxuly, ngaychon, trangthai, noidung, phanhoi) VALUES ('176', '1', 'Bông Bông', 'Nghỉ phép', 'Đơn xin nghỉ phép', '2024-08-09 00:00:00', '2024-08-09 00:00:00', '2024-08-11 00:00:00', '1', 'Lorem ipsum dolor sit amet. Ut ipsam amet qui optio laudantium est velit perspiciatis qui impedit assumenda. Ad maiores galisum sit quis itaque sed voluptatum beatae! ', 'Lorem ipsum dolor sit amet. Ut ipsam amet qui optio laudantium est velit perspiciatis qui impedit assumenda. Ad maiores galisum sit quis itaque sed voluptatum beatae! ');
INSERT INTO Request (requestid, empid, nguoigui, loai, tieude, ngaygui, ngayxuly, ngaychon, trangthai, noidung, phanhoi) VALUES ('177', '4', 'Tara Applewhite', 'Nghỉ phép', 'Đơn xin nghỉ phép', '2024-07-05 00:00:00', '2024-07-05 00:00:00', '2024-07-07 00:00:00', '1', 'Lorem ipsum dolor sit amet. Ut ipsam amet qui optio laudantium est velit perspiciatis qui impedit assumenda. Ad maiores galisum sit quis itaque sed voluptatum beatae! ', 'Lorem ipsum dolor sit amet. Ut ipsam amet qui optio laudantium est velit perspiciatis qui impedit assumenda. Ad maiores galisum sit quis itaque sed voluptatum beatae! ');
INSERT INTO Request (requestid, empid, nguoigui, loai, tieude, ngaygui, ngayxuly, ngaychon, trangthai, noidung, phanhoi) VALUES ('178', '12', 'Joel Thomas', 'Nghỉ phép', 'Đơn xin nghỉ phép', '2024-07-14 00:00:00', '2024-07-14 00:00:00', '2024-07-16 00:00:00', '1', 'Lorem ipsum dolor sit amet. Ut ipsam amet qui optio laudantium est velit perspiciatis qui impedit assumenda. Ad maiores galisum sit quis itaque sed voluptatum beatae! ', 'Lorem ipsum dolor sit amet. Ut ipsam amet qui optio laudantium est velit perspiciatis qui impedit assumenda. Ad maiores galisum sit quis itaque sed voluptatum beatae! ');
INSERT INTO Request (requestid, empid, nguoigui, loai, tieude, ngaygui, ngayxuly, ngaychon, trangthai, noidung, phanhoi) VALUES ('179', '6', 'Lucile Sexton', 'Nghỉ phép', 'Đơn xin nghỉ phép', '2024-07-29 00:00:00', '2024-07-29 00:00:00', '2024-07-31 00:00:00', '1', 'Lorem ipsum dolor sit amet. Ut ipsam amet qui optio laudantium est velit perspiciatis qui impedit assumenda. Ad maiores galisum sit quis itaque sed voluptatum beatae! ', 'Lorem ipsum dolor sit amet. Ut ipsam amet qui optio laudantium est velit perspiciatis qui impedit assumenda. Ad maiores galisum sit quis itaque sed voluptatum beatae! ');
INSERT INTO Request (requestid, empid, nguoigui, loai, tieude, ngaygui, ngayxuly, ngaychon, trangthai, noidung, phanhoi) VALUES ('180', '9', 'Jim Martin', 'From home', 'Đơn xin làm việc tại nhà', '2024-07-07 00:00:00', '2024-07-07 00:00:00', '2024-07-09 00:00:00', '1', 'Lorem ipsum dolor sit amet. Ut ipsam amet qui optio laudantium est velit perspiciatis qui impedit assumenda. Ad maiores galisum sit quis itaque sed voluptatum beatae! ', 'Lorem ipsum dolor sit amet. Ut ipsam amet qui optio laudantium est velit perspiciatis qui impedit assumenda. Ad maiores galisum sit quis itaque sed voluptatum beatae! ');
INSERT INTO Request (requestid, empid, nguoigui, loai, tieude, ngaygui, ngaychon, trangthai, noidung) VALUES ('181', '9', 'Jim Martin', 'Nghỉ phép', 'Đơn xin nghỉ phép', '2024-07-13 00:00:00', '2024-07-15 00:00:00', '0', 'Lorem ipsum dolor sit amet. Ut ipsam amet qui optio laudantium est velit perspiciatis qui impedit assumenda. Ad maiores galisum sit quis itaque sed voluptatum beatae! ');
INSERT INTO Request (requestid, empid, nguoigui, loai, tieude, ngaygui, ngayxuly, ngaychon, trangthai, noidung, phanhoi) VALUES ('182', '1', 'Bông Bông', 'From home', 'Đơn xin làm việc tại nhà', '2024-07-20 00:00:00', '2024-07-20 00:00:00', '2024-07-22 00:00:00', '1', 'Lorem ipsum dolor sit amet. Ut ipsam amet qui optio laudantium est velit perspiciatis qui impedit assumenda. Ad maiores galisum sit quis itaque sed voluptatum beatae! ', 'Lorem ipsum dolor sit amet. Ut ipsam amet qui optio laudantium est velit perspiciatis qui impedit assumenda. Ad maiores galisum sit quis itaque sed voluptatum beatae! ');
INSERT INTO Request (requestid, empid, nguoigui, loai, tieude, ngaygui, ngayxuly, ngaychon, trangthai, noidung, phanhoi) VALUES ('183', '15', 'Richard L. Anderson', 'Nghỉ phép', 'Đơn xin nghỉ phép', '2024-08-23 00:00:00', '2024-08-23 00:00:00', '2024-08-25 00:00:00', '1', 'Lorem ipsum dolor sit amet. Ut ipsam amet qui optio laudantium est velit perspiciatis qui impedit assumenda. Ad maiores galisum sit quis itaque sed voluptatum beatae! ', 'Lorem ipsum dolor sit amet. Ut ipsam amet qui optio laudantium est velit perspiciatis qui impedit assumenda. Ad maiores galisum sit quis itaque sed voluptatum beatae! ');
INSERT INTO Request (requestid, empid, nguoigui, loai, tieude, ngaygui, ngaychon, trangthai, noidung) VALUES ('184', '4', 'Tara Applewhite', 'Nghỉ phép', 'Đơn xin nghỉ phép', '2024-08-18 00:00:00', '2024-08-20 00:00:00', '0', 'Lorem ipsum dolor sit amet. Ut ipsam amet qui optio laudantium est velit perspiciatis qui impedit assumenda. Ad maiores galisum sit quis itaque sed voluptatum beatae! ');
INSERT INTO Request (requestid, empid, nguoigui, loai, tieude, ngaygui, ngaychon, trangthai, noidung) VALUES ('185', '5', 'Devin Lear', 'From home', 'Đơn xin làm việc tại nhà', '2024-07-29 00:00:00', '2024-07-31 00:00:00', '0', 'Lorem ipsum dolor sit amet. Ut ipsam amet qui optio laudantium est velit perspiciatis qui impedit assumenda. Ad maiores galisum sit quis itaque sed voluptatum beatae! ');
INSERT INTO Request (requestid, empid, nguoigui, loai, tieude, ngaygui, ngayxuly, ngaychon, trangthai, noidung, phanhoi) VALUES ('186', '5', 'Devin Lear', 'From home', 'Đơn xin làm việc tại nhà', '2024-08-03 00:00:00', '2024-08-03 00:00:00', '2024-08-05 00:00:00', '1', 'Lorem ipsum dolor sit amet. Ut ipsam amet qui optio laudantium est velit perspiciatis qui impedit assumenda. Ad maiores galisum sit quis itaque sed voluptatum beatae! ', 'Lorem ipsum dolor sit amet. Ut ipsam amet qui optio laudantium est velit perspiciatis qui impedit assumenda. Ad maiores galisum sit quis itaque sed voluptatum beatae! ');
INSERT INTO Request (requestid, empid, nguoigui, loai, tieude, ngaygui, ngayxuly, ngaychon, trangthai, noidung, phanhoi) VALUES ('187', '11', 'Nancy Garcia', 'From home', 'Đơn xin làm việc tại nhà', '2024-07-23 00:00:00', '2024-07-23 00:00:00', '2024-07-25 00:00:00', '1', 'Lorem ipsum dolor sit amet. Ut ipsam amet qui optio laudantium est velit perspiciatis qui impedit assumenda. Ad maiores galisum sit quis itaque sed voluptatum beatae! ', 'Lorem ipsum dolor sit amet. Ut ipsam amet qui optio laudantium est velit perspiciatis qui impedit assumenda. Ad maiores galisum sit quis itaque sed voluptatum beatae! ');
INSERT INTO Request (requestid, empid, nguoigui, loai, tieude, ngaygui, ngaychon, trangthai, noidung) VALUES ('188', '1', 'Bông Bông', 'Nghỉ phép', 'Đơn xin nghỉ phép', '2024-07-10 00:00:00', '2024-07-12 00:00:00', '0', 'Lorem ipsum dolor sit amet. Ut ipsam amet qui optio laudantium est velit perspiciatis qui impedit assumenda. Ad maiores galisum sit quis itaque sed voluptatum beatae! ');
INSERT INTO Request (requestid, empid, nguoigui, loai, tieude, ngaygui, ngayxuly, ngaychon, trangthai, noidung, phanhoi) VALUES ('189', '9', 'Jim Martin', 'From home', 'Đơn xin làm việc tại nhà', '2024-07-13 00:00:00', '2024-07-13 00:00:00', '2024-07-15 00:00:00', '1', 'Lorem ipsum dolor sit amet. Ut ipsam amet qui optio laudantium est velit perspiciatis qui impedit assumenda. Ad maiores galisum sit quis itaque sed voluptatum beatae! ', 'Lorem ipsum dolor sit amet. Ut ipsam amet qui optio laudantium est velit perspiciatis qui impedit assumenda. Ad maiores galisum sit quis itaque sed voluptatum beatae! ');
INSERT INTO Request (requestid, empid, nguoigui, loai, tieude, ngaygui, ngayxuly, ngaychon, trangthai, noidung, phanhoi) VALUES ('190', '12', 'Joel Thomas', 'From home', 'Đơn xin làm việc tại nhà', '2024-08-26 00:00:00', '2024-08-26 00:00:00', '2024-08-28 00:00:00', '1', 'Lorem ipsum dolor sit amet. Ut ipsam amet qui optio laudantium est velit perspiciatis qui impedit assumenda. Ad maiores galisum sit quis itaque sed voluptatum beatae! ', 'Lorem ipsum dolor sit amet. Ut ipsam amet qui optio laudantium est velit perspiciatis qui impedit assumenda. Ad maiores galisum sit quis itaque sed voluptatum beatae! ');
INSERT INTO Request (requestid, empid, nguoigui, loai, tieude, ngaygui, ngaychon, trangthai, noidung) VALUES ('191', '9', 'Jim Martin', 'Nghỉ phép', 'Đơn xin nghỉ phép', '2024-07-05 00:00:00', '2024-07-07 00:00:00', '0', 'Lorem ipsum dolor sit amet. Ut ipsam amet qui optio laudantium est velit perspiciatis qui impedit assumenda. Ad maiores galisum sit quis itaque sed voluptatum beatae! ');
INSERT INTO Request (requestid, empid, nguoigui, loai, tieude, ngaygui, ngaychon, trangthai, noidung) VALUES ('192', '4', 'Tara Applewhite', 'From home', 'Đơn xin làm việc tại nhà', '2024-08-18 00:00:00', '2024-08-20 00:00:00', '0', 'Lorem ipsum dolor sit amet. Ut ipsam amet qui optio laudantium est velit perspiciatis qui impedit assumenda. Ad maiores galisum sit quis itaque sed voluptatum beatae! ');
INSERT INTO Request (requestid, empid, nguoigui, loai, tieude, ngaygui, ngaychon, trangthai, noidung) VALUES ('193', '6', 'Lucile Sexton', 'Nghỉ phép', 'Đơn xin nghỉ phép', '2024-07-07 00:00:00', '2024-07-09 00:00:00', '0', 'Lorem ipsum dolor sit amet. Ut ipsam amet qui optio laudantium est velit perspiciatis qui impedit assumenda. Ad maiores galisum sit quis itaque sed voluptatum beatae! ');
INSERT INTO Request (requestid, empid, nguoigui, loai, tieude, ngaygui, ngayxuly, ngaychon, trangthai, noidung, phanhoi) VALUES ('194', '15', 'Richard L. Anderson', 'From home', 'Đơn xin làm việc tại nhà', '2024-07-11 00:00:00', '2024-07-11 00:00:00', '2024-07-13 00:00:00', '1', 'Lorem ipsum dolor sit amet. Ut ipsam amet qui optio laudantium est velit perspiciatis qui impedit assumenda. Ad maiores galisum sit quis itaque sed voluptatum beatae! ', 'Lorem ipsum dolor sit amet. Ut ipsam amet qui optio laudantium est velit perspiciatis qui impedit assumenda. Ad maiores galisum sit quis itaque sed voluptatum beatae! ');
INSERT INTO Request (requestid, empid, nguoigui, loai, tieude, ngaygui, ngaychon, trangthai, noidung) VALUES ('195', '13', 'Alan Ruley', 'Nghỉ phép', 'Đơn xin nghỉ phép', '2024-07-29 00:00:00', '2024-07-31 00:00:00', '0', 'Lorem ipsum dolor sit amet. Ut ipsam amet qui optio laudantium est velit perspiciatis qui impedit assumenda. Ad maiores galisum sit quis itaque sed voluptatum beatae! ');
INSERT INTO Request (requestid, empid, nguoigui, loai, tieude, ngaygui, ngayxuly, ngaychon, trangthai, noidung, phanhoi) VALUES ('196', '12', 'Joel Thomas', 'From home', 'Đơn xin làm việc tại nhà', '2024-08-24 00:00:00', '2024-08-24 00:00:00', '2024-08-26 00:00:00', '1', 'Lorem ipsum dolor sit amet. Ut ipsam amet qui optio laudantium est velit perspiciatis qui impedit assumenda. Ad maiores galisum sit quis itaque sed voluptatum beatae! ', 'Lorem ipsum dolor sit amet. Ut ipsam amet qui optio laudantium est velit perspiciatis qui impedit assumenda. Ad maiores galisum sit quis itaque sed voluptatum beatae! ');
INSERT INTO Request (requestid, empid, nguoigui, loai, tieude, ngaygui, ngayxuly, ngaychon, trangthai, noidung, phanhoi) VALUES ('197', '10', 'Kathy Weatherby', 'Nghỉ phép', 'Đơn xin nghỉ phép', '2024-08-20 00:00:00', '2024-08-20 00:00:00', '2024-08-22 00:00:00', '1', 'Lorem ipsum dolor sit amet. Ut ipsam amet qui optio laudantium est velit perspiciatis qui impedit assumenda. Ad maiores galisum sit quis itaque sed voluptatum beatae! ', 'Lorem ipsum dolor sit amet. Ut ipsam amet qui optio laudantium est velit perspiciatis qui impedit assumenda. Ad maiores galisum sit quis itaque sed voluptatum beatae! ');
INSERT INTO Request (requestid, empid, nguoigui, loai, tieude, ngaygui, ngayxuly, ngaychon, trangthai, noidung, phanhoi) VALUES ('198', '15', 'Richard L. Anderson', 'From home', 'Đơn xin làm việc tại nhà', '2024-08-15 00:00:00', '2024-08-15 00:00:00', '2024-08-17 00:00:00', '1', 'Lorem ipsum dolor sit amet. Ut ipsam amet qui optio laudantium est velit perspiciatis qui impedit assumenda. Ad maiores galisum sit quis itaque sed voluptatum beatae! ', 'Lorem ipsum dolor sit amet. Ut ipsam amet qui optio laudantium est velit perspiciatis qui impedit assumenda. Ad maiores galisum sit quis itaque sed voluptatum beatae! ');
INSERT INTO Request (requestid, empid, nguoigui, loai, tieude, ngaygui, ngaychon, trangthai, noidung) VALUES ('199', '4', 'Tara Applewhite', 'From home', 'Đơn xin làm việc tại nhà', '2024-08-15 00:00:00', '2024-08-17 00:00:00', '0', 'Lorem ipsum dolor sit amet. Ut ipsam amet qui optio laudantium est velit perspiciatis qui impedit assumenda. Ad maiores galisum sit quis itaque sed voluptatum beatae! ');
INSERT INTO Request (requestid, empid, nguoigui, loai, tieude, ngaygui, trangthai, noidung) VALUES ('200', '4', 'Tara Applewhite', 'Nghỉ việc', 'Khác', '2024-08-15 00:00:00', '0', 'Lorem ipsum dolor sit amet. Ut ipsam amet qui optio laudantium est velit perspiciatis qui impedit assumenda. Ad maiores galisum sit quis itaque sed voluptatum beatae! ');




INSERT INTO Voucher (    voucherid,    tenvoucher,    trigia,    hansudung,    chitiet,    huongdansudung,    tinhtrang
) VALUES
(1, 'GrabFood: Giảm 50K', 100, '2024-12-31', 'Giảm 50K cho đơn tối thiếu 100K', 'Nhập mã qua app', 'Đã dùng'),
(2, 'GrabFood: Giảm 100K', 150, '2024-11-15', 'Giảm 100K cho đơn tối thiếu 200K', 'Nhập mã qua app', 'Đã dùng'),
(3, 'GrabFood: Giảm 200K', 200, '2024-11-15', 'Giảm 200K cho đơn tối thiếu 300K', 'Nhập mã qua app', 'Chưa dùng'),
(4, 'GrabBike: Giảm 20,000 vnđ', 50, '2024-11-15', 'Giảm 20K cho đơn tối thiếu 50K', 'Nhập mã qua app', 'Chưa dùng'),
(5, 'GrabCar: Giảm 40,000 vnđ', 100, '2024-10-10', 'Giảm 40K cho đơn tối thiếu 100K', 'Nhập mã qua app', 'Đã dùng'),
(6, 'GrabMart: Giảm 50,000 vnđ', 150, '2024-10-10', 'Giảm 50K cho đơn tối thiếu 200K', 'Nhập mã qua app', 'Chưa dùng'),
(7, 'Jollibee: Giảm 50K', 150, '2024-09-05', 'Giảm 50K cho đơn tối thiếu 100K', 'Quét mã tại quầy', 'Đã dùng'),
(8, 'ShopeeFoodxJollibee: Giảm 90K', 200, '2024-09-05', 'Giảm 90K cho đơn tối thiếu 200K', 'Nhập mã qua app', 'Đã dùng'),
(9, 'Shopee: Giảm 90K đơn tối thiếu 90K', 200, '2024-09-05', 'Giảm 90K cho đơn tối thiếu 90K', 'Nhập mã qua app', 'Đã dùng'),
(10, 'Shopee: Giảm 130K đơn tối thiếu 130K', 250, '2024-09-05', 'Giảm 130K cho đơn tối thiếu 130K', 'Nhập mã qua app', 'Chưa dùng'),
(11, 'Family Mart: Tặng 20,000 vnđ', 50, '2024-09-05', 'Giảm 20K cho đơn tối thiếu 50K', 'Quét mã tại quầy', 'Chưa dùng'),
(12, 'Family Mart: BELANJA Tặng 50,000 vnđ', 100, '2024-11-15', 'Tặng 50K khi thanh toán 300K', 'Quét mã tại quầy', 'Chưa dùng'),
(13, 'Gojek: Giảm 25K vận chuyển', 50, '2024-12-31', 'Giảm 25K cho đơn tối thiếu 100K', 'Nhập mã qua app', 'Chưa dùng'),
(14, 'Gojek: Giảm 50K vận chuyển', 100, '2024-09-05', 'Giảm 50K cho đơn tối thiếu 150K', 'Nhập mã qua app', 'Chưa dùng'),
(15, 'Gofood: Tặng 50K', 100, '2024-10-10', 'Tặng 50K cho đơn tối thiếu 100K', 'Nhập mã qua app', 'Đã dùng'),
(16, 'Gofood: Tặng 100K', 200, '2024-10-10', 'Tặng 100K cho đơn tối thiếu 150K', 'Nhập mã qua app', 'Đã dùng'),
(17, 'GoCar: Giảm 50K', 100, '2024-10-10', 'Giảm 50K cho đơn tối thiếu 100K', 'Nhập mã qua app', 'Chưa dùng'),
(18, 'GoRide: Giảm 100K', 200, '2024-10-10', 'Giảm 100K cho đơn tối thiếu 150K', 'Nhập mã qua app', 'Chưa dùng'),
(19, 'MoMo: Giảm 50,000đ Google Play', 100, '2024-11-15', 'Giảm 50K khi thanh toán Google Play', 'Nhập mã qua app', 'Đã dùng'),
(20, 'MoMo: Giảm 200,000đ vé máy bay, tàu lửa', 300, '2024-09-05', 'Giảm 200K khi thanh toán vé máy bay, tàu lửa qua app', 'Nhập mã qua app', 'Chưa dùng'),
(21, 'MoMo: Giảm 200,000đ nạp điện thoại', 250, '2024-09-05', 'Giảm 200K khi thanh toán thẻ cào điện thoại qua app', 'Nhập mã qua app', 'Đã dùng'),
(22, 'MoMo: Hoàn 100K khi thanh toán tiền Điện', 200, '2024-09-05', 'Hoàn 100K khi thanh toán qua app', 'Nhập mã qua app', 'Đã dùng'),
(23, 'Hasaki: Tặng 50K đơn 299K', 100, '2024-09-05', 'Tặng 50K cho đơn tối thiếu 299K khi thanh toán tại quầy', 'Quét mã tại quầy/Nhập mã qua app', 'Đã dùng'),
(24, 'Hasaki: Tặng 100K đơn 499K', 250, '2024-10-10', 'Tặng 100K cho đơn tối thiếu 499K khi thanh toán tại quầy', 'Quét mã tại quầy/Nhập mã qua app', 'Chưa dùng'),
(25, 'GO TRAVEL: 500,000 VND', 300, '2024-12-31', 'Tặng 500,000VND khi đặt vé du lịch trên GO TRAVEL', 'Quét mã tại quầy/Nhập mã qua app', 'Chưa dùng'),
(26, 'GO TRAVEL: 1,000,000 VND', 350, '2024-12-31', 'Tặng 1,000,000VND khi đặt vé du lịch trên GO TRAVEL', 'Quét mã tại quầy/Nhập mã qua app', 'Đã dùng'),
(27, 'Vietjet: Giảm 300,000đ', 250, '2024-12-31', 'Tặng 300,000VND khi đặt vé máy bay Vietjet', 'Quét mã tại quầy/Nhập mã qua app', 'Chưa dùng'),
(28, 'Vietjet: Tặng 1,000,000đ', 350, '2024-12-31', 'Tặng 1,000,000VND khi đặt vé máy bay Vietjet', 'Quét mã tại quầy/Nhập mã qua app', 'Chưa dùng'),
(29, 'Vietnam Airlines: 300,000đ', 250, '2024-12-31', 'Tặng 300,000VND khi đặt vé máy bay Vietnam Airlines', 'Quét mã tại quầy/Nhập mã qua app', 'Đã dùng'),
(30, 'Vietnam Airlines: 500,000đ', 300, '2024-12-31', 'Tặng 500,000VND khi đặt vé máy bay Vietnam Airlines', 'Quét mã tại quầy/Nhập mã qua app', 'Chưa dùng'),
(31, 'GrabFood: Giảm 50K', 100, '2024-7-31', 'Giảm 50K cho đơn tối thiếu 100K', 'Nhập mã qua app', 'Đã dùng'),
(32, 'Family Mart: Tặng 20,000 vnđ', 50, '2024-09-05', 'Giảm 20K cho đơn tối thiếu 50K', 'Quét mã tại quầy', NULL),
(33, 'Family Mart: BELANJA Tặng 50,000 vnđ', 100, '2024-11-15', 'Tặng 50K khi thanh toán 300K', 'Quét mã tại quầy', NULL),
(34, 'Gojek: Giảm 25K vận chuyển', 50, '2024-12-31', 'Giảm 25K cho đơn tối thiếu 100K', 'Nhập mã qua app', NULL),
(35, 'Gojek: Giảm 50K vận chuyển', 100, '2024-09-05', 'Giảm 50K cho đơn tối thiếu 150K', 'Nhập mã qua app', NULL),
(36, 'Gofood: Tặng 50K', 100, '2024-10-10', 'Tặng 50K cho đơn tối thiếu 100K', 'Nhập mã qua app', NULL),
(37, 'GrabBike: Giảm 20,000 vnđ', 50, '2024-11-15', 'Giảm 20K cho đơn tối thiếu 50K', 'Nhập mã qua app', NULL),
(38, 'GrabCar: Giảm 40,000 vnđ', 100, '2024-10-10', 'Giảm 40K cho đơn tối thiếu 100K', 'Nhập mã qua app', NULL),
(39, 'GrabMart: Giảm 50,000 vnđ', 150, '2024-10-10', 'Giảm 50K cho đơn tối thiếu 200K', 'Nhập mã qua app', NULL),
(40, 'Jollibee: Giảm 50K', 150, '2024-09-05', 'Giảm 50K cho đơn tối thiếu 100K', 'Quét mã tại quầy', 'Đã dùng'),
(41, 'ShopeeFoodxJollibee: Giảm 90K', 200, '2024-09-05', 'Giảm 90K cho đơn tối thiếu 200K', 'Nhập mã qua app', NULL),
(42, 'Shopee: Giảm 90K đơn tối thiếu 90K', 200, '2024-09-05', 'Giảm 90K cho đơn tối thiếu 90K', 'Nhập mã qua app', NULL),
(43, 'Shopee: Giảm 130K đơn tối thiếu 130K', 250, '2024-09-05', 'Giảm 130K cho đơn tối thiếu 130K', 'Nhập mã qua app', NULL),
(44, 'Family Mart: Tặng 20,000 vnđ', 50, '2024-09-05', 'Giảm 20K cho đơn tối thiếu 50K', 'Quét mã tại quầy', NULL),
(45, 'Family Mart: BELANJA Tặng 50,000 vnđ', 100, '2024-11-15', 'Tặng 50K khi thanh toán 300K', 'Quét mã tại quầy', NULL),
(46, 'Gojek: Giảm 25K vận chuyển', 50, '2024-12-31', 'Giảm 25K cho đơn tối thiếu 100K', 'Nhập mã qua app', NULL),
(47, 'Gojek: Giảm 50K vận chuyển', 100, '2024-09-05', 'Giảm 50K cho đơn tối thiếu 150K', 'Nhập mã qua app', NULL);


INSERT INTO Felicitation (    felicitationid,    point,    date,    noidung,    nguoinhan,    nguoitang,    voucherid)
VALUES
(1, 300, '2024-08-21', 'Nhờ hoàn thành Time-sheet', 1, 2, NULL),
(2, 100, '2024-08-26', 'Nhờ hoàn thành Time-sheet', 4, NULL, NULL),
(3, 250, '2024-07-15', 'Nhờ hoàn thành Time-sheet', 5, NULL, NULL),
(4, -300, '2024-07-21', 'Đổi Voucher: Tặng 500,000VND khi đặt vé máy bay Vietnam Airlines', 10, NULL, 30),
(5, -250, '2024-08-18', 'Đổi Voucher:Tặng 100K cho đơn tối thiếu 499K khi thanh toán tại quầy', 12, NULL, 24),
(6, -150, '2024-07-23', 'Đổi Voucher: Giảm 50K cho đơn tối thiếu 100K', 11, NULL, 7),
(7, 100, '2024-08-13', 'Nhờ hoàn thành Time-sheet', 9, 14, NULL),
(8, 50, '2024-07-14', 'Nhờ hoàn thành Time-sheet', 5, 7, NULL),
(9, -100, '2024-07-15', 'Đổi voucher: Giảm 50K khi thanh toán Google Play', 6, NULL, 19),
(10, 200, '2024-08-09', 'Nhờ hoàn thành Time-sheet', 1, 2, NULL),
(11, 250, '2024-07-16', 'Nhờ hoàn thành Time-sheet', 10, 7, NULL),
(12, 300, '2024-08-02', 'Nhờ hoàn thành Time-sheet', 4, 2, NULL),
(13, -350, '2024-08-20', 'Đổi voucher:Tặng 1,000,000VND khi đặt vé máy bay Vietjet', 6, NULL, 28),
(14, 200, '2024-07-16', 'Nhờ hoàn thành Time-sheet', 3, NULL, NULL),
(15, 100, '2024-07-19', 'Nhờ hoàn thành Time-sheet', 1, NULL, NULL),
(16, -100, '2024-07-05', 'Đổi voucher: Giảm 50K khi thanh toán Google Play', 15, NULL, 19),
(17, -50, '2024-07-12', 'Đổi voucher: Giảm 20K cho đơn tối thiếu 50K', 4, NULL, 11),
(18, 150, '2024-07-23', 'Nhờ hoàn thành Time-sheet', 8, 14, NULL),
(19, 150, '2024-07-11', 'Nhờ hoàn thành Time-sheet', 5, NULL, NULL),
(20, 100, '2024-07-07', 'Nhờ hoàn thành Time-sheet', 13, 7, NULL),
(21, 50, '2024-07-17', 'Nhờ hoàn thành Time-sheet', 1, NULL, NULL),
(22, 200, '2024-07-01', 'Nhờ hoàn thành Time-sheet', 10, 7, NULL),
(23, 250, '2024-08-09', 'Nhờ hoàn thành Time-sheet', 3, NULL, NULL),
(24, -300, '2024-07-28', 'Đổi Voucher: Tặng 500,000VND khi đặt vé máy bay Vietnam Airlines', 3, NULL, 30),
(25, -350, '2024-07-30', 'Đổi voucher:Tặng 1,000,000VND khi đặt vé máy bay Vietjet', 4, NULL, 28),
(26, 100, '2024-07-13', 'Nhờ hoàn thành Time-sheet', 5, NULL, NULL),
(27, -300, '2024-07-31', 'Đổi Voucher: Tặng 500,000VND khi đặt vé máy bay Vietnam Airlines', 6, NULL, 30),
(28, 350, '2024-07-10', 'Nhờ hoàn thành Time-sheet', 10, NULL, NULL),
(29, -250, '2024-07-12', 'Đổi Voucher:Tặng 100K cho đơn tối thiếu 499K khi thanh toán tại quầy', 9, NULL, 24),
(30, 100, '2024-07-29', 'Nhờ hoàn thành Time-sheet', 5, 7, NULL),
(31, 300, '2024-08-21', 'Nhờ hoàn thành Time-sheet', 10, NULL, NULL),
(32, 100, '2024-08-26', 'Nhờ hoàn thành Time-sheet', 11, 14, NULL),
(33, 250, '2024-07-15', 'Nhờ hoàn thành Time-sheet', 12, NULL, NULL),
(34, -300, '2024-07-21', 'Đổi Voucher: Tặng 500,000VND khi đặt vé máy bay Vietnam Airlines', 13, NULL, 30),
(35, -250, '2024-08-18', 'Đổi Voucher:Tặng 100K cho đơn tối thiếu 499K khi thanh toán tại quầy', 11, NULL, 24),
(36, -150, '2024-07-23', 'Đổi Voucher: Giảm 50K cho đơn tối thiếu 100K', 15, NULL, 7),
(37, 100, '2024-08-13', 'Nhờ hoàn thành Time-sheet', 2, NULL, NULL),
(38, 50, '2024-07-14', 'Nhờ hoàn thành Time-sheet', 3, NULL, NULL),
(39, -100, '2024-07-15', 'Đổi voucher: Giảm 50K khi thanh toán Google Play', 6, NULL, 19),
(40, 200, '2024-08-09', 'Nhờ hoàn thành Time-sheet', 1, NULL, NULL),
(41, 250, '2024-07-16', 'Nhờ hoàn thành Time-sheet', 2, NULL, NULL),
(42, 300, '2024-08-02', 'Nhờ hoàn thành Time-sheet', 4, NULL, NULL),
(43, -350, '2024-08-20', 'Đổi voucher:Tặng 1,000,000VND khi đặt vé máy bay Vietjet', 6, NULL, 28),
(44, 200, '2024-07-16', 'Nhờ hoàn thành Time-sheet', 10, 7, NULL),
(45, 100, '2024-07-19', 'Nhờ hoàn thành Time-sheet', 1, NULL, NULL),
(46, -100, '2024-07-05', 'Đổi voucher: Giảm 50K khi thanh toán Google Play', 13, NULL, 19),
(47, -50, '2024-07-12', 'Đổi voucher: Giảm 20K cho đơn tối thiếu 50K', 4, NULL, 11),
(48, 150, '2024-07-23', 'Nhờ hoàn thành Time-sheet', 8, 14, NULL),
(49, 150, '2024-07-11', 'Nhờ hoàn thành Time-sheet', 5, NULL, NULL),
(50, 100, '2024-07-07', 'Nhờ hoàn thành Time-sheet', 13, 7, NULL),
(51, 50, '2024-07-17', 'Nhờ hoàn thành Time-sheet', 1, NULL, NULL),
(52, 200, '2024-07-01', 'Nhờ hoàn thành Time-sheet', 10, 7, NULL),
(53, 250, '2024-08-09', 'Nhờ hoàn thành Time-sheet', 3, NULL, NULL),
(54, -300, '2024-07-28', 'Đổi Voucher: Tặng 500,000VND khi đặt vé máy bay Vietnam Airlines', 3, NULL, 30),
(55, -350, '2024-07-30', 'Đổi voucher:Tặng 1,000,000VND khi đặt vé máy bay Vietjet', 4, NULL, 28),
(56, 100, '2024-07-13', 'Nhờ hoàn thành Time-sheet', 5, NULL, NULL),
(57, -300, '2024-07-31', 'Đổi Voucher: Tặng 500,000VND khi đặt vé máy bay Vietnam Airlines', 6, NULL, 30),
(58, 350, '2024-07-10', 'Nhờ hoàn thành Time-sheet', 15, NULL, NULL),
(59, -250, '2024-07-12', 'Đổi Voucher:Tặng 100K cho đơn tối thiếu 499K khi thanh toán tại quầy', 9, NULL, 24),
(60, 100, '2024-07-29', 'Nhờ hoàn thành Time-sheet', 5, 7, NULL),
(61, -100, '2024-07-05', 'Đổi voucher: Giảm 50K khi thanh toán Google Play', 2, NULL, 19),
(62, -300, '2024-07-21', 'Đổi Voucher: Tặng 500,000VND khi đặt vé máy bay Vietnam Airlines', 1, NULL, 30),
(63, -250, '2024-08-18', 'Đổi Voucher:Tặng 100K cho đơn tối thiếu 499K khi thanh toán tại quầy', 1, NULL, 24),
(64, -300, '2024-07-21', 'Đổi voucher: Giảm 50K khi thanh toán Google Play', 1, NULL, 19),
(65, 300, '2024-08-21', 'Nhờ hoàn thành Time-sheet', 2, NULL, NULL),
(66, 300, '2024-08-21', 'Nhờ hoàn thành Time-sheet', 2, NULL, NULL);
