USE QLNV_UDPT;

-- PhongBan
INSERT INTO PhongBan (PhongID, TenPhong, SoThanhVien) VALUES ('P01', 'Alibaba', '4');
INSERT INTO PhongBan (PhongID, TenPhong, SoThanhVien) VALUES ('P02', 'Umbala', '4');
INSERT INTO PhongBan (PhongID, TenPhong, SoThanhVien) VALUES ('P03', 'Fire','3');

-- Profile
INSERT INTO Profile (EmpID, PhongID, Role, HoTen, Email, TenTaiKhoan, MatKhau, GioiTinh, SoDienThoai, CCCD, STK, Luong, DiemThuong, TinhTrang, DiaChi, Image) VALUES ('1', 'P01', 'Nhân viên', 'Bông Bông', '20127161@student.hcmus.edu.vn', 'bongbong', '12345', 'Nữ', '123456789', '198803850072', '123456', '54176', '550', '1', 'Pennsylvania', '1.png');
INSERT INTO Profile (EmpID, PhongID, Role, HoTen, Email, TenTaiKhoan, MatKhau, GioiTinh, SoDienThoai, CCCD, STK, Luong, DiemThuong, TinhTrang, DiaChi, Image) VALUES ('2', 'P01', 'Quản lý', 'Bắp Bắp', '20127252@student.hcmus.edu.vn', 'bapbap', '12345', 'Nữ', '631943506', '127631943506', '631943', '58120', '1770', '1', 'Massachusetts', '2.png');
INSERT INTO Profile (EmpID, Role, HoTen, Email, TenTaiKhoan, MatKhau, GioiTinh, SoDienThoai, CCCD, STK, Luong, DiemThuong, TinhTrang, DiaChi, Image) VALUES ('3', 'Giám đốc', 'Ngân Hồ', '20127250@student.hcmus.edu.vn', 'nganho', '12345', 'Nữ', '449199827', '990449199827', '449199', '26135', '7840', '1', 'Washington', '3.png');
INSERT INTO Profile (EmpID, PhongID, Role, HoTen, Email, TenTaiKhoan, MatKhau, GioiTinh, SoDienThoai, CCCD, STK, Luong, DiemThuong, TinhTrang, DiaChi, Image) VALUES ('4', 'P01', 'Nhân viên', 'Tara Applewhite', 'saomai241202@gmail.com', 'taraapplewhite', '12345', 'Nữ', '294073526', '722194073526', '294073', '80274', '425', '0', 'California', '4.png');
INSERT INTO Profile (EmpID, PhongID, Role, HoTen, Email, TenTaiKhoan, MatKhau, GioiTinh, SoDienThoai, CCCD, STK, Luong, DiemThuong, TinhTrang, DiaChi, Image) VALUES ('5', 'P02', 'Nhân viên', 'Devin Lear', 'thanhhoabui323@gmail.com', 'devinlear', '12345', 'Nam', '453542504', '535353661119', '453542', '43532', '742', '1', 'Massachusetts', '5.png');
INSERT INTO Profile (EmpID, PhongID, Role, HoTen, Email, TenTaiKhoan, MatKhau, GioiTinh, SoDienThoai, CCCD, STK, Luong, DiemThuong, TinhTrang, DiaChi, Image) VALUES ('6', 'P01', 'Nhân viên', 'Lucile Sexton', 'tranhoa28082002@gmail.com', 'lucilesexton', '12345', 'Nữ', '426875378', '736303984249', '426875', '68637', '753', '1', 'Washington', '6.png');
INSERT INTO Profile (EmpID, PhongID, Role, HoTen, Email, TenTaiKhoan, MatKhau, GioiTinh, SoDienThoai, CCCD, STK, Luong, DiemThuong, TinhTrang, DiaChi, Image) VALUES ('7', 'P02', 'Quản lý', 'Jarrod Faith', 'alibaba28022002@gmail.com', 'jarrodfaith', '12345', 'Nam', '386352478', '628045126840', '386352', '53478', '1424', '1', 'California', '7.png');
INSERT INTO Profile (EmpID, PhongID, Role, HoTen, Email, TenTaiKhoan, MatKhau, GioiTinh, SoDienThoai, CCCD, STK, Luong, DiemThuong, TinhTrang, DiaChi, Image) VALUES ('8', 'P03', 'Nhân viên', 'Terry Gross', 'btthoa20@clc.fitus.edu.vn', 'terrygross', '12345', 'Nam', '385386834', '224011066412', '385386', '64497', '764', '1', 'Massachusetts', '8.png');
INSERT INTO Profile (EmpID, PhongID, Role, HoTen, Email, TenTaiKhoan, MatKhau, GioiTinh, SoDienThoai, CCCD, STK, Luong, DiemThuong, TinhTrang, DiaChi, Image) VALUES ('9', 'P03', 'Nhân viên', 'Jim Martin', 'abc123@gmail.com', 'jimmartin', '12345', 'Nam', '387532135', '556300455788', '387532', '32433', '124', '1', 'Pennsylvania', '9.png');
INSERT INTO Profile (EmpID, PhongID, Role, HoTen, Email, TenTaiKhoan, MatKhau, GioiTinh, SoDienThoai, CCCD, STK, Luong, DiemThuong, TinhTrang, DiaChi, Image) VALUES ('10', 'P02', 'Nhân viên', 'Kathy Weatherby', 'abc234@gmail.com', 'kathyweatherby', '12345', 'Nữ', '387546786', '138243321759', '387546', '23464', '254', '1', 'California', '10.png');
INSERT INTO Profile (EmpID, PhongID, Role, HoTen, Email, TenTaiKhoan, MatKhau, GioiTinh, SoDienThoai, CCCD, STK, Luong, DiemThuong, TinhTrang, DiaChi, Image) VALUES ('11', 'P03', 'Nhân viên', 'Nancy Garcia', 'abc345@gmail.com', 'nancyharcia', '12345', 'Nữ', '875423965', '210070478788', '875423', '54145', '368', '1', 'Pennsylvania', '11.png');
INSERT INTO Profile (EmpID, PhongID, Role, HoTen, Email, TenTaiKhoan, MatKhau, GioiTinh, SoDienThoai, CCCD, STK, Luong, DiemThuong, TinhTrang, DiaChi, Image) VALUES ('12', 'P01', 'Nhân viên', 'Joel Thomas', 'abc456@gmail.com', 'joelthomas', '12345', 'Nam', '994545357', '131070424097', '994545', '63248', '752', '1', 'New York', '12.png');
INSERT INTO Profile (EmpID, PhongID, Role, HoTen, Email, TenTaiKhoan, MatKhau, GioiTinh, SoDienThoai, CCCD, STK, Luong, DiemThuong, TinhTrang, DiaChi, Image) VALUES ('13', 'P02', 'Nhân viên', 'Alan Ruley', 'abc567@student.hcmus.edu.vn', 'alanruley', '12345', 'Nam', '995253220', '655195906385', '995253', '57445', '465', '1', 'California', '13.png');
INSERT INTO Profile (EmpID, PhongID, Role, HoTen, Email, TenTaiKhoan, MatKhau, GioiTinh, SoDienThoai, CCCD, STK, Luong, DiemThuong, TinhTrang, DiaChi, Image) VALUES ('14', 'P03', 'Quản lý', 'Jose D. Skaggs', 'abc678@student.hcmus.edu.vn', 'josedskaggs', '12345', 'Nam', '786835685', '887510956872', '786835', '54778', '1258', '1', 'Arizona', '14.png');
INSERT INTO Profile (EmpID, PhongID, Role, HoTen, Email, TenTaiKhoan, MatKhau, GioiTinh, SoDienThoai, CCCD, STK, Luong, DiemThuong, TinhTrang, DiaChi, Image) VALUES ('15', 'P02', 'Nhân viên', 'Richard L. Anderson', 'abc789@student.hcmus.edu.vn', 'richardlanderson', '12345', 'Nam', '753874537', '945461160495', '753874', '68548', '912', '1', 'Arizona', '15.png');


-- Check_inout
INSERT INTO Check_inout (STT, EmpID, Date_checkin, Time_checkin, Time_checkout, Overtime, Late, WorkFromHome, Nghi) VALUES ('1', '4', '2024-08-20 00:00:00', '07:29:01', '17:32:51', '0', '0', '0', '0');
INSERT INTO Check_inout (STT, EmpID, Date_checkin, Time_checkin, Time_checkout, Overtime, Late, WorkFromHome, Nghi) VALUES ('2', '13', '2024-08-18 00:00:00', '06:46:29', '18:24:25', '1', '0', '0', '0');
INSERT INTO Check_inout (STT, EmpID, Date_checkin, Time_checkin, Time_checkout, Overtime, Late, WorkFromHome, Nghi) VALUES ('3', '13', '2024-08-13 00:00:00', '06:31:35', '18:42:34', '1', '0', '0', '0');
INSERT INTO Check_inout (STT, EmpID, Date_checkin, Time_checkin, Time_checkout, Overtime, Late, WorkFromHome, Nghi) VALUES ('4', '15', '2024-07-23 00:00:00', '06:00:21', '18:26:14', '1', '0', '0', '0');
INSERT INTO Check_inout (STT, EmpID, Date_checkin, Time_checkin, Time_checkout, Overtime, Late, WorkFromHome, Nghi) VALUES ('5', '8', '2024-08-27 00:00:00', '07:28:04', '17:21:47', '0', '0', '0', '0');
INSERT INTO Check_inout (STT, EmpID, Date_checkin, Time_checkin, Time_checkout, Overtime, Late, WorkFromHome, Nghi) VALUES ('6', '8', '2024-07-03 00:00:00', '06:48:18', '16:08:19', '0', '0', '0', '0');
INSERT INTO Check_inout (STT, EmpID, Date_checkin, Time_checkin, Time_checkout, Overtime, Late, WorkFromHome, Nghi) VALUES ('7', '7', '2024-08-21 00:00:00', '07:44:13', '17:09:04', '0', '0', '0', '0');
INSERT INTO Check_inout (STT, EmpID, Date_checkin, Time_checkin, Time_checkout, Overtime, Late, WorkFromHome, Nghi) VALUES ('8', '1', '2024-07-30 00:00:00', '07:09:33', '17:39:52', '0', '0', '0', '0');
INSERT INTO Check_inout (STT, EmpID, Date_checkin, Time_checkin, Time_checkout, Overtime, Late, WorkFromHome, Nghi) VALUES ('9', '6', '2024-07-21 00:00:00', '06:00:37', '17:46:00', '0', '0', '0', '0');
INSERT INTO Check_inout (STT, EmpID, Date_checkin, Time_checkin, Time_checkout, Overtime, Late, WorkFromHome, Nghi) VALUES ('10', '2', '2024-08-20 00:00:00', '07:41:11', '16:31:52', '0', '0', '0', '0');
INSERT INTO Check_inout (STT, EmpID, Date_checkin, Time_checkin, Time_checkout, Overtime, Late, WorkFromHome, Nghi) VALUES ('11', '6', '2024-08-16 00:00:00', '06:15:38', '18:06:14', '1', '0', '0', '0');
INSERT INTO Check_inout (STT, EmpID, Date_checkin, Overtime, Late, WorkFromHome, Nghi) VALUES ('12', '2', '2024-07-08 00:00:00', '0', '0', '0', '1');
INSERT INTO Check_inout (STT, EmpID, Date_checkin, Time_checkin, Time_checkout, Overtime, Late, WorkFromHome, Nghi) VALUES ('13', '2', '2024-07-08 00:00:00', '07:49:38', '18:33:05', '1', '1', '0', '0');
INSERT INTO Check_inout (STT, EmpID, Date_checkin, Time_checkin, Time_checkout, Overtime, Late, WorkFromHome, Nghi) VALUES ('14', '7', '2024-08-08 00:00:00', '06:47:34', '16:26:48', '0', '0', '0', '0');
INSERT INTO Check_inout (STT, EmpID, Date_checkin, Time_checkin, Time_checkout, Overtime, Late, WorkFromHome, Nghi) VALUES ('15', '15', '2024-07-04 00:00:00', '06:42:48', '17:26:11', '0', '0', '0', '0');
INSERT INTO Check_inout (STT, EmpID, Date_checkin, Time_checkin, Time_checkout, Overtime, Late, WorkFromHome, Nghi) VALUES ('16', '14', '2024-08-21 00:00:00', '07:21:58', '16:37:37', '0', '0', '0', '0');
INSERT INTO Check_inout (STT, EmpID, Date_checkin, Time_checkin, Time_checkout, Overtime, Late, WorkFromHome, Nghi) VALUES ('17', '12', '2024-08-08 00:00:00', '07:01:32', '17:40:47', '0', '0', '0', '0');
INSERT INTO Check_inout (STT, EmpID, Date_checkin, Time_checkin, Time_checkout, Overtime, Late, WorkFromHome, Nghi) VALUES ('18', '5', '2024-08-16 00:00:00', '07:12:14', '18:36:35', '1', '0', '0', '0');
INSERT INTO Check_inout (STT, EmpID, Date_checkin, Time_checkin, Time_checkout, Overtime, Late, WorkFromHome, Nghi) VALUES ('19', '4', '2024-07-21 00:00:00', '06:11:36', '16:43:49', '0', '0', '0', '0');
INSERT INTO Check_inout (STT, EmpID, Date_checkin, Time_checkin, Time_checkout, Overtime, Late, WorkFromHome, Nghi) VALUES ('20', '12', '2024-08-03 00:00:00', '07:18:22', '17:58:56', '0', '0', '0', '0');
INSERT INTO Check_inout (STT, EmpID, Date_checkin, Time_checkin, Time_checkout, Overtime, Late, WorkFromHome, Nghi) VALUES ('21', '11', '2024-07-12 00:00:00', '06:26:41', '17:19:16', '0', '0', '0', '0');
INSERT INTO Check_inout (STT, EmpID, Date_checkin, Time_checkin, Time_checkout, Overtime, Late, WorkFromHome, Nghi) VALUES ('22', '11', '2024-07-31 00:00:00', '06:11:39', '17:45:01', '0', '0', '0', '0');
INSERT INTO Check_inout (STT, EmpID, Date_checkin, Time_checkin, Time_checkout, Overtime, Late, WorkFromHome, Nghi) VALUES ('23', '12', '2024-07-13 00:00:00', '06:03:56', '17:57:34', '0', '0', '0', '0');
INSERT INTO Check_inout (STT, EmpID, Date_checkin, Time_checkin, Time_checkout, Overtime, Late, WorkFromHome, Nghi) VALUES ('24', '5', '2024-08-17 00:00:00', '07:18:17', '17:08:54', '0', '0', '0', '0');
INSERT INTO Check_inout (STT, EmpID, Date_checkin, Time_checkin, Time_checkout, Overtime, Late, WorkFromHome, Nghi) VALUES ('25', '11', '2024-08-28 00:00:00', '06:55:20', '17:34:35', '0', '0', '0', '0');
INSERT INTO Check_inout (STT, EmpID, Date_checkin, Time_checkin, Time_checkout, Overtime, Late, WorkFromHome, Nghi) VALUES ('26', '14', '2024-08-07 00:00:00', '07:01:52', '18:34:11', '1', '0', '0', '0');
INSERT INTO Check_inout (STT, EmpID, Date_checkin, Time_checkin, Time_checkout, Overtime, Late, WorkFromHome, Nghi) VALUES ('27', '4', '2024-08-17 00:00:00', '07:15:08', '16:04:01', '0', '0', '0', '0');
INSERT INTO Check_inout (STT, EmpID, Date_checkin, Time_checkin, Time_checkout, Overtime, Late, WorkFromHome, Nghi) VALUES ('28', '9', '2024-08-31 00:00:00', '07:58:31', '17:02:05', '0', '1', '0', '0');
INSERT INTO Check_inout (STT, EmpID, Date_checkin, Time_checkin, Time_checkout, Overtime, Late, WorkFromHome, Nghi) VALUES ('29', '5', '2024-07-01 00:00:00', '07:03:21', '18:29:08', '1', '0', '0', '0');
INSERT INTO Check_inout (STT, EmpID, Date_checkin, Time_checkin, Time_checkout, Overtime, Late, WorkFromHome, Nghi) VALUES ('30', '14', '2024-08-13 00:00:00', '07:36:32', '18:02:56', '1', '0', '0', '0');
INSERT INTO Check_inout (STT, EmpID, Date_checkin, Time_checkin, Time_checkout, Overtime, Late, WorkFromHome, Nghi) VALUES ('31', '14', '2024-07-11 00:00:00', '06:47:38', '18:19:55', '1', '0', '0', '0');
INSERT INTO Check_inout (STT, EmpID, Date_checkin, Time_checkin, Time_checkout, Overtime, Late, WorkFromHome, Nghi) VALUES ('32', '5', '2024-08-06 00:00:00', '06:50:35', '17:23:30', '0', '0', '0', '0');
INSERT INTO Check_inout (STT, EmpID, Date_checkin, Time_checkin, Time_checkout, Overtime, Late, WorkFromHome, Nghi) VALUES ('33', '13', '2024-07-14 00:00:00', '07:18:42', '18:18:46', '1', '0', '0', '0');
INSERT INTO Check_inout (STT, EmpID, Date_checkin, Time_checkin, Time_checkout, Overtime, Late, WorkFromHome, Nghi) VALUES ('34', '15', '2024-07-02 00:00:00', '07:12:12', '17:02:40', '0', '0', '0', '0');
INSERT INTO Check_inout (STT, EmpID, Date_checkin, Time_checkin, Time_checkout, Overtime, Late, WorkFromHome, Nghi) VALUES ('35', '2', '2024-07-03 00:00:00', '06:45:50', '17:17:07', '0', '0', '0', '0');
INSERT INTO Check_inout (STT, EmpID, Date_checkin, Time_checkin, Time_checkout, Overtime, Late, WorkFromHome, Nghi) VALUES ('36', '12', '2024-07-18 00:00:00', '07:54:03', '16:34:16', '0', '1', '0', '0');
INSERT INTO Check_inout (STT, EmpID, Date_checkin, Time_checkin, Time_checkout, Overtime, Late, WorkFromHome, Nghi) VALUES ('37', '8', '2024-07-03 00:00:00', '06:10:28', '17:12:06', '0', '0', '0', '0');
INSERT INTO Check_inout (STT, EmpID, Date_checkin, Time_checkin, Time_checkout, Overtime, Late, WorkFromHome, Nghi) VALUES ('38', '6', '2024-07-27 00:00:00', '07:25:03', '18:59:39', '1', '0', '0', '0');
INSERT INTO Check_inout (STT, EmpID, Date_checkin, Time_checkin, Time_checkout, Overtime, Late, WorkFromHome, Nghi) VALUES ('39', '1', '2024-08-02 00:00:00', '07:29:06', '16:02:43', '0', '0', '0', '0');
INSERT INTO Check_inout (STT, EmpID, Date_checkin, Time_checkin, Time_checkout, Overtime, Late, WorkFromHome, Nghi) VALUES ('40', '5', '2024-08-21 00:00:00', '06:49:01', '18:00:41', '1', '0', '0', '0');
INSERT INTO Check_inout (STT, EmpID, Date_checkin, Time_checkin, Time_checkout, Overtime, Late, WorkFromHome, Nghi) VALUES ('41', '11', '2024-08-26 00:00:00', '06:26:50', '17:07:52', '0', '0', '0', '0');
INSERT INTO Check_inout (STT, EmpID, Date_checkin, Time_checkin, Time_checkout, Overtime, Late, WorkFromHome, Nghi) VALUES ('42', '9', '2024-07-15 00:00:00', '07:15:10', '16:54:26', '0', '0', '0', '0');
INSERT INTO Check_inout (STT, EmpID, Date_checkin, Time_checkin, Time_checkout, Overtime, Late, WorkFromHome, Nghi) VALUES ('43', '2', '2024-07-21 00:00:00', '07:27:03', '18:13:57', '1', '0', '0', '0');
INSERT INTO Check_inout (STT, EmpID, Date_checkin, Time_checkin, Time_checkout, Overtime, Late, WorkFromHome, Nghi) VALUES ('44', '6', '2024-08-18 00:00:00', '06:41:42', '18:09:40', '1', '0', '0', '0');
INSERT INTO Check_inout (STT, EmpID, Date_checkin, Time_checkin, Time_checkout, Overtime, Late, WorkFromHome, Nghi) VALUES ('45', '8', '2024-07-23 00:00:00', '06:46:16', '17:38:09', '0', '0', '0', '0');
INSERT INTO Check_inout (STT, EmpID, Date_checkin, Time_checkin, Time_checkout, Overtime, Late, WorkFromHome, Nghi) VALUES ('46', '1', '2024-08-13 00:00:00', '07:10:05', '16:37:55', '0', '0', '0', '0');
INSERT INTO Check_inout (STT, EmpID, Date_checkin, Time_checkin, Time_checkout, Overtime, Late, WorkFromHome, Nghi) VALUES ('47', '1', '2024-07-14 00:00:00', '06:20:35', '18:10:16', '1', '0', '0', '0');
INSERT INTO Check_inout (STT, EmpID, Date_checkin, Time_checkin, Time_checkout, Overtime, Late, WorkFromHome, Nghi) VALUES ('48', '11', '2024-07-15 00:00:00', '06:28:16', '18:43:46', '1', '0', '0', '0');
INSERT INTO Check_inout (STT, EmpID, Date_checkin, Overtime, Late, WorkFromHome, Nghi) VALUES ('49', '8', '2024-08-09 00:00:00', '0', '0', '1', '0');
INSERT INTO Check_inout (STT, EmpID, Date_checkin, Time_checkin, Time_checkout, Overtime, Late, WorkFromHome, Nghi) VALUES ('50', '6', '2024-07-16 00:00:00', '06:58:18', '17:40:45', '0', '0', '0', '0');
INSERT INTO Check_inout (STT, EmpID, Date_checkin, Time_checkin, Time_checkout, Overtime, Late, WorkFromHome, Nghi) VALUES ('51', '13', '2024-08-02 00:00:00', '07:06:35', '16:49:36', '0', '0', '0', '0');
INSERT INTO Check_inout (STT, EmpID, Date_checkin, Time_checkin, Time_checkout, Overtime, Late, WorkFromHome, Nghi) VALUES ('52', '1', '2024-08-20 00:00:00', '07:19:03', '18:18:27', '1', '0', '0', '0');
INSERT INTO Check_inout (STT, EmpID, Date_checkin, Time_checkin, Time_checkout, Overtime, Late, WorkFromHome, Nghi) VALUES ('53', '7', '2024-07-16 00:00:00', '06:00:21', '17:52:48', '0', '0', '0', '0');
INSERT INTO Check_inout (STT, EmpID, Date_checkin, Time_checkin, Time_checkout, Overtime, Late, WorkFromHome, Nghi) VALUES ('54', '1', '2024-07-19 00:00:00', '07:26:16', '16:38:43', '0', '0', '0', '0');
INSERT INTO Check_inout (STT, EmpID, Date_checkin, Time_checkin, Time_checkout, Overtime, Late, WorkFromHome, Nghi) VALUES ('55', '15', '2024-07-05 00:00:00', '06:11:24', '16:53:37', '0', '0', '0', '0');
INSERT INTO Check_inout (STT, EmpID, Date_checkin, Time_checkin, Time_checkout, Overtime, Late, WorkFromHome, Nghi) VALUES ('56', '1', '2024-07-12 00:00:00', '07:44:27', '17:30:32', '0', '0', '0', '0');
INSERT INTO Check_inout (STT, EmpID, Date_checkin, Time_checkin, Time_checkout, Overtime, Late, WorkFromHome, Nghi) VALUES ('57', '15', '2024-07-23 00:00:00', '07:38:28', '18:03:08', '1', '0', '0', '0');
INSERT INTO Check_inout (STT, EmpID, Date_checkin, Time_checkin, Time_checkout, Overtime, Late, WorkFromHome, Nghi) VALUES ('58', '11', '2024-07-11 00:00:00', '07:39:32', '17:29:37', '0', '0', '0', '0');
INSERT INTO Check_inout (STT, EmpID, Date_checkin, Time_checkin, Time_checkout, Overtime, Late, WorkFromHome, Nghi) VALUES ('59', '9', '2024-07-07 00:00:00', '07:40:04', '17:38:30', '0', '0', '0', '0');
INSERT INTO Check_inout (STT, EmpID, Date_checkin, Time_checkin, Time_checkout, Overtime, Late, WorkFromHome, Nghi) VALUES ('60', '4', '2024-07-17 00:00:00', '07:27:51', '17:52:21', '0', '0', '0', '0');
INSERT INTO Check_inout (STT, EmpID, Date_checkin, Time_checkin, Time_checkout, Overtime, Late, WorkFromHome, Nghi) VALUES ('61', '5', '2024-07-01 00:00:00', '06:50:38', '17:20:24', '0', '0', '0', '0');
INSERT INTO Check_inout (STT, EmpID, Date_checkin, Time_checkin, Time_checkout, Overtime, Late, WorkFromHome, Nghi) VALUES ('62', '15', '2024-08-09 00:00:00', '07:18:26', '18:39:09', '1', '0', '0', '0');
INSERT INTO Check_inout (STT, EmpID, Date_checkin, Time_checkin, Time_checkout, Overtime, Late, WorkFromHome, Nghi) VALUES ('63', '1', '2024-07-28 00:00:00', '07:22:35', '17:31:36', '0', '0', '0', '0');
INSERT INTO Check_inout (STT, EmpID, Date_checkin, Time_checkin, Time_checkout, Overtime, Late, WorkFromHome, Nghi) VALUES ('64', '15', '2024-07-30 00:00:00', '07:37:40', '17:49:24', '0', '0', '0', '0');
INSERT INTO Check_inout (STT, EmpID, Date_checkin, Time_checkin, Time_checkout, Overtime, Late, WorkFromHome, Nghi) VALUES ('65', '2', '2024-07-13 00:00:00', '06:51:04', '18:29:18', '1', '0', '0', '0');
INSERT INTO Check_inout (STT, EmpID, Date_checkin, Time_checkin, Time_checkout, Overtime, Late, WorkFromHome, Nghi) VALUES ('66', '7', '2024-07-31 00:00:00', '07:13:42', '17:03:17', '0', '0', '0', '0');
INSERT INTO Check_inout (STT, EmpID, Date_checkin, Time_checkin, Time_checkout, Overtime, Late, WorkFromHome, Nghi) VALUES ('67', '2', '2024-07-10 00:00:00', '06:48:33', '18:12:15', '1', '0', '0', '0');
INSERT INTO Check_inout (STT, EmpID, Date_checkin, Time_checkin, Time_checkout, Overtime, Late, WorkFromHome, Nghi) VALUES ('68', '12', '2024-07-12 00:00:00', '06:22:17', '19:00:00', '1', '0', '0', '0');
INSERT INTO Check_inout (STT, EmpID, Date_checkin, Time_checkin, Time_checkout, Overtime, Late, WorkFromHome, Nghi) VALUES ('69', '2', '2024-07-29 00:00:00', '07:52:06', '16:33:17', '0', '1', '0', '0');
INSERT INTO Check_inout (STT, EmpID, Date_checkin, Time_checkin, Time_checkout, Overtime, Late, WorkFromHome, Nghi) VALUES ('70', '8', '2024-08-22 00:00:00', '07:04:34', '16:52:06', '0', '0', '0', '0');
INSERT INTO Check_inout (STT, EmpID, Date_checkin, Time_checkin, Time_checkout, Overtime, Late, WorkFromHome, Nghi) VALUES ('71', '1', '2024-08-24 00:00:00', '06:02:53', '16:24:52', '0', '0', '0', '0');
INSERT INTO Check_inout (STT, EmpID, Date_checkin, Time_checkin, Time_checkout, Overtime, Late, WorkFromHome, Nghi) VALUES ('72', '2', '2024-08-14 00:00:00', '06:25:58', '17:15:53', '0', '0', '0', '0');
INSERT INTO Check_inout (STT, EmpID, Date_checkin, Time_checkin, Time_checkout, Overtime, Late, WorkFromHome, Nghi) VALUES ('73', '8', '2024-07-26 00:00:00', '06:56:36', '17:59:31', '0', '0', '0', '0');
INSERT INTO Check_inout (STT, EmpID, Date_checkin, Time_checkin, Time_checkout, Overtime, Late, WorkFromHome, Nghi) VALUES ('74', '13', '2024-08-08 00:00:00', '07:04:04', '17:46:14', '0', '0', '0', '0');
INSERT INTO Check_inout (STT, EmpID, Date_checkin, Time_checkin, Time_checkout, Overtime, Late, WorkFromHome, Nghi) VALUES ('75', '4', '2024-07-18 00:00:00', '07:52:26', '18:17:13', '1', '1', '0', '0');
INSERT INTO Check_inout (STT, EmpID, Date_checkin, Time_checkin, Time_checkout, Overtime, Late, WorkFromHome, Nghi) VALUES ('76', '7', '2024-07-09 00:00:00', '07:02:31', '17:39:26', '0', '0', '0', '0');
INSERT INTO Check_inout (STT, EmpID, Date_checkin, Time_checkin, Time_checkout, Overtime, Late, WorkFromHome, Nghi) VALUES ('77', '13', '2024-07-25 00:00:00', '06:06:47', '16:09:55', '0', '0', '0', '0');
INSERT INTO Check_inout (STT, EmpID, Date_checkin, Time_checkin, Time_checkout, Overtime, Late, WorkFromHome, Nghi) VALUES ('78', '11', '2024-07-05 00:00:00', '06:21:30', '17:11:32', '0', '0', '0', '0');
INSERT INTO Check_inout (STT, EmpID, Date_checkin, Time_checkin, Time_checkout, Overtime, Late, WorkFromHome, Nghi) VALUES ('79', '12', '2024-08-03 00:00:00', '07:43:19', '18:52:16', '1', '0', '0', '0');
INSERT INTO Check_inout (STT, EmpID, Date_checkin, Time_checkin, Time_checkout, Overtime, Late, WorkFromHome, Nghi) VALUES ('80', '8', '2024-08-02 00:00:00', '06:06:03', '17:29:20', '0', '0', '0', '0');
INSERT INTO Check_inout (STT, EmpID, Date_checkin, Time_checkin, Time_checkout, Overtime, Late, WorkFromHome, Nghi) VALUES ('81', '6', '2024-08-13 00:00:00', '07:57:08', '17:02:25', '0', '1', '0', '0');
INSERT INTO Check_inout (STT, EmpID, Date_checkin, Time_checkin, Time_checkout, Overtime, Late, WorkFromHome, Nghi) VALUES ('82', '6', '2024-07-05 00:00:00', '07:01:25', '18:59:32', '1', '0', '0', '0');
INSERT INTO Check_inout (STT, EmpID, Date_checkin, Time_checkin, Time_checkout, Overtime, Late, WorkFromHome, Nghi) VALUES ('83', '2', '2024-07-25 00:00:00', '06:12:43', '18:13:15', '1', '0', '0', '0');
INSERT INTO Check_inout (STT, EmpID, Date_checkin, Time_checkin, Time_checkout, Overtime, Late, WorkFromHome, Nghi) VALUES ('84', '15', '2024-07-10 00:00:00', '06:23:48', '18:40:18', '1', '0', '0', '0');
INSERT INTO Check_inout (STT, EmpID, Date_checkin, Time_checkin, Time_checkout, Overtime, Late, WorkFromHome, Nghi) VALUES ('85', '7', '2024-08-09 00:00:00', '06:14:13', '16:29:43', '0', '0', '0', '0');
INSERT INTO Check_inout (STT, EmpID, Date_checkin, Time_checkin, Time_checkout, Overtime, Late, WorkFromHome, Nghi) VALUES ('86', '11', '2024-07-05 00:00:00', '06:10:52', '17:31:28', '0', '0', '0', '0');
INSERT INTO Check_inout (STT, EmpID, Date_checkin, Time_checkin, Time_checkout, Overtime, Late, WorkFromHome, Nghi) VALUES ('87', '1', '2024-07-14 00:00:00', '06:36:04', '17:03:37', '0', '0', '0', '0');
INSERT INTO Check_inout (STT, EmpID, Date_checkin, Time_checkin, Time_checkout, Overtime, Late, WorkFromHome, Nghi) VALUES ('88', '2', '2024-07-29 00:00:00', '07:26:06', '18:14:33', '1', '0', '0', '0');
INSERT INTO Check_inout (STT, EmpID, Date_checkin, Time_checkin, Time_checkout, Overtime, Late, WorkFromHome, Nghi) VALUES ('89', '15', '2024-07-07 00:00:00', '06:36:46', '16:10:25', '0', '0', '0', '0');
INSERT INTO Check_inout (STT, EmpID, Date_checkin, Time_checkin, Time_checkout, Overtime, Late, WorkFromHome, Nghi) VALUES ('90', '8', '2024-07-13 00:00:00', '07:24:09', '17:02:59', '0', '0', '0', '0');
INSERT INTO Check_inout (STT, EmpID, Date_checkin, Time_checkin, Time_checkout, Overtime, Late, WorkFromHome, Nghi) VALUES ('91', '4', '2024-07-20 00:00:00', '06:42:21', '18:00:20', '1', '0', '0', '0');
INSERT INTO Check_inout (STT, EmpID, Date_checkin, Time_checkin, Time_checkout, Overtime, Late, WorkFromHome, Nghi) VALUES ('92', '15', '2024-08-23 00:00:00', '06:21:58', '16:52:24', '0', '0', '0', '0');
INSERT INTO Check_inout (STT, EmpID, Date_checkin, Time_checkin, Time_checkout, Overtime, Late, WorkFromHome, Nghi) VALUES ('93', '15', '2024-08-18 00:00:00', '07:51:20', '16:57:46', '0', '1', '0', '0');
INSERT INTO Check_inout (STT, EmpID, Date_checkin, Time_checkin, Time_checkout, Overtime, Late, WorkFromHome, Nghi) VALUES ('94', '9', '2024-07-29 00:00:00', '06:13:51', '18:52:26', '1', '0', '0', '0');
INSERT INTO Check_inout (STT, EmpID, Date_checkin, Time_checkin, Time_checkout, Overtime, Late, WorkFromHome, Nghi) VALUES ('95', '5', '2024-08-03 00:00:00', '07:35:31', '16:28:08', '0', '0', '0', '0');
INSERT INTO Check_inout (STT, EmpID, Date_checkin, Time_checkin, Time_checkout, Overtime, Late, WorkFromHome, Nghi) VALUES ('96', '4', '2024-07-23 00:00:00', '07:26:19', '18:58:11', '1', '0', '0', '0');
INSERT INTO Check_inout (STT, EmpID, Date_checkin, Time_checkin, Time_checkout, Overtime, Late, WorkFromHome, Nghi) VALUES ('97', '2', '2024-07-10 00:00:00', '06:36:45', '18:04:13', '1', '0', '0', '0');
INSERT INTO Check_inout (STT, EmpID, Date_checkin, Time_checkin, Time_checkout, Overtime, Late, WorkFromHome, Nghi) VALUES ('98', '8', '2024-07-13 00:00:00', '07:21:59', '18:30:42', '1', '0', '0', '0');
INSERT INTO Check_inout (STT, EmpID, Date_checkin, Time_checkin, Time_checkout, Overtime, Late, WorkFromHome, Nghi) VALUES ('99', '5', '2024-08-26 00:00:00', '07:38:12', '17:44:42', '0', '0', '0', '0');
INSERT INTO Check_inout (STT, EmpID, Date_checkin, Time_checkin, Time_checkout, Overtime, Late, WorkFromHome, Nghi) VALUES ('100', '5', '2024-07-05 00:00:00', '07:25:26', '17:43:29', '0', '0', '0', '0');
INSERT INTO Check_inout (STT, EmpID, Date_checkin, Time_checkin, Time_checkout, Overtime, Late, WorkFromHome, Nghi) VALUES ('101', '13', '2024-08-18 00:00:00', '07:21:19', '18:16:52', '1', '0', '0', '0');
INSERT INTO Check_inout (STT, EmpID, Date_checkin, Time_checkin, Time_checkout, Overtime, Late, WorkFromHome, Nghi) VALUES ('102', '14', '2024-07-07 00:00:00', '06:52:10', '18:34:02', '1', '0', '0', '0');
INSERT INTO Check_inout (STT, EmpID, Date_checkin, Time_checkin, Time_checkout, Overtime, Late, WorkFromHome, Nghi) VALUES ('103', '14', '2024-07-11 00:00:00', '06:27:14', '17:22:27', '0', '0', '0', '0');
INSERT INTO Check_inout (STT, EmpID, Date_checkin, Time_checkin, Time_checkout, Overtime, Late, WorkFromHome, Nghi) VALUES ('104', '12', '2024-07-29 00:00:00', '06:32:40', '16:14:32', '0', '0', '0', '0');
INSERT INTO Check_inout (STT, EmpID, Date_checkin, Time_checkin, Time_checkout, Overtime, Late, WorkFromHome, Nghi) VALUES ('105', '15', '2024-08-24 00:00:00', '06:40:15', '17:18:18', '0', '0', '0', '0');
INSERT INTO Check_inout (STT, EmpID, Date_checkin, Time_checkin, Time_checkout, Overtime, Late, WorkFromHome, Nghi) VALUES ('106', '8', '2024-08-20 00:00:00', '07:36:18', '17:51:12', '0', '0', '0', '0');
INSERT INTO Check_inout (STT, EmpID, Date_checkin, Time_checkin, Time_checkout, Overtime, Late, WorkFromHome, Nghi) VALUES ('107', '14', '2024-08-15 00:00:00', '06:36:23', '17:41:07', '0', '0', '0', '0');
INSERT INTO Check_inout (STT, EmpID, Date_checkin, Time_checkin, Time_checkout, Overtime, Late, WorkFromHome, Nghi) VALUES ('108', '13', '2024-08-15 00:00:00', '06:34:28', '18:33:08', '1', '0', '0', '0');
INSERT INTO Check_inout (STT, EmpID, Date_checkin, Time_checkin, Time_checkout, Overtime, Late, WorkFromHome, Nghi) VALUES ('109', '1', '2024-08-15 00:00:00', '07:00:35', '16:10:12', '0', '0', '0', '0');
INSERT INTO Check_inout (STT, EmpID, Date_checkin, Time_checkin, Time_checkout, Overtime, Late, WorkFromHome, Nghi) VALUES ('110', '8', '2024-08-15 00:00:00', '06:03:38', '18:36:44', '1', '0', '0', '0');
INSERT INTO Check_inout (STT, EmpID, Date_checkin, Time_checkin, Time_checkout, Overtime, Late, WorkFromHome, Nghi) VALUES ('111', '15', '2024-07-01 00:00:00', '06:02:10', '17:27:29', '0', '0', '0', '0');
INSERT INTO Check_inout (STT, EmpID, Date_checkin, Time_checkin, Time_checkout, Overtime, Late, WorkFromHome, Nghi) VALUES ('112', '14', '2024-07-25 00:00:00', '07:59:17', '16:00:42', '0', '1', '0', '0');
INSERT INTO Check_inout (STT, EmpID, Date_checkin, Time_checkin, Time_checkout, Overtime, Late, WorkFromHome, Nghi) VALUES ('113', '5', '2024-07-09 00:00:00', '07:31:12', '16:22:46', '0', '0', '0', '0');
INSERT INTO Check_inout (STT, EmpID, Date_checkin, Time_checkin, Time_checkout, Overtime, Late, WorkFromHome, Nghi) VALUES ('114', '14', '2024-07-09 00:00:00', '07:40:25', '16:28:12', '0', '0', '0', '0');
INSERT INTO Check_inout (STT, EmpID, Date_checkin, Time_checkin, Time_checkout, Overtime, Late, WorkFromHome, Nghi) VALUES ('115', '1', '2024-07-12 00:00:00', '06:42:05', '16:52:57', '0', '0', '0', '0');
INSERT INTO Check_inout (STT, EmpID, Date_checkin, Time_checkin, Time_checkout, Overtime, Late, WorkFromHome, Nghi) VALUES ('116', '15', '2024-07-20 00:00:00', '06:18:02', '16:15:11', '0', '0', '0', '0');
INSERT INTO Check_inout (STT, EmpID, Date_checkin, Time_checkin, Time_checkout, Overtime, Late, WorkFromHome, Nghi) VALUES ('117', '11', '2024-08-09 00:00:00', '06:42:50', '18:02:23', '1', '0', '0', '0');
INSERT INTO Check_inout (STT, EmpID, Date_checkin, Time_checkin, Time_checkout, Overtime, Late, WorkFromHome, Nghi) VALUES ('118', '1', '2024-08-08 00:00:00', '07:50:09', '17:01:47', '0', '1', '0', '0');
INSERT INTO Check_inout (STT, EmpID, Date_checkin, Time_checkin, Time_checkout, Overtime, Late, WorkFromHome, Nghi) VALUES ('119', '4', '2024-08-02 00:00:00', '07:02:39', '18:28:26', '1', '0', '0', '0');
INSERT INTO Check_inout (STT, EmpID, Date_checkin, Time_checkin, Time_checkout, Overtime, Late, WorkFromHome, Nghi) VALUES ('120', '1', '2024-07-14 00:00:00', '06:04:42', '17:25:36', '0', '0', '0', '0');
INSERT INTO Check_inout (STT, EmpID, Date_checkin, Time_checkin, Time_checkout, Overtime, Late, WorkFromHome, Nghi) VALUES ('121', '14', '2024-07-02 00:00:00', '07:21:05', '17:21:39', '0', '0', '0', '0');
INSERT INTO Check_inout (STT, EmpID, Date_checkin, Time_checkin, Time_checkout, Overtime, Late, WorkFromHome, Nghi) VALUES ('122', '4', '2024-07-13 00:00:00', '06:52:11', '16:43:03', '0', '0', '0', '0');
INSERT INTO Check_inout (STT, EmpID, Date_checkin, Time_checkin, Time_checkout, Overtime, Late, WorkFromHome, Nghi) VALUES ('123', '10', '2024-08-04 00:00:00', '07:35:44', '16:16:40', '0', '0', '0', '0');
INSERT INTO Check_inout (STT, EmpID, Date_checkin, Time_checkin, Time_checkout, Overtime, Late, WorkFromHome, Nghi) VALUES ('124', '8', '2024-08-16 00:00:00', '07:28:37', '18:06:01', '1', '0', '0', '0');
INSERT INTO Check_inout (STT, EmpID, Date_checkin, Time_checkin, Time_checkout, Overtime, Late, WorkFromHome, Nghi) VALUES ('125', '4', '2024-07-04 00:00:00', '06:09:45', '18:51:34', '1', '0', '0', '0');
INSERT INTO Check_inout (STT, EmpID, Date_checkin, Time_checkin, Time_checkout, Overtime, Late, WorkFromHome, Nghi) VALUES ('126', '15', '2024-08-19 00:00:00', '07:25:54', '16:42:35', '0', '0', '0', '0');
INSERT INTO Check_inout (STT, EmpID, Date_checkin, Time_checkin, Time_checkout, Overtime, Late, WorkFromHome, Nghi) VALUES ('127', '9', '2024-08-28 00:00:00', '06:16:42', '17:36:41', '0', '0', '0', '0');
INSERT INTO Check_inout (STT, EmpID, Date_checkin, Time_checkin, Time_checkout, Overtime, Late, WorkFromHome, Nghi) VALUES ('128', '4', '2024-08-20 00:00:00', '06:38:04', '18:42:51', '1', '0', '0', '0');
INSERT INTO Check_inout (STT, EmpID, Date_checkin, Time_checkin, Time_checkout, Overtime, Late, WorkFromHome, Nghi) VALUES ('129', '8', '2024-08-03 00:00:00', '07:48:13', '17:13:30', '0', '1', '0', '0');
INSERT INTO Check_inout (STT, EmpID, Date_checkin, Time_checkin, Time_checkout, Overtime, Late, WorkFromHome, Nghi) VALUES ('130', '7', '2024-07-24 00:00:00', '06:02:27', '18:24:38', '1', '0', '0', '0');
INSERT INTO Check_inout (STT, EmpID, Date_checkin, Time_checkin, Time_checkout, Overtime, Late, WorkFromHome, Nghi) VALUES ('131', '14', '2024-08-22 00:00:00', '06:47:17', '17:42:24', '0', '0', '0', '0');
INSERT INTO Check_inout (STT, EmpID, Date_checkin, Time_checkin, Time_checkout, Overtime, Late, WorkFromHome, Nghi) VALUES ('132', '2', '2024-08-13 00:00:00', '07:45:40', '18:00:41', '1', '1', '0', '0');
INSERT INTO Check_inout (STT, EmpID, Date_checkin, Time_checkin, Time_checkout, Overtime, Late, WorkFromHome, Nghi) VALUES ('133', '2', '2024-08-21 00:00:00', '07:47:23', '17:10:54', '0', '1', '0', '0');
INSERT INTO Check_inout (STT, EmpID, Date_checkin, Time_checkin, Time_checkout, Overtime, Late, WorkFromHome, Nghi) VALUES ('134', '11', '2024-07-29 00:00:00', '06:44:05', '18:06:03', '1', '0', '0', '0');
INSERT INTO Check_inout (STT, EmpID, Date_checkin, Time_checkin, Time_checkout, Overtime, Late, WorkFromHome, Nghi) VALUES ('135', '5', '2024-08-16 00:00:00', '07:47:46', '18:58:08', '1', '1', '0', '0');
INSERT INTO Check_inout (STT, EmpID, Date_checkin, Time_checkin, Time_checkout, Overtime, Late, WorkFromHome, Nghi) VALUES ('136', '2', '2024-07-21 00:00:00', '07:20:00', '18:22:14', '1', '0', '0', '0');
INSERT INTO Check_inout (STT, EmpID, Date_checkin, Time_checkin, Time_checkout, Overtime, Late, WorkFromHome, Nghi) VALUES ('137', '11', '2024-08-16 00:00:00', '07:03:33', '17:44:17', '0', '0', '0', '0');
INSERT INTO Check_inout (STT, EmpID, Date_checkin, Time_checkin, Time_checkout, Overtime, Late, WorkFromHome, Nghi) VALUES ('138', '14', '2024-08-17 00:00:00', '06:11:58', '18:58:00', '1', '0', '0', '0');
INSERT INTO Check_inout (STT, EmpID, Date_checkin, Time_checkin, Time_checkout, Overtime, Late, WorkFromHome, Nghi) VALUES ('139', '2', '2024-08-17 00:00:00', '06:40:28', '17:07:12', '0', '0', '0', '0');
INSERT INTO Check_inout (STT, EmpID, Date_checkin, Time_checkin, Time_checkout, Overtime, Late, WorkFromHome, Nghi) VALUES ('140', '7', '2024-08-13 00:00:00', '07:28:07', '18:24:27', '1', '0', '0', '0');
INSERT INTO Check_inout (STT, EmpID, Date_checkin, Time_checkin, Time_checkout, Overtime, Late, WorkFromHome, Nghi) VALUES ('141', '5', '2024-07-20 00:00:00', '07:17:22', '18:01:54', '1', '0', '0', '0');
INSERT INTO Check_inout (STT, EmpID, Date_checkin, Time_checkin, Time_checkout, Overtime, Late, WorkFromHome, Nghi) VALUES ('142', '4', '2024-07-17 00:00:00', '06:09:56', '16:47:27', '0', '0', '0', '0');
INSERT INTO Check_inout (STT, EmpID, Date_checkin, Time_checkin, Time_checkout, Overtime, Late, WorkFromHome, Nghi) VALUES ('143', '10', '2024-08-23 00:00:00', '06:56:07', '17:16:54', '0', '0', '0', '0');
INSERT INTO Check_inout (STT, EmpID, Date_checkin, Time_checkin, Time_checkout, Overtime, Late, WorkFromHome, Nghi) VALUES ('144', '9', '2024-08-07 00:00:00', '06:14:06', '18:39:23', '1', '0', '0', '0');
INSERT INTO Check_inout (STT, EmpID, Date_checkin, Time_checkin, Time_checkout, Overtime, Late, WorkFromHome, Nghi) VALUES ('145', '4', '2024-07-02 00:00:00', '07:07:15', '16:28:14', '0', '0', '0', '0');
INSERT INTO Check_inout (STT, EmpID, Date_checkin, Time_checkin, Time_checkout, Overtime, Late, WorkFromHome, Nghi) VALUES ('146', '10', '2024-07-08 00:00:00', '06:19:53', '16:07:41', '0', '0', '0', '0');
INSERT INTO Check_inout (STT, EmpID, Date_checkin, Time_checkin, Time_checkout, Overtime, Late, WorkFromHome, Nghi) VALUES ('147', '2', '2024-08-02 00:00:00', '07:38:16', '18:02:46', '1', '0', '0', '0');
INSERT INTO Check_inout (STT, EmpID, Date_checkin, Time_checkin, Time_checkout, Overtime, Late, WorkFromHome, Nghi) VALUES ('148', '8', '2024-07-24 00:00:00', '07:26:15', '16:31:57', '0', '0', '0', '0');
INSERT INTO Check_inout (STT, EmpID, Date_checkin, Time_checkin, Time_checkout, Overtime, Late, WorkFromHome, Nghi) VALUES ('149', '6', '2024-08-22 00:00:00', '07:02:27', '18:07:44', '1', '0', '0', '0');
INSERT INTO Check_inout (STT, EmpID, Date_checkin, Time_checkin, Time_checkout, Overtime, Late, WorkFromHome, Nghi) VALUES ('150', '12', '2024-08-14 00:00:00', '07:37:54', '18:47:25', '1', '0', '0', '0');
INSERT INTO Check_inout (STT, EmpID, Date_checkin, Time_checkin, Time_checkout, Overtime, Late, WorkFromHome, Nghi) VALUES ('151', '4', '2024-07-24 00:00:00', '07:39:14', '17:48:33', '0', '0', '0', '0');
INSERT INTO Check_inout (STT, EmpID, Date_checkin, Time_checkin, Time_checkout, Overtime, Late, WorkFromHome, Nghi) VALUES ('152', '14', '2024-08-15 00:00:00', '07:14:29', '18:08:36', '1', '0', '0', '0');
INSERT INTO Check_inout (STT, EmpID, Date_checkin, Time_checkin, Time_checkout, Overtime, Late, WorkFromHome, Nghi) VALUES ('153', '15', '2024-07-14 00:00:00', '06:50:16', '18:16:52', '1', '0', '0', '0');
INSERT INTO Check_inout (STT, EmpID, Date_checkin, Time_checkin, Time_checkout, Overtime, Late, WorkFromHome, Nghi) VALUES ('154', '4', '2024-08-27 00:00:00', '07:16:48', '18:56:41', '1', '0', '0', '0');
INSERT INTO Check_inout (STT, EmpID, Date_checkin, Time_checkin, Time_checkout, Overtime, Late, WorkFromHome, Nghi) VALUES ('155', '9', '2024-07-27 00:00:00', '07:51:55', '17:03:57', '0', '1', '0', '0');
INSERT INTO Check_inout (STT, EmpID, Date_checkin, Time_checkin, Time_checkout, Overtime, Late, WorkFromHome, Nghi) VALUES ('156', '6', '2024-08-31 00:00:00', '07:53:34', '18:51:08', '1', '1', '0', '0');
INSERT INTO Check_inout (STT, EmpID, Date_checkin, Time_checkin, Time_checkout, Overtime, Late, WorkFromHome, Nghi) VALUES ('157', '4', '2024-07-23 00:00:00', '06:15:14', '17:39:22', '0', '0', '0', '0');
INSERT INTO Check_inout (STT, EmpID, Date_checkin, Time_checkin, Time_checkout, Overtime, Late, WorkFromHome, Nghi) VALUES ('158', '4', '2024-07-02 00:00:00', '07:41:10', '18:04:22', '1', '0', '0', '0');
INSERT INTO Check_inout (STT, EmpID, Date_checkin, Time_checkin, Time_checkout, Overtime, Late, WorkFromHome, Nghi) VALUES ('159', '9', '2024-08-11 00:00:00', '06:07:07', '16:01:59', '0', '0', '0', '0');
INSERT INTO Check_inout (STT, EmpID, Date_checkin, Time_checkin, Time_checkout, Overtime, Late, WorkFromHome, Nghi) VALUES ('160', '7', '2024-07-12 00:00:00', '07:44:38', '16:48:23', '0', '0', '0', '0');
INSERT INTO Check_inout (STT, EmpID, Date_checkin, Time_checkin, Time_checkout, Overtime, Late, WorkFromHome, Nghi) VALUES ('161', '9', '2024-08-19 00:00:00', '06:45:11', '17:21:38', '0', '0', '0', '0');
INSERT INTO Check_inout (STT, EmpID, Date_checkin, Time_checkin, Time_checkout, Overtime, Late, WorkFromHome, Nghi) VALUES ('162', '7', '2024-08-17 00:00:00', '07:05:11', '16:26:58', '0', '0', '0', '0');
INSERT INTO Check_inout (STT, EmpID, Date_checkin, Time_checkin, Time_checkout, Overtime, Late, WorkFromHome, Nghi) VALUES ('163', '6', '2024-07-19 00:00:00', '07:04:46', '18:50:04', '1', '0', '0', '0');
INSERT INTO Check_inout (STT, EmpID, Date_checkin, Time_checkin, Time_checkout, Overtime, Late, WorkFromHome, Nghi) VALUES ('164', '15', '2024-08-17 00:00:00', '07:49:06', '18:54:10', '1', '1', '0', '0');
INSERT INTO Check_inout (STT, EmpID, Date_checkin, Time_checkin, Time_checkout, Overtime, Late, WorkFromHome, Nghi) VALUES ('165', '13', '2024-07-26 00:00:00', '06:09:36', '16:32:25', '0', '0', '0', '0');
INSERT INTO Check_inout (STT, EmpID, Date_checkin, Time_checkin, Time_checkout, Overtime, Late, WorkFromHome, Nghi) VALUES ('166', '10', '2024-08-23 00:00:00', '06:31:26', '16:41:05', '0', '0', '0', '0');
INSERT INTO Check_inout (STT, EmpID, Date_checkin, Time_checkin, Time_checkout, Overtime, Late, WorkFromHome, Nghi) VALUES ('167', '14', '2024-07-26 00:00:00', '06:00:09', '17:34:15', '0', '0', '0', '0');
INSERT INTO Check_inout (STT, EmpID, Date_checkin, Time_checkin, Time_checkout, Overtime, Late, WorkFromHome, Nghi) VALUES ('168', '8', '2024-07-04 00:00:00', '06:13:12', '18:54:52', '1', '0', '0', '0');
INSERT INTO Check_inout (STT, EmpID, Date_checkin, Time_checkin, Time_checkout, Overtime, Late, WorkFromHome, Nghi) VALUES ('169', '13', '2024-07-13 00:00:00', '06:20:30', '17:40:40', '0', '0', '0', '0');
INSERT INTO Check_inout (STT, EmpID, Date_checkin, Time_checkin, Time_checkout, Overtime, Late, WorkFromHome, Nghi) VALUES ('170', '5', '2024-08-24 00:00:00', '07:40:29', '16:13:03', '0', '0', '0', '0');
INSERT INTO Check_inout (STT, EmpID, Date_checkin, Time_checkin, Time_checkout, Overtime, Late, WorkFromHome, Nghi) VALUES ('171', '6', '2024-08-28 00:00:00', '07:52:48', '18:55:26', '1', '1', '0', '0');
INSERT INTO Check_inout (STT, EmpID, Date_checkin, Time_checkin, Time_checkout, Overtime, Late, WorkFromHome, Nghi) VALUES ('172', '11', '2024-08-22 00:00:00', '06:50:36', '18:42:55', '1', '0', '0', '0');
INSERT INTO Check_inout (STT, EmpID, Date_checkin, Time_checkin, Time_checkout, Overtime, Late, WorkFromHome, Nghi) VALUES ('173', '1', '2024-08-19 00:00:00', '07:03:56', '16:57:29', '0', '0', '0', '0');
INSERT INTO Check_inout (STT, EmpID, Date_checkin, Time_checkin, Time_checkout, Overtime, Late, WorkFromHome, Nghi) VALUES ('174', '13', '2024-07-10 00:00:00', '06:56:50', '18:28:51', '1', '0', '0', '0');
INSERT INTO Check_inout (STT, EmpID, Date_checkin, Time_checkin, Time_checkout, Overtime, Late, WorkFromHome, Nghi) VALUES ('175', '11', '2024-08-10 00:00:00', '07:25:17', '17:27:12', '0', '0', '0', '0');
INSERT INTO Check_inout (STT, EmpID, Date_checkin, Time_checkin, Time_checkout, Overtime, Late, WorkFromHome, Nghi) VALUES ('176', '1', '2024-08-05 00:00:00', '06:02:14', '16:42:08', '0', '0', '0', '0');
INSERT INTO Check_inout (STT, EmpID, Date_checkin, Time_checkin, Time_checkout, Overtime, Late, WorkFromHome, Nghi) VALUES ('177', '2', '2024-07-11 00:00:00', '06:42:32', '16:24:51', '0', '0', '0', '0');
INSERT INTO Check_inout (STT, EmpID, Date_checkin, Time_checkin, Time_checkout, Overtime, Late, WorkFromHome, Nghi) VALUES ('178', '10', '2024-08-24 00:00:00', '07:15:21', '16:43:47', '0', '0', '0', '0');
INSERT INTO Check_inout (STT, EmpID, Date_checkin, Time_checkin, Time_checkout, Overtime, Late, WorkFromHome, Nghi) VALUES ('179', '12', '2024-08-16 00:00:00', '06:53:36', '16:30:48', '0', '0', '0', '0');
INSERT INTO Check_inout (STT, EmpID, Date_checkin, Time_checkin, Time_checkout, Overtime, Late, WorkFromHome, Nghi) VALUES ('180', '5', '2024-08-30 00:00:00', '06:09:06', '18:40:56', '1', '0', '0', '0');
INSERT INTO Check_inout (STT, EmpID, Date_checkin, Time_checkin, Time_checkout, Overtime, Late, WorkFromHome, Nghi) VALUES ('181', '1', '2024-08-26 00:00:00', '06:35:13', '18:32:07', '1', '0', '0', '0');
INSERT INTO Check_inout (STT, EmpID, Date_checkin, Time_checkin, Time_checkout, Overtime, Late, WorkFromHome, Nghi) VALUES ('182', '14', '2024-08-04 00:00:00', '07:55:59', '18:17:40', '1', '1', '0', '0');
INSERT INTO Check_inout (STT, EmpID, Date_checkin, Time_checkin, Time_checkout, Overtime, Late, WorkFromHome, Nghi) VALUES ('183', '6', '2024-07-09 00:00:00', '07:58:08', '17:40:21', '0', '1', '0', '0');
INSERT INTO Check_inout (STT, EmpID, Date_checkin, Time_checkin, Time_checkout, Overtime, Late, WorkFromHome, Nghi) VALUES ('184', '14', '2024-08-11 00:00:00', '06:13:08', '16:35:16', '0', '0', '0', '0');
INSERT INTO Check_inout (STT, EmpID, Date_checkin, Time_checkin, Time_checkout, Overtime, Late, WorkFromHome, Nghi) VALUES ('185', '7', '2024-08-09 00:00:00', '06:19:13', '16:43:44', '0', '0', '0', '0');
INSERT INTO Check_inout (STT, EmpID, Date_checkin, Time_checkin, Time_checkout, Overtime, Late, WorkFromHome, Nghi) VALUES ('186', '6', '2024-08-20 00:00:00', '07:20:31', '18:14:19', '1', '0', '0', '0');
INSERT INTO Check_inout (STT, EmpID, Date_checkin, Time_checkin, Time_checkout, Overtime, Late, WorkFromHome, Nghi) VALUES ('187', '14', '2024-08-17 00:00:00', '06:25:28', '17:42:24', '0', '0', '0', '0');
INSERT INTO Check_inout (STT, EmpID, Date_checkin, Time_checkin, Time_checkout, Overtime, Late, WorkFromHome, Nghi) VALUES ('188', '11', '2024-07-03 00:00:00', '07:25:10', '18:29:24', '1', '0', '0', '0');
INSERT INTO Check_inout (STT, EmpID, Date_checkin, Time_checkin, Time_checkout, Overtime, Late, WorkFromHome, Nghi) VALUES ('189', '7', '2024-07-20 00:00:00', '06:53:40', '17:27:01', '0', '0', '0', '0');
INSERT INTO Check_inout (STT, EmpID, Date_checkin, Time_checkin, Time_checkout, Overtime, Late, WorkFromHome, Nghi) VALUES ('190', '4', '2024-08-07 00:00:00', '07:56:15', '18:06:05', '1', '1', '0', '0');
INSERT INTO Check_inout (STT, EmpID, Date_checkin, Time_checkin, Time_checkout, Overtime, Late, WorkFromHome, Nghi) VALUES ('191', '15', '2024-07-21 00:00:00', '06:47:01', '18:39:00', '1', '0', '0', '0');
INSERT INTO Check_inout (STT, EmpID, Date_checkin, Time_checkin, Time_checkout, Overtime, Late, WorkFromHome, Nghi) VALUES ('192', '10', '2024-07-27 00:00:00', '06:25:58', '17:24:44', '0', '0', '0', '0');
INSERT INTO Check_inout (STT, EmpID, Date_checkin, Time_checkin, Time_checkout, Overtime, Late, WorkFromHome, Nghi) VALUES ('193', '14', '2024-07-25 00:00:00', '07:50:05', '16:56:36', '0', '1', '0', '0');
INSERT INTO Check_inout (STT, EmpID, Date_checkin, Time_checkin, Time_checkout, Overtime, Late, WorkFromHome, Nghi) VALUES ('194', '5', '2024-07-01 00:00:00', '07:44:56', '18:33:35', '1', '0', '0', '0');
INSERT INTO Check_inout (STT, EmpID, Date_checkin, Time_checkin, Time_checkout, Overtime, Late, WorkFromHome, Nghi) VALUES ('195', '9', '2024-08-15 00:00:00', '07:48:17', '18:00:01', '1', '1', '0', '0');


-- update PhongBan
UPDATE PhongBan SET QuanLyID = '1' WHERE PhongID = 'P01';
UPDATE PhongBan SET QuanLyID = '2' WHERE PhongID = 'P02';
UPDATE PhongBan SET QuanLyID = '4' WHERE PhongID = 'P03';

INSERT INTO Project (ProjectID, Ten, NgayGiao, HanChotDuKien, HanChot, TienDo, SoGioThucHanh, PhongID, QuanLy, TinhTrang)
VALUES 
('PJ1', 'Nghiên cứu PHP', '2024-08-20', '2024-06-10', '2024-08-15', '100%', 490, 'P01', 2, 'Đã hoàn thành'),
('PJ2', 'Nghiên cứu API', '2024-08-18', '2024-10-18', '2024-10-20', '30%', 200, 'P02', 7, 'Chưa hoàn thành'),
('PJ3', 'Nghiên cứu NoSQL', '2024-08-13', '2024-10-25', '2024-10-31', '40%', 210, 'P03', 14, 'Chưa hoàn thành'),
('PJ4', 'Nghiên cứu ODI', '2024-07-23', '2024-09-23', '2024-09-20', '70%', 400, 'P01', 2, 'Chưa hoàn thành'),
('PJ5', 'Thiết kế Web', '2024-08-27', '2024-11-27', '2024-11-20', '20%', 150, 'P03', 14, 'Chưa hoàn thành');

INSERT INTO Time_sheet (Time_sheetID, ProjectID, EmpID, TenDuAn, NguoiGui, PhongBan, TienDo, TrangThai, SoGioThucHien, NgayGiao, HanChot, DiemThuong, Tre, NoiDung) VALUES ('1', 'PJ4', '13', 'Nghiên cứu ODI', 'Alan Ruley', 'P03', '100', 'Hoàn thành', '16', '2024-08-10 00:00:00', '2024-08-17 00:00:00', '10', '0', 'Giao diện');
INSERT INTO Time_sheet (Time_sheetID, ProjectID, EmpID, TenDuAn, NguoiGui, PhongBan, TienDo, TrangThai, SoGioThucHien, NgayGiao, HanChot, DiemThuong, Tre, NoiDung) VALUES ('2', 'PJ5', '4', 'Thiết kế Web', 'Tara Applewhite', 'P01', '100', 'Hoàn thành', '21', '2024-08-03 00:00:00', '2024-08-10 00:00:00', '20', '0', 'Tìm hiểu');
INSERT INTO Time_sheet (Time_sheetID, ProjectID, EmpID, TenDuAn, NguoiGui, PhongBan, TienDo, TrangThai, SoGioThucHien, NgayGiao, HanChot, DiemThuong, Tre, NoiDung) VALUES ('3', 'PJ2', '6', 'Nghiên cứu API', 'Lucile Sexton', 'P02', '100', 'Hoàn thành', '21', '2024-07-09 00:00:00', '2024-07-16 00:00:00', '10', '0', 'Làm web');
INSERT INTO Time_sheet (Time_sheetID, ProjectID, EmpID, TenDuAn, NguoiGui, PhongBan, TienDo, TrangThai, SoGioThucHien, NgayGiao, HanChot, DiemThuong, Tre, NoiDung) VALUES ('4', 'PJ1', '4', 'Nghiên cứu PHP', 'Tara Applewhite', 'P01', '100', 'Hoàn thành', '24', '2024-06-27 00:00:00', '2024-07-04 00:00:00', '20', '0', 'Giao diện');
INSERT INTO Time_sheet (Time_sheetID, ProjectID, EmpID, TenDuAn, NguoiGui, PhongBan, TienDo, TrangThai, SoGioThucHien, NgayGiao, HanChot, DiemThuong, Tre, NoiDung) VALUES ('5', 'PJ4', '9', 'Nghiên cứu ODI', 'Jim Martin', 'P03', '100', 'Hoàn thành', '9', '2024-08-14 00:00:00', '2024-08-21 00:00:00', '5', '0', 'Tìm hiểu');
INSERT INTO Time_sheet (Time_sheetID, ProjectID, EmpID, TenDuAn, NguoiGui, PhongBan, TienDo, TrangThai, SoGioThucHien, NgayGiao, HanChot, DiemThuong, Tre, NoiDung) VALUES ('6', 'PJ5', '12', 'Thiết kế Web', 'Joel Thomas', 'P01', '100', 'Hoàn thành', '15', '2024-08-02 00:00:00', '2024-08-09 00:00:00', '5', '0', 'Tìm hiểu');
INSERT INTO Time_sheet (Time_sheetID, ProjectID, EmpID, TenDuAn, NguoiGui, PhongBan, TienDo, TrangThai, SoGioThucHien, NgayGiao, HanChot, DiemThuong, Tre, NoiDung) VALUES ('7', 'PJ5', '15', 'Thiết kế Web', 'Richard L. Anderson', 'P01', '65', 'Hoàn thành', '4', '2024-07-03 00:00:00', '2024-07-10 00:00:00', '10', '0', 'Tìm hiểu');
INSERT INTO Time_sheet (Time_sheetID, ProjectID, EmpID, TenDuAn, NguoiGui, PhongBan, TienDo, TrangThai, SoGioThucHien, NgayGiao, HanChot, DiemThuong, Tre, NoiDung) VALUES ('8', 'PJ2', '9', 'Nghiên cứu API', 'Jim Martin', 'P02', '80', 'Chưa hoàn thành', '10', '2024-07-28 00:00:00', '2024-08-04 00:00:00', '20', '0', 'Tìm hiểu');
INSERT INTO Time_sheet (Time_sheetID, ProjectID, EmpID, TenDuAn, NguoiGui, PhongBan, TienDo, TrangThai, SoGioThucHien, NgayGiao, HanChot, DiemThuong, Tre, NoiDung) VALUES ('9', 'PJ5', '1', 'Thiết kế Web', 'Bông Bông', 'P01', '30', 'Chưa hoàn thành', '11', '2024-07-19 00:00:00', '2024-07-26 00:00:00', '25', '0', 'Giao diện');
INSERT INTO Time_sheet (Time_sheetID, ProjectID, EmpID, TenDuAn, NguoiGui, PhongBan, TienDo, TrangThai, SoGioThucHien, NgayGiao, HanChot, DiemThuong, Tre, NoiDung) VALUES ('10', 'PJ5', '10', 'Thiết kế Web', 'Kathy Weatherby', 'P01', '100', 'Chưa hoàn thành', '26', '2024-08-09 00:00:00', '2024-08-16 00:00:00', '15', '0', 'Tìm hiểu');
INSERT INTO Time_sheet (Time_sheetID, ProjectID, EmpID, TenDuAn, NguoiGui, PhongBan, TienDo, TrangThai, SoGioThucHien, NgayGiao, HanChot, DiemThuong, Tre, NoiDung) VALUES ('11', 'PJ5', '5', 'Thiết kế Web', 'Devin Lear', 'P01', '100', 'Hoàn thành', '8', '2024-08-26 00:00:00', '2024-09-02 00:00:00', '20', '0', 'Tìm hiểu');
INSERT INTO Time_sheet (Time_sheetID, ProjectID, EmpID, TenDuAn, NguoiGui, PhongBan, TienDo, TrangThai, SoGioThucHien, NgayGiao, HanChot, DiemThuong, Tre, NoiDung) VALUES ('12', 'PJ2', '9', 'Nghiên cứu API', 'Jim Martin', 'P02', '100', 'Hoàn thành', '16', '2024-07-18 00:00:00', '2024-07-25 00:00:00', '5', '0', 'Làm web');
INSERT INTO Time_sheet (Time_sheetID, ProjectID, EmpID, TenDuAn, NguoiGui, PhongBan, TienDo, TrangThai, SoGioThucHien, NgayGiao, HanChot, DiemThuong, Tre, NoiDung) VALUES ('13', 'PJ5', '4', 'Thiết kế Web', 'Tara Applewhite', 'P01', '100', 'Hoàn thành', '14', '2024-08-14 00:00:00', '2024-08-21 00:00:00', '5', '0', 'Làm web');
INSERT INTO Time_sheet (Time_sheetID, ProjectID, EmpID, TenDuAn, NguoiGui, PhongBan, TienDo, TrangThai, SoGioThucHien, NgayGiao, HanChot, DiemThuong, Tre, NoiDung) VALUES ('14', 'PJ5', '8', 'Thiết kế Web', 'Terry Gross', 'P01', '55', 'Hoàn thành', '5', '2024-08-12 00:00:00', '2024-08-19 00:00:00', '5', '0', 'Làm web');
INSERT INTO Time_sheet (Time_sheetID, ProjectID, EmpID, TenDuAn, NguoiGui, PhongBan, TienDo, TrangThai, SoGioThucHien, NgayGiao, HanChot, DiemThuong, Tre, NoiDung) VALUES ('15', 'PJ4', '8', 'Nghiên cứu ODI', 'Terry Gross', 'P03', '25', 'Chưa hoàn thành', '12', '2024-07-14 00:00:00', '2024-07-21 00:00:00', '10', '0', 'Tìm hiểu');
INSERT INTO Time_sheet (Time_sheetID, ProjectID, EmpID, TenDuAn, NguoiGui, PhongBan, TienDo, TrangThai, SoGioThucHien, NgayGiao, HanChot, DiemThuong, Tre, NoiDung) VALUES ('16', 'PJ5', '1', 'Thiết kế Web', 'Bông Bông', 'P01', '95', 'Chưa hoàn thành', '13', '2024-08-12 00:00:00', '2024-08-19 00:00:00', '20', '0', 'Giao diện');
INSERT INTO Time_sheet (Time_sheetID, ProjectID, EmpID, TenDuAn, NguoiGui, PhongBan, TienDo, TrangThai, SoGioThucHien, NgayGiao, HanChot, DiemThuong, Tre, NoiDung) VALUES ('17', 'PJ1', '8', 'Nghiên cứu PHP', 'Terry Gross', 'P01', '70', 'Chưa hoàn thành', '13', '2024-07-21 00:00:00', '2024-07-28 00:00:00', '25', '0', 'Tìm hiểu');
INSERT INTO Time_sheet (Time_sheetID, ProjectID, EmpID, TenDuAn, NguoiGui, PhongBan, TienDo, TrangThai, SoGioThucHien, NgayGiao, HanChot, DiemThuong, Tre, NoiDung) VALUES ('18', 'PJ4', '8', 'Nghiên cứu ODI', 'Terry Gross', 'P03', '75', 'Chưa hoàn thành', '9', '2024-07-21 00:00:00', '2024-07-28 00:00:00', '15', '0', 'Tìm hiểu');
INSERT INTO Time_sheet (Time_sheetID, ProjectID, EmpID, TenDuAn, NguoiGui, PhongBan, TienDo, TrangThai, SoGioThucHien, NgayGiao, HanChot, DiemThuong, Tre, NoiDung) VALUES ('19', 'PJ4', '12', 'Nghiên cứu ODI', 'Joel Thomas', 'P03', '100', 'Chưa hoàn thành', '8', '2024-07-08 00:00:00', '2024-07-15 00:00:00', '10', '0', 'Tìm hiểu');
INSERT INTO Time_sheet (Time_sheetID, ProjectID, EmpID, TenDuAn, NguoiGui, PhongBan, TienDo, TrangThai, SoGioThucHien, NgayGiao, HanChot, DiemThuong, Tre, NoiDung) VALUES ('20', 'PJ3', '9', 'Nghiên cứu NoSQL', 'Jim Martin', 'P02', '80', 'Hoàn thành', '1', '2024-08-23 00:00:00', '2024-08-30 00:00:00', '20', '0', 'Tìm hiểu');
INSERT INTO Time_sheet (Time_sheetID, ProjectID, EmpID, TenDuAn, NguoiGui, PhongBan, TienDo, TrangThai, SoGioThucHien, NgayGiao, HanChot, DiemThuong, Tre, NoiDung) VALUES ('21', 'PJ5', '6', 'Thiết kế Web', 'Lucile Sexton', 'P01', '100', 'Chưa hoàn thành', '20', '2024-08-17 00:00:00', '2024-08-24 00:00:00', '5', '0', 'Giao diện');
INSERT INTO Time_sheet (Time_sheetID, ProjectID, EmpID, TenDuAn, NguoiGui, PhongBan, TienDo, TrangThai, SoGioThucHien, NgayGiao, HanChot, DiemThuong, Tre, NoiDung) VALUES ('22', 'PJ1', '11', 'Nghiên cứu PHP', 'Nancy Garcia', 'P01', '100', 'Hoàn thành', '20', '2024-08-14 00:00:00', '2024-08-21 00:00:00', '5', '0', 'Tìm hiểu');
INSERT INTO Time_sheet (Time_sheetID, ProjectID, EmpID, TenDuAn, NguoiGui, PhongBan, TienDo, TrangThai, SoGioThucHien, NgayGiao, HanChot, DiemThuong, Tre, NoiDung) VALUES ('23', 'PJ5', '5', 'Thiết kế Web', 'Devin Lear', 'P01', '100', 'Hoàn thành', '18', '2024-08-05 00:00:00', '2024-08-12 00:00:00', '10', '0', 'Làm web');
INSERT INTO Time_sheet (Time_sheetID, ProjectID, EmpID, TenDuAn, NguoiGui, PhongBan, TienDo, TrangThai, SoGioThucHien, NgayGiao, HanChot, DiemThuong, Tre, NoiDung) VALUES ('24', 'PJ2', '10', 'Nghiên cứu API', 'Kathy Weatherby', 'P02', '100', 'Hoàn thành', '29', '2024-07-30 00:00:00', '2024-08-06 00:00:00', '20', '0', 'Giao diện');
INSERT INTO Time_sheet (Time_sheetID, ProjectID, EmpID, TenDuAn, NguoiGui, PhongBan, TienDo, TrangThai, SoGioThucHien, NgayGiao, HanChot, DiemThuong, Tre, NoiDung) VALUES ('25', 'PJ3', '11', 'Nghiên cứu NoSQL', 'Nancy Garcia', 'P02', '100', 'Hoàn thành', '5', '2024-08-12 00:00:00', '2024-08-19 00:00:00', '25', '0', 'Giao diện');
INSERT INTO Time_sheet (Time_sheetID, ProjectID, EmpID, TenDuAn, NguoiGui, PhongBan, TienDo, TrangThai, SoGioThucHien, NgayGiao, HanChot, DiemThuong, Tre, NoiDung) VALUES ('26', 'PJ5', '6', 'Thiết kế Web', 'Lucile Sexton', 'P01', '100', 'Hoàn thành', '27', '2024-06-28 00:00:00', '2024-07-05 00:00:00', '15', '0', 'Làm web');
INSERT INTO Time_sheet (Time_sheetID, ProjectID, EmpID, TenDuAn, NguoiGui, PhongBan, TienDo, TrangThai, SoGioThucHien, NgayGiao, HanChot, DiemThuong, Tre, NoiDung) VALUES ('27', 'PJ4', '5', 'Nghiên cứu ODI', 'Devin Lear', 'P03', '60', 'Hoàn thành', '5', '2024-08-02 00:00:00', '2024-08-09 00:00:00', '20', '0', 'Giao diện');
INSERT INTO Time_sheet (Time_sheetID, ProjectID, EmpID, TenDuAn, NguoiGui, PhongBan, TienDo, TrangThai, SoGioThucHien, NgayGiao, HanChot, DiemThuong, Tre, NoiDung) VALUES ('28', 'PJ4', '5', 'Nghiên cứu ODI', 'Devin Lear', 'P03', '100', 'Chưa hoàn thành', '21', '2024-07-16 00:00:00', '2024-07-23 00:00:00', '5', '0', 'Làm web');
INSERT INTO Time_sheet (Time_sheetID, ProjectID, EmpID, TenDuAn, NguoiGui, PhongBan, TienDo, TrangThai, SoGioThucHien, NgayGiao, HanChot, DiemThuong, Tre, NoiDung) VALUES ('29', 'PJ2', '1', 'Nghiên cứu API', 'Bông Bông', 'P02', '45', 'Hoàn thành', '12', '2024-08-10 00:00:00', '2024-08-17 00:00:00', '5', '0', 'Tìm hiểu');
INSERT INTO Time_sheet (Time_sheetID, ProjectID, EmpID, TenDuAn, NguoiGui, PhongBan, TienDo, TrangThai, SoGioThucHien, NgayGiao, HanChot, DiemThuong, Tre, NoiDung) VALUES ('30', 'PJ3', '11', 'Nghiên cứu NoSQL', 'Nancy Garcia', 'P02', '100', 'Chưa hoàn thành', '6', '2024-08-13 00:00:00', '2024-08-20 00:00:00', '5', '0', 'Làm web');
INSERT INTO Time_sheet (Time_sheetID, ProjectID, EmpID, TenDuAn, NguoiGui, PhongBan, TienDo, TrangThai, SoGioThucHien, NgayGiao, HanChot, DiemThuong, Tre, NoiDung) VALUES ('31', 'PJ1', '5', 'Nghiên cứu PHP', 'Devin Lear', 'P01', '70', 'Hoàn thành', '6', '2024-08-22 00:00:00', '2024-08-29 00:00:00', '10', '0', 'Tìm hiểu');
INSERT INTO Time_sheet (Time_sheetID, ProjectID, EmpID, TenDuAn, NguoiGui, PhongBan, TienDo, TrangThai, SoGioThucHien, NgayGiao, HanChot, DiemThuong, Tre, NoiDung) VALUES ('32', 'PJ5', '8', 'Thiết kế Web', 'Terry Gross', 'P01', '95', 'Chưa hoàn thành', '6', '2024-06-28 00:00:00', '2024-07-05 00:00:00', '20', '0', 'Giao diện');
INSERT INTO Time_sheet (Time_sheetID, ProjectID, EmpID, TenDuAn, NguoiGui, PhongBan, TienDo, TrangThai, SoGioThucHien, NgayGiao, HanChot, DiemThuong, Tre, NoiDung) VALUES ('33', 'PJ5', '12', 'Thiết kế Web', 'Joel Thomas', 'P01', '70', 'Chưa hoàn thành', '9', '2024-08-02 00:00:00', '2024-08-09 00:00:00', '20', '0', 'Tìm hiểu');
INSERT INTO Time_sheet (Time_sheetID, ProjectID, EmpID, TenDuAn, NguoiGui, PhongBan, TienDo, TrangThai, SoGioThucHien, NgayGiao, HanChot, DiemThuong, Tre, NoiDung) VALUES ('34', 'PJ1', '9', 'Nghiên cứu PHP', 'Jim Martin', 'P01', '45', 'Chưa hoàn thành', '6', '2024-07-03 00:00:00', '2024-07-10 00:00:00', '25', '0', 'Giao diện');
INSERT INTO Time_sheet (Time_sheetID, ProjectID, EmpID, TenDuAn, NguoiGui, PhongBan, TienDo, TrangThai, SoGioThucHien, NgayGiao, HanChot, DiemThuong, Tre, NoiDung) VALUES ('35', 'PJ2', '6', 'Nghiên cứu API', 'Lucile Sexton', 'P02', '40', 'Chưa hoàn thành', '13', '2024-07-28 00:00:00', '2024-08-04 00:00:00', '15', '0', 'Tìm hiểu');
INSERT INTO Time_sheet (Time_sheetID, ProjectID, EmpID, TenDuAn, NguoiGui, PhongBan, TienDo, TrangThai, SoGioThucHien, NgayGiao, HanChot, DiemThuong, Tre, NoiDung) VALUES ('36', 'PJ1', '11', 'Nghiên cứu PHP', 'Nancy Garcia', 'P01', '90', 'Chưa hoàn thành', '10', '2024-07-19 00:00:00', '2024-07-26 00:00:00', '10', '0', 'Làm web');
INSERT INTO Time_sheet (Time_sheetID, ProjectID, EmpID, TenDuAn, NguoiGui, PhongBan, TienDo, TrangThai, SoGioThucHien, NgayGiao, HanChot, DiemThuong, Tre, NoiDung) VALUES ('37', 'PJ5', '5', 'Thiết kế Web', 'Devin Lear', 'P01', '60', 'Chưa hoàn thành', '10', '2024-08-09 00:00:00', '2024-08-16 00:00:00', '20', '0', 'Giao diện');
INSERT INTO Time_sheet (Time_sheetID, ProjectID, EmpID, TenDuAn, NguoiGui, PhongBan, TienDo, TrangThai, SoGioThucHien, NgayGiao, HanChot, DiemThuong, Tre, NoiDung) VALUES ('38', 'PJ2', '10', 'Nghiên cứu API', 'Kathy Weatherby', 'P02', '25', 'Chưa hoàn thành', '11', '2024-08-26 00:00:00', '2024-09-02 00:00:00', '5', '0', 'Giao diện');
INSERT INTO Time_sheet (Time_sheetID, ProjectID, EmpID, TenDuAn, NguoiGui, PhongBan, TienDo, TrangThai, SoGioThucHien, NgayGiao, HanChot, DiemThuong, Tre, NoiDung) VALUES ('39', 'PJ1', '11', 'Nghiên cứu PHP', 'Nancy Garcia', 'P01', '40', 'Chưa hoàn thành', '5', '2024-07-18 00:00:00', '2024-07-25 00:00:00', '5', '0', 'Làm web');
INSERT INTO Time_sheet (Time_sheetID, ProjectID, EmpID, TenDuAn, NguoiGui, PhongBan, TienDo, TrangThai, SoGioThucHien, NgayGiao, HanChot, DiemThuong, Tre, NoiDung) VALUES ('40', 'PJ1', '6', 'Nghiên cứu PHP', 'Lucile Sexton', 'P01', '95', 'Chưa hoàn thành', '15', '2024-08-14 00:00:00', '2024-08-21 00:00:00', '10', '0', 'Giao diện');
INSERT INTO Time_sheet (Time_sheetID, ProjectID, EmpID, TenDuAn, NguoiGui, PhongBan, TienDo, TrangThai, SoGioThucHien, NgayGiao, HanChot, DiemThuong, Tre, NoiDung) VALUES ('41', 'PJ2', '5', 'Nghiên cứu API', 'Devin Lear', 'P02', '90', 'Chưa hoàn thành', '11', '2024-08-12 00:00:00', '2024-08-19 00:00:00', '20', '0', 'Làm web');
INSERT INTO Time_sheet (Time_sheetID, ProjectID, EmpID, TenDuAn, NguoiGui, PhongBan, TienDo, TrangThai, SoGioThucHien, NgayGiao, HanChot, DiemThuong, Tre, NoiDung) VALUES ('42', 'PJ1', '5', 'Nghiên cứu PHP', 'Devin Lear', 'P01', '95', 'Chưa hoàn thành', '10', '2024-07-14 00:00:00', '2024-07-21 00:00:00', '5', '0', 'Giao diện');
INSERT INTO Time_sheet (Time_sheetID, ProjectID, EmpID, TenDuAn, NguoiGui, PhongBan, TienDo, TrangThai, SoGioThucHien, NgayGiao, HanChot, DiemThuong, Tre, NoiDung) VALUES ('43', 'PJ5', '1', 'Thiết kế Web', 'Bông Bông', 'P01', '60', 'Chưa hoàn thành', '5', '2024-08-12 00:00:00', '2024-08-19 00:00:00', '5', '0', 'Giao diện');
INSERT INTO Time_sheet (Time_sheetID, ProjectID, EmpID, TenDuAn, NguoiGui, PhongBan, TienDo, TrangThai, SoGioThucHien, NgayGiao, HanChot, DiemThuong, Tre, NoiDung) VALUES ('44', 'PJ1', '12', 'Nghiên cứu PHP', 'Joel Thomas', 'P01', '60', 'Chưa hoàn thành', '13', '2024-07-21 00:00:00', '2024-07-28 00:00:00', '10', '0', 'Làm web');
INSERT INTO Time_sheet (Time_sheetID, ProjectID, EmpID, TenDuAn, NguoiGui, PhongBan, TienDo, TrangThai, SoGioThucHien, NgayGiao, HanChot, DiemThuong, Tre, NoiDung) VALUES ('45', 'PJ4', '9', 'Nghiên cứu ODI', 'Jim Martin', 'P03', '30', 'Chưa hoàn thành', '10', '2024-07-19 00:00:00', '2024-07-26 00:00:00', '20', '0', 'Giao diện');



INSERT INTO Request (RequestID, EmpID, NguoiGui, Loai, TieuDe, NgayGui, TrangThai, NoiDung) VALUES ('1', '15', 'Richard L. Anderson', 'From home', 'Đơn xin làm việc tại nhà', '2024-08-24 00:00:00', '0', 'Lorem ipsum dolor sit amet. Ut ipsam amet qui optio laudantium est velit perspiciatis qui impedit assumenda. Ad maiores galisum sit quis itaque sed voluptatum beatae! ');
INSERT INTO Request (RequestID, EmpID, NguoiGui, Loai, TieuDe, NgayGui, TrangThai, NoiDung) VALUES ('2', '1', 'Bông Bông', 'From home', 'Đơn xin làm việc tại nhà', '2024-08-20 00:00:00', '0', 'Lorem ipsum dolor sit amet. Ut ipsam amet qui optio laudantium est velit perspiciatis qui impedit assumenda. Ad maiores galisum sit quis itaque sed voluptatum beatae! ');
INSERT INTO Request (RequestID, EmpID, NguoiGui, Loai, TieuDe, NgayGui, NgayXuLy, TrangThai, NoiDung, PhanHoi) VALUES ('3', '5', 'Devin Lear', 'Nghỉ phép', 'Đơn xin nghỉ phép', '2024-08-15 00:00:00', '2024-08-15 00:00:00', '1', 'Lorem ipsum dolor sit amet. Ut ipsam amet qui optio laudantium est velit perspiciatis qui impedit assumenda. Ad maiores galisum sit quis itaque sed voluptatum beatae! ', 'Lorem ipsum dolor sit amet. Ut ipsam amet qui optio laudantium est velit perspiciatis qui impedit assumenda. Ad maiores galisum sit quis itaque sed voluptatum beatae! ');
INSERT INTO Request (RequestID, EmpID, NguoiGui, Loai, TieuDe, NgayGui, NgayXuLy, TrangThai, NoiDung, PhanHoi, Time_sheetID, Up_TinhTrang_Timesheet, Up_ThoiGian_Timesheet) VALUES ('4', '13', 'Alan Ruley', 'Time-sheet', 'Đơn xin cập nhật Time-sheet', '2024-08-15 00:00:00', '2024-08-15 00:00:00', '1', 'Lorem ipsum dolor sit amet. Ut ipsam amet qui optio laudantium est velit perspiciatis qui impedit assumenda. Ad maiores galisum sit quis itaque sed voluptatum beatae! ', 'Lorem ipsum dolor sit amet. Ut ipsam amet qui optio laudantium est velit perspiciatis qui impedit assumenda. Ad maiores galisum sit quis itaque sed voluptatum beatae! ', '1.0', 'Hoàn thành', '5.0');
INSERT INTO Request (RequestID, EmpID, NguoiGui, Loai, TieuDe, NgayGui, TrangThai, NoiDung) VALUES ('5', '13', 'Alan Ruley', 'Nghỉ phép', 'Đơn xin nghỉ phép', '2024-08-15 00:00:00', '0', 'Lorem ipsum dolor sit amet. Ut ipsam amet qui optio laudantium est velit perspiciatis qui impedit assumenda. Ad maiores galisum sit quis itaque sed voluptatum beatae! ');
INSERT INTO Request (RequestID, EmpID, NguoiGui, Loai, TieuDe, NgayGui, TrangThai, NoiDung) VALUES ('6', '13', 'Alan Ruley', 'From home', 'Đơn xin làm việc tại nhà', '2024-08-15 00:00:00', '0', 'Lorem ipsum dolor sit amet. Ut ipsam amet qui optio laudantium est velit perspiciatis qui impedit assumenda. Ad maiores galisum sit quis itaque sed voluptatum beatae! ');
INSERT INTO Request (RequestID, EmpID, NguoiGui, Loai, TieuDe, NgayGui, NgayXuLy, TrangThai, NoiDung, PhanHoi) VALUES ('7', '13', 'Alan Ruley', 'From home', 'Đơn xin làm việc tại nhà', '2024-07-01 00:00:00', '2024-07-01 00:00:00', '1', 'Lorem ipsum dolor sit amet. Ut ipsam amet qui optio laudantium est velit perspiciatis qui impedit assumenda. Ad maiores galisum sit quis itaque sed voluptatum beatae! ', 'Lorem ipsum dolor sit amet. Ut ipsam amet qui optio laudantium est velit perspiciatis qui impedit assumenda. Ad maiores galisum sit quis itaque sed voluptatum beatae! ');
INSERT INTO Request (RequestID, EmpID, NguoiGui, Loai, TieuDe, NgayGui, TrangThai, NoiDung) VALUES ('8', '8', 'Terry Gross', 'Nghỉ phép', 'Đơn xin nghỉ phép', '2024-07-25 00:00:00', '0', 'Lorem ipsum dolor sit amet. Ut ipsam amet qui optio laudantium est velit perspiciatis qui impedit assumenda. Ad maiores galisum sit quis itaque sed voluptatum beatae! ');
INSERT INTO Request (RequestID, EmpID, NguoiGui, Loai, TieuDe, NgayGui, TrangThai, NoiDung) VALUES ('9', '11', 'Nancy Garcia', 'Nghỉ phép', 'Đơn xin nghỉ phép', '2024-07-09 00:00:00', '0', 'Lorem ipsum dolor sit amet. Ut ipsam amet qui optio laudantium est velit perspiciatis qui impedit assumenda. Ad maiores galisum sit quis itaque sed voluptatum beatae! ');
INSERT INTO Request (RequestID, EmpID, NguoiGui, Loai, TieuDe, NgayGui, NgayXuLy, TrangThai, NoiDung, PhanHoi) VALUES ('10', '4', 'Tara Applewhite', 'Nghỉ phép', 'Đơn xin nghỉ phép', '2024-07-09 00:00:00', '2024-07-09 00:00:00', '1', 'Lorem ipsum dolor sit amet. Ut ipsam amet qui optio laudantium est velit perspiciatis qui impedit assumenda. Ad maiores galisum sit quis itaque sed voluptatum beatae! ', 'Lorem ipsum dolor sit amet. Ut ipsam amet qui optio laudantium est velit perspiciatis qui impedit assumenda. Ad maiores galisum sit quis itaque sed voluptatum beatae! ');
INSERT INTO Request (RequestID, EmpID, NguoiGui, Loai, TieuDe, NgayGui, TrangThai, NoiDung) VALUES ('11', '6', 'Lucile Sexton', 'From home', 'Đơn xin làm việc tại nhà', '2024-07-12 00:00:00', '0', 'Lorem ipsum dolor sit amet. Ut ipsam amet qui optio laudantium est velit perspiciatis qui impedit assumenda. Ad maiores galisum sit quis itaque sed voluptatum beatae! ');
INSERT INTO Request (RequestID, EmpID, NguoiGui, Loai, TieuDe, NgayGui, NgayXuLy, TrangThai, NoiDung, PhanHoi) VALUES ('12', '8', 'Terry Gross', 'From home', 'Đơn xin làm việc tại nhà', '2024-07-20 00:00:00', '2024-07-20 00:00:00', '1', 'Lorem ipsum dolor sit amet. Ut ipsam amet qui optio laudantium est velit perspiciatis qui impedit assumenda. Ad maiores galisum sit quis itaque sed voluptatum beatae! ', 'Lorem ipsum dolor sit amet. Ut ipsam amet qui optio laudantium est velit perspiciatis qui impedit assumenda. Ad maiores galisum sit quis itaque sed voluptatum beatae! ');
INSERT INTO Request (RequestID, EmpID, NguoiGui, Loai, TieuDe, NgayGui, NgayXuLy, TrangThai, NoiDung, PhanHoi) VALUES ('13', '5', 'Devin Lear', 'Nghỉ phép', 'Đơn xin nghỉ phép', '2024-08-09 00:00:00', '2024-08-09 00:00:00', '1', 'Lorem ipsum dolor sit amet. Ut ipsam amet qui optio laudantium est velit perspiciatis qui impedit assumenda. Ad maiores galisum sit quis itaque sed voluptatum beatae! ', 'Lorem ipsum dolor sit amet. Ut ipsam amet qui optio laudantium est velit perspiciatis qui impedit assumenda. Ad maiores galisum sit quis itaque sed voluptatum beatae! ');
INSERT INTO Request (RequestID, EmpID, NguoiGui, Loai, TieuDe, NgayGui, NgayXuLy, TrangThai, NoiDung, PhanHoi, Time_sheetID, Up_TinhTrang_Timesheet, Up_ThoiGian_Timesheet) VALUES ('14', '4', 'Tara Applewhite', 'Time-sheet', 'Đơn xin cập nhật Time-sheet', '2024-08-08 00:00:00', '2024-08-08 00:00:00', '1', 'Lorem ipsum dolor sit amet. Ut ipsam amet qui optio laudantium est velit perspiciatis qui impedit assumenda. Ad maiores galisum sit quis itaque sed voluptatum beatae! ', 'Lorem ipsum dolor sit amet. Ut ipsam amet qui optio laudantium est velit perspiciatis qui impedit assumenda. Ad maiores galisum sit quis itaque sed voluptatum beatae! ', '2.0', 'Hoàn thành', '10.0');
INSERT INTO Request (RequestID, EmpID, NguoiGui, Loai, TieuDe, NgayGui, NgayXuLy, TrangThai, NoiDung, PhanHoi) VALUES ('15', '13', 'Alan Ruley', 'From home', 'Đơn xin làm việc tại nhà', '2024-08-02 00:00:00', '2024-08-02 00:00:00', '1', 'Lorem ipsum dolor sit amet. Ut ipsam amet qui optio laudantium est velit perspiciatis qui impedit assumenda. Ad maiores galisum sit quis itaque sed voluptatum beatae! ', 'Lorem ipsum dolor sit amet. Ut ipsam amet qui optio laudantium est velit perspiciatis qui impedit assumenda. Ad maiores galisum sit quis itaque sed voluptatum beatae! ');
INSERT INTO Request (RequestID, EmpID, NguoiGui, Loai, TieuDe, NgayGui, NgayXuLy, TrangThai, NoiDung, PhanHoi, Time_sheetID, Up_TinhTrang_Timesheet, Up_ThoiGian_Timesheet) VALUES ('16', '6', 'Lucile Sexton', 'Time-sheet', 'Đơn xin cập nhật Time-sheet', '2024-07-14 00:00:00', '2024-07-14 00:00:00', '1', 'Lorem ipsum dolor sit amet. Ut ipsam amet qui optio laudantium est velit perspiciatis qui impedit assumenda. Ad maiores galisum sit quis itaque sed voluptatum beatae! ', 'Lorem ipsum dolor sit amet. Ut ipsam amet qui optio laudantium est velit perspiciatis qui impedit assumenda. Ad maiores galisum sit quis itaque sed voluptatum beatae! ', '3.0', 'Hoàn thành', '15.0');
INSERT INTO Request (RequestID, EmpID, NguoiGui, Loai, TieuDe, NgayGui, NgayXuLy, TrangThai, NoiDung, PhanHoi, Time_sheetID, Up_TinhTrang_Timesheet, Up_ThoiGian_Timesheet) VALUES ('17', '4', 'Tara Applewhite', 'Time-sheet', 'Đơn xin cập nhật Time-sheet', '2024-07-02 00:00:00', '2024-07-02 00:00:00', '1', 'Lorem ipsum dolor sit amet. Ut ipsam amet qui optio laudantium est velit perspiciatis qui impedit assumenda. Ad maiores galisum sit quis itaque sed voluptatum beatae! ', 'Lorem ipsum dolor sit amet. Ut ipsam amet qui optio laudantium est velit perspiciatis qui impedit assumenda. Ad maiores galisum sit quis itaque sed voluptatum beatae! ', '4.0', 'Hoàn thành', '13.0');
INSERT INTO Request (RequestID, EmpID, NguoiGui, Loai, TieuDe, NgayGui, NgayXuLy, TrangThai, NoiDung, PhanHoi) VALUES ('18', '1', 'Bông Bông', 'Nghỉ phép', 'Đơn xin nghỉ phép', '2024-07-13 00:00:00', '2024-07-13 00:00:00', '1', 'Lorem ipsum dolor sit amet. Ut ipsam amet qui optio laudantium est velit perspiciatis qui impedit assumenda. Ad maiores galisum sit quis itaque sed voluptatum beatae! ', 'Lorem ipsum dolor sit amet. Ut ipsam amet qui optio laudantium est velit perspiciatis qui impedit assumenda. Ad maiores galisum sit quis itaque sed voluptatum beatae! ');
INSERT INTO Request (RequestID, EmpID, NguoiGui, Loai, TieuDe, NgayGui, NgayXuLy, TrangThai, NoiDung, PhanHoi) VALUES ('19', '9', 'Jim Martin', 'Nghỉ phép', 'Đơn xin nghỉ phép', '2024-08-04 00:00:00', '2024-08-04 00:00:00', '1', 'Lorem ipsum dolor sit amet. Ut ipsam amet qui optio laudantium est velit perspiciatis qui impedit assumenda. Ad maiores galisum sit quis itaque sed voluptatum beatae! ', 'Lorem ipsum dolor sit amet. Ut ipsam amet qui optio laudantium est velit perspiciatis qui impedit assumenda. Ad maiores galisum sit quis itaque sed voluptatum beatae! ');
INSERT INTO Request (RequestID, EmpID, NguoiGui, Loai, TieuDe, NgayGui, TrangThai, NoiDung) VALUES ('20', '4', 'Tara Applewhite', 'From home', 'Đơn xin làm việc tại nhà', '2024-08-16 00:00:00', '0', 'Lorem ipsum dolor sit amet. Ut ipsam amet qui optio laudantium est velit perspiciatis qui impedit assumenda. Ad maiores galisum sit quis itaque sed voluptatum beatae! ');
INSERT INTO Request (RequestID, EmpID, NguoiGui, Loai, TieuDe, NgayGui, TrangThai, NoiDung) VALUES ('21', '12', 'Joel Thomas', 'Nghỉ phép', 'Đơn xin nghỉ phép', '2024-07-04 00:00:00', '0', 'Lorem ipsum dolor sit amet. Ut ipsam amet qui optio laudantium est velit perspiciatis qui impedit assumenda. Ad maiores galisum sit quis itaque sed voluptatum beatae! ');
INSERT INTO Request (RequestID, EmpID, NguoiGui, Loai, TieuDe, NgayGui, NgayXuLy, TrangThai, NoiDung, PhanHoi, Time_sheetID, Up_TinhTrang_Timesheet, Up_ThoiGian_Timesheet) VALUES ('22', '9', 'Jim Martin', 'Time-sheet', 'Đơn xin cập nhật Time-sheet', '2024-08-19 00:00:00', '2024-08-19 00:00:00', '1', 'Lorem ipsum dolor sit amet. Ut ipsam amet qui optio laudantium est velit perspiciatis qui impedit assumenda. Ad maiores galisum sit quis itaque sed voluptatum beatae! ', 'Lorem ipsum dolor sit amet. Ut ipsam amet qui optio laudantium est velit perspiciatis qui impedit assumenda. Ad maiores galisum sit quis itaque sed voluptatum beatae! ', '5.0', 'Hoàn thành', '24.0');
INSERT INTO Request (RequestID, EmpID, NguoiGui, Loai, TieuDe, NgayGui, NgayXuLy, TrangThai, NoiDung, PhanHoi) VALUES ('23', '9', 'Jim Martin', 'From home', 'Đơn xin làm việc tại nhà', '2024-08-28 00:00:00', '2024-08-28 00:00:00', '1', 'Lorem ipsum dolor sit amet. Ut ipsam amet qui optio laudantium est velit perspiciatis qui impedit assumenda. Ad maiores galisum sit quis itaque sed voluptatum beatae! ', 'Lorem ipsum dolor sit amet. Ut ipsam amet qui optio laudantium est velit perspiciatis qui impedit assumenda. Ad maiores galisum sit quis itaque sed voluptatum beatae! ');
INSERT INTO Request (RequestID, EmpID, NguoiGui, Loai, TieuDe, NgayGui, NgayXuLy, TrangThai, NoiDung, PhanHoi) VALUES ('24', '4', 'Tara Applewhite', 'From home', 'Đơn xin làm việc tại nhà', '2024-08-20 00:00:00', '2024-08-20 00:00:00', '1', 'Lorem ipsum dolor sit amet. Ut ipsam amet qui optio laudantium est velit perspiciatis qui impedit assumenda. Ad maiores galisum sit quis itaque sed voluptatum beatae! ', 'Lorem ipsum dolor sit amet. Ut ipsam amet qui optio laudantium est velit perspiciatis qui impedit assumenda. Ad maiores galisum sit quis itaque sed voluptatum beatae! ');
INSERT INTO Request (RequestID, EmpID, NguoiGui, Loai, TieuDe, NgayGui, NgayXuLy, TrangThai, NoiDung, PhanHoi) VALUES ('25', '10', 'Kathy Weatherby', 'Nghỉ phép', 'Đơn xin nghỉ phép', '2024-08-03 00:00:00', '2024-08-03 00:00:00', '1', 'Lorem ipsum dolor sit amet. Ut ipsam amet qui optio laudantium est velit perspiciatis qui impedit assumenda. Ad maiores galisum sit quis itaque sed voluptatum beatae! ', 'Lorem ipsum dolor sit amet. Ut ipsam amet qui optio laudantium est velit perspiciatis qui impedit assumenda. Ad maiores galisum sit quis itaque sed voluptatum beatae! ');
INSERT INTO Request (RequestID, EmpID, NguoiGui, Loai, TieuDe, NgayGui, TrangThai, NoiDung) VALUES ('26', '11', 'Nancy Garcia', 'From home', 'Đơn xin làm việc tại nhà', '2024-07-24 00:00:00', '0', 'Lorem ipsum dolor sit amet. Ut ipsam amet qui optio laudantium est velit perspiciatis qui impedit assumenda. Ad maiores galisum sit quis itaque sed voluptatum beatae! ');
INSERT INTO Request (RequestID, EmpID, NguoiGui, Loai, TieuDe, NgayGui, NgayXuLy, TrangThai, NoiDung, PhanHoi) VALUES ('27', '9', 'Jim Martin', 'Nghỉ phép', 'Đơn xin nghỉ phép', '2024-08-22 00:00:00', '2024-08-22 00:00:00', '1', 'Lorem ipsum dolor sit amet. Ut ipsam amet qui optio laudantium est velit perspiciatis qui impedit assumenda. Ad maiores galisum sit quis itaque sed voluptatum beatae! ', 'Lorem ipsum dolor sit amet. Ut ipsam amet qui optio laudantium est velit perspiciatis qui impedit assumenda. Ad maiores galisum sit quis itaque sed voluptatum beatae! ');
INSERT INTO Request (RequestID, EmpID, NguoiGui, Loai, TieuDe, NgayGui, TrangThai, NoiDung) VALUES ('28', '5', 'Devin Lear', 'Nghỉ phép', 'Đơn xin nghỉ phép', '2024-08-13 00:00:00', '0', 'Lorem ipsum dolor sit amet. Ut ipsam amet qui optio laudantium est velit perspiciatis qui impedit assumenda. Ad maiores galisum sit quis itaque sed voluptatum beatae! ');
INSERT INTO Request (RequestID, EmpID, NguoiGui, Loai, TieuDe, NgayGui, TrangThai, NoiDung) VALUES ('29', '15', 'Richard L. Anderson', 'Nghỉ phép', 'Đơn xin nghỉ phép', '2024-08-21 00:00:00', '0', 'Lorem ipsum dolor sit amet. Ut ipsam amet qui optio laudantium est velit perspiciatis qui impedit assumenda. Ad maiores galisum sit quis itaque sed voluptatum beatae! ');
INSERT INTO Request (RequestID, EmpID, NguoiGui, Loai, TieuDe, NgayGui, TrangThai, NoiDung) VALUES ('30', '1', 'Bông Bông', 'Nghỉ phép', 'Đơn xin nghỉ phép', '2024-07-29 00:00:00', '0', 'Lorem ipsum dolor sit amet. Ut ipsam amet qui optio laudantium est velit perspiciatis qui impedit assumenda. Ad maiores galisum sit quis itaque sed voluptatum beatae! ');
INSERT INTO Request (RequestID, EmpID, NguoiGui, Loai, TieuDe, NgayGui, NgayXuLy, TrangThai, NoiDung, PhanHoi) VALUES ('31', '4', 'Tara Applewhite', 'Nghỉ phép', 'Đơn xin nghỉ phép', '2024-08-16 00:00:00', '2024-08-16 00:00:00', '1', 'Lorem ipsum dolor sit amet. Ut ipsam amet qui optio laudantium est velit perspiciatis qui impedit assumenda. Ad maiores galisum sit quis itaque sed voluptatum beatae! ', 'Lorem ipsum dolor sit amet. Ut ipsam amet qui optio laudantium est velit perspiciatis qui impedit assumenda. Ad maiores galisum sit quis itaque sed voluptatum beatae! ');
INSERT INTO Request (RequestID, EmpID, NguoiGui, Loai, TieuDe, NgayGui, TrangThai, NoiDung) VALUES ('32', '11', 'Nancy Garcia', 'From home', 'Đơn xin làm việc tại nhà', '2024-07-21 00:00:00', '0', 'Lorem ipsum dolor sit amet. Ut ipsam amet qui optio laudantium est velit perspiciatis qui impedit assumenda. Ad maiores galisum sit quis itaque sed voluptatum beatae! ');
INSERT INTO Request (RequestID, EmpID, NguoiGui, Loai, TieuDe, NgayGui, NgayXuLy, TrangThai, NoiDung, PhanHoi) VALUES ('33', '13', 'Alan Ruley', 'Nghỉ phép', 'Đơn xin nghỉ phép', '2024-08-16 00:00:00', '2024-08-16 00:00:00', '1', 'Lorem ipsum dolor sit amet. Ut ipsam amet qui optio laudantium est velit perspiciatis qui impedit assumenda. Ad maiores galisum sit quis itaque sed voluptatum beatae! ', 'Lorem ipsum dolor sit amet. Ut ipsam amet qui optio laudantium est velit perspiciatis qui impedit assumenda. Ad maiores galisum sit quis itaque sed voluptatum beatae! ');
INSERT INTO Request (RequestID, EmpID, NguoiGui, Loai, TieuDe, NgayGui, TrangThai, NoiDung) VALUES ('34', '6', 'Lucile Sexton', 'From home', 'Đơn xin làm việc tại nhà', '2024-08-17 00:00:00', '0', 'Lorem ipsum dolor sit amet. Ut ipsam amet qui optio laudantium est velit perspiciatis qui impedit assumenda. Ad maiores galisum sit quis itaque sed voluptatum beatae! ');
INSERT INTO Request (RequestID, EmpID, NguoiGui, Loai, TieuDe, NgayGui, TrangThai, NoiDung) VALUES ('35', '10', 'Kathy Weatherby', 'From home', 'Đơn xin làm việc tại nhà', '2024-08-17 00:00:00', '0', 'Lorem ipsum dolor sit amet. Ut ipsam amet qui optio laudantium est velit perspiciatis qui impedit assumenda. Ad maiores galisum sit quis itaque sed voluptatum beatae! ');
INSERT INTO Request (RequestID, EmpID, NguoiGui, Loai, TieuDe, NgayGui, NgayXuLy, TrangThai, NoiDung, PhanHoi) VALUES ('36', '12', 'Joel Thomas', 'From home', 'Đơn xin làm việc tại nhà', '2024-08-13 00:00:00', '2024-08-13 00:00:00', '1', 'Lorem ipsum dolor sit amet. Ut ipsam amet qui optio laudantium est velit perspiciatis qui impedit assumenda. Ad maiores galisum sit quis itaque sed voluptatum beatae! ', 'Lorem ipsum dolor sit amet. Ut ipsam amet qui optio laudantium est velit perspiciatis qui impedit assumenda. Ad maiores galisum sit quis itaque sed voluptatum beatae! ');
INSERT INTO Request (RequestID, EmpID, NguoiGui, Loai, TieuDe, NgayGui, NgayXuLy, TrangThai, NoiDung, PhanHoi) VALUES ('37', '5', 'Devin Lear', 'Nghỉ phép', 'Đơn xin nghỉ phép', '2024-07-20 00:00:00', '2024-07-20 00:00:00', '1', 'Lorem ipsum dolor sit amet. Ut ipsam amet qui optio laudantium est velit perspiciatis qui impedit assumenda. Ad maiores galisum sit quis itaque sed voluptatum beatae! ', 'Lorem ipsum dolor sit amet. Ut ipsam amet qui optio laudantium est velit perspiciatis qui impedit assumenda. Ad maiores galisum sit quis itaque sed voluptatum beatae! ');
INSERT INTO Request (RequestID, EmpID, NguoiGui, Loai, TieuDe, NgayGui, TrangThai, NoiDung) VALUES ('38', '6', 'Lucile Sexton', 'Nghỉ phép', 'Đơn xin nghỉ phép', '2024-07-17 00:00:00', '0', 'Lorem ipsum dolor sit amet. Ut ipsam amet qui optio laudantium est velit perspiciatis qui impedit assumenda. Ad maiores galisum sit quis itaque sed voluptatum beatae! ');
INSERT INTO Request (RequestID, EmpID, NguoiGui, Loai, TieuDe, NgayGui, TrangThai, NoiDung) VALUES ('39', '8', 'Terry Gross', 'From home', 'Đơn xin làm việc tại nhà', '2024-08-23 00:00:00', '0', 'Lorem ipsum dolor sit amet. Ut ipsam amet qui optio laudantium est velit perspiciatis qui impedit assumenda. Ad maiores galisum sit quis itaque sed voluptatum beatae! ');
INSERT INTO Request (RequestID, EmpID, NguoiGui, Loai, TieuDe, NgayGui, NgayXuLy, TrangThai, NoiDung, PhanHoi, Time_sheetID, Up_TinhTrang_Timesheet, Up_ThoiGian_Timesheet) VALUES ('40', '12', 'Joel Thomas', 'Time-sheet', 'Đơn xin cập nhật Time-sheet', '2024-08-07 00:00:00', '2024-08-07 00:00:00', '1', 'Lorem ipsum dolor sit amet. Ut ipsam amet qui optio laudantium est velit perspiciatis qui impedit assumenda. Ad maiores galisum sit quis itaque sed voluptatum beatae! ', 'Lorem ipsum dolor sit amet. Ut ipsam amet qui optio laudantium est velit perspiciatis qui impedit assumenda. Ad maiores galisum sit quis itaque sed voluptatum beatae! ', '6.0', 'Hoàn thành', '7.0');
INSERT INTO Request (RequestID, EmpID, NguoiGui, Loai, TieuDe, NgayGui, NgayXuLy, TrangThai, NoiDung, PhanHoi) VALUES ('41', '9', 'Jim Martin', 'Nghỉ phép', 'Đơn xin nghỉ phép', '2024-07-02 00:00:00', '2024-07-02 00:00:00', '1', 'Lorem ipsum dolor sit amet. Ut ipsam amet qui optio laudantium est velit perspiciatis qui impedit assumenda. Ad maiores galisum sit quis itaque sed voluptatum beatae! ', 'Lorem ipsum dolor sit amet. Ut ipsam amet qui optio laudantium est velit perspiciatis qui impedit assumenda. Ad maiores galisum sit quis itaque sed voluptatum beatae! ');
INSERT INTO Request (RequestID, EmpID, NguoiGui, Loai, TieuDe, NgayGui, TrangThai, NoiDung, Time_sheetID, Up_TinhTrang_Timesheet, Up_ThoiGian_Timesheet) VALUES ('42', '15', 'Richard L. Anderson', 'Time-sheet', 'Đơn xin cập nhật Time-sheet', '2024-07-08 00:00:00', '0', 'Lorem ipsum dolor sit amet. Ut ipsam amet qui optio laudantium est velit perspiciatis qui impedit assumenda. Ad maiores galisum sit quis itaque sed voluptatum beatae! ', '7.0', 'Hoàn thành', '13.0');
INSERT INTO Request (RequestID, EmpID, NguoiGui, Loai, TieuDe, NgayGui, TrangThai, NoiDung, Time_sheetID, Up_TinhTrang_Timesheet, Up_ThoiGian_Timesheet) VALUES ('43', '9', 'Jim Martin', 'Time-sheet', 'Đơn xin cập nhật Time-sheet', '2024-08-02 00:00:00', '0', 'Lorem ipsum dolor sit amet. Ut ipsam amet qui optio laudantium est velit perspiciatis qui impedit assumenda. Ad maiores galisum sit quis itaque sed voluptatum beatae! ', '8.0', 'Hoàn thành', '13.0');
INSERT INTO Request (RequestID, EmpID, NguoiGui, Loai, TieuDe, NgayGui, TrangThai, NoiDung, Time_sheetID, Up_TinhTrang_Timesheet, Up_ThoiGian_Timesheet) VALUES ('44', '1', 'Bông Bông', 'Time-sheet', 'Đơn xin cập nhật Time-sheet', '2024-07-24 00:00:00', '0', 'Lorem ipsum dolor sit amet. Ut ipsam amet qui optio laudantium est velit perspiciatis qui impedit assumenda. Ad maiores galisum sit quis itaque sed voluptatum beatae! ', '9.0', 'Hoàn thành', '30.0');
INSERT INTO Request (RequestID, EmpID, NguoiGui, Loai, TieuDe, NgayGui, TrangThai, NoiDung) VALUES ('45', '10', 'Kathy Weatherby', 'From home', 'Đơn xin làm việc tại nhà', '2024-08-22 00:00:00', '0', 'Lorem ipsum dolor sit amet. Ut ipsam amet qui optio laudantium est velit perspiciatis qui impedit assumenda. Ad maiores galisum sit quis itaque sed voluptatum beatae! ');
INSERT INTO Request (RequestID, EmpID, NguoiGui, Loai, TieuDe, NgayGui, NgayXuLy, TrangThai, NoiDung, PhanHoi, Time_sheetID, Up_TinhTrang_Timesheet, Up_ThoiGian_Timesheet) VALUES ('46', '10', 'Kathy Weatherby', 'Time-sheet', 'Đơn xin cập nhật Time-sheet', '2024-08-14 00:00:00', '2024-08-14 00:00:00', '1', 'Lorem ipsum dolor sit amet. Ut ipsam amet qui optio laudantium est velit perspiciatis qui impedit assumenda. Ad maiores galisum sit quis itaque sed voluptatum beatae! ', 'Lorem ipsum dolor sit amet. Ut ipsam amet qui optio laudantium est velit perspiciatis qui impedit assumenda. Ad maiores galisum sit quis itaque sed voluptatum beatae! ', '10.0', 'Hoàn thành', '28.0');
INSERT INTO Request (RequestID, EmpID, NguoiGui, Loai, TieuDe, NgayGui, NgayXuLy, TrangThai, NoiDung, PhanHoi) VALUES ('47', '9', 'Jim Martin', 'Nghỉ phép', 'Đơn xin nghỉ phép', '2024-07-24 00:00:00', '2024-07-24 00:00:00', '1', 'Lorem ipsum dolor sit amet. Ut ipsam amet qui optio laudantium est velit perspiciatis qui impedit assumenda. Ad maiores galisum sit quis itaque sed voluptatum beatae! ', 'Lorem ipsum dolor sit amet. Ut ipsam amet qui optio laudantium est velit perspiciatis qui impedit assumenda. Ad maiores galisum sit quis itaque sed voluptatum beatae! ');
INSERT INTO Request (RequestID, EmpID, NguoiGui, Loai, TieuDe, NgayGui, NgayXuLy, TrangThai, NoiDung, PhanHoi) VALUES ('48', '10', 'Kathy Weatherby', 'From home', 'Đơn xin làm việc tại nhà', '2024-08-15 00:00:00', '2024-08-15 00:00:00', '1', 'Lorem ipsum dolor sit amet. Ut ipsam amet qui optio laudantium est velit perspiciatis qui impedit assumenda. Ad maiores galisum sit quis itaque sed voluptatum beatae! ', 'Lorem ipsum dolor sit amet. Ut ipsam amet qui optio laudantium est velit perspiciatis qui impedit assumenda. Ad maiores galisum sit quis itaque sed voluptatum beatae! ');
INSERT INTO Request (RequestID, EmpID, NguoiGui, Loai, TieuDe, NgayGui, TrangThai, NoiDung) VALUES ('49', '1', 'Bông Bông', 'Nghỉ phép', 'Đơn xin nghỉ phép', '2024-07-14 00:00:00', '0', 'Lorem ipsum dolor sit amet. Ut ipsam amet qui optio laudantium est velit perspiciatis qui impedit assumenda. Ad maiores galisum sit quis itaque sed voluptatum beatae! ');
INSERT INTO Request (RequestID, EmpID, NguoiGui, Loai, TieuDe, NgayGui, NgayXuLy, TrangThai, NoiDung, PhanHoi) VALUES ('50', '5', 'Devin Lear', 'From home', 'Đơn xin làm việc tại nhà', '2024-08-27 00:00:00', '2024-08-27 00:00:00', '1', 'Lorem ipsum dolor sit amet. Ut ipsam amet qui optio laudantium est velit perspiciatis qui impedit assumenda. Ad maiores galisum sit quis itaque sed voluptatum beatae! ', 'Lorem ipsum dolor sit amet. Ut ipsam amet qui optio laudantium est velit perspiciatis qui impedit assumenda. Ad maiores galisum sit quis itaque sed voluptatum beatae! ');
INSERT INTO Request (RequestID, EmpID, NguoiGui, Loai, TieuDe, NgayGui, NgayXuLy, TrangThai, NoiDung, PhanHoi) VALUES ('51', '11', 'Nancy Garcia', 'Nghỉ phép', 'Đơn xin nghỉ phép', '2024-07-27 00:00:00', '2024-07-27 00:00:00', '1', 'Lorem ipsum dolor sit amet. Ut ipsam amet qui optio laudantium est velit perspiciatis qui impedit assumenda. Ad maiores galisum sit quis itaque sed voluptatum beatae! ', 'Lorem ipsum dolor sit amet. Ut ipsam amet qui optio laudantium est velit perspiciatis qui impedit assumenda. Ad maiores galisum sit quis itaque sed voluptatum beatae! ');
INSERT INTO Request (RequestID, EmpID, NguoiGui, Loai, TieuDe, NgayGui, NgayXuLy, TrangThai, NoiDung, PhanHoi, Time_sheetID, Up_TinhTrang_Timesheet, Up_ThoiGian_Timesheet) VALUES ('52', '5', 'Devin Lear', 'Time-sheet', 'Đơn xin cập nhật Time-sheet', '2024-08-31 00:00:00', '2024-08-31 00:00:00', '1', 'Lorem ipsum dolor sit amet. Ut ipsam amet qui optio laudantium est velit perspiciatis qui impedit assumenda. Ad maiores galisum sit quis itaque sed voluptatum beatae! ', 'Lorem ipsum dolor sit amet. Ut ipsam amet qui optio laudantium est velit perspiciatis qui impedit assumenda. Ad maiores galisum sit quis itaque sed voluptatum beatae! ', '11.0', 'Hoàn thành', '5.0');
INSERT INTO Request (RequestID, EmpID, NguoiGui, Loai, TieuDe, NgayGui, NgayXuLy, TrangThai, NoiDung, PhanHoi, Time_sheetID, Up_TinhTrang_Timesheet, Up_ThoiGian_Timesheet) VALUES ('53', '9', 'Jim Martin', 'Time-sheet', 'Đơn xin cập nhật Time-sheet', '2024-07-23 00:00:00', '2024-07-23 00:00:00', '1', 'Lorem ipsum dolor sit amet. Ut ipsam amet qui optio laudantium est velit perspiciatis qui impedit assumenda. Ad maiores galisum sit quis itaque sed voluptatum beatae! ', 'Lorem ipsum dolor sit amet. Ut ipsam amet qui optio laudantium est velit perspiciatis qui impedit assumenda. Ad maiores galisum sit quis itaque sed voluptatum beatae! ', '12.0', 'Hoàn thành', '7.0');
INSERT INTO Request (RequestID, EmpID, NguoiGui, Loai, TieuDe, NgayGui, TrangThai, NoiDung) VALUES ('54', '13', 'Alan Ruley', 'From home', 'Đơn xin làm việc tại nhà', '2024-07-02 00:00:00', '0', 'Lorem ipsum dolor sit amet. Ut ipsam amet qui optio laudantium est velit perspiciatis qui impedit assumenda. Ad maiores galisum sit quis itaque sed voluptatum beatae! ');
INSERT INTO Request (RequestID, EmpID, NguoiGui, Loai, TieuDe, NgayGui, NgayXuLy, TrangThai, NoiDung, PhanHoi) VALUES ('55', '8', 'Terry Gross', 'Nghỉ phép', 'Đơn xin nghỉ phép', '2024-08-11 00:00:00', '2024-08-11 00:00:00', '1', 'Lorem ipsum dolor sit amet. Ut ipsam amet qui optio laudantium est velit perspiciatis qui impedit assumenda. Ad maiores galisum sit quis itaque sed voluptatum beatae! ', 'Lorem ipsum dolor sit amet. Ut ipsam amet qui optio laudantium est velit perspiciatis qui impedit assumenda. Ad maiores galisum sit quis itaque sed voluptatum beatae! ');
INSERT INTO Request (RequestID, EmpID, NguoiGui, Loai, TieuDe, NgayGui, TrangThai, NoiDung) VALUES ('56', '5', 'Devin Lear', 'From home', 'Đơn xin làm việc tại nhà', '2024-07-12 00:00:00', '0', 'Lorem ipsum dolor sit amet. Ut ipsam amet qui optio laudantium est velit perspiciatis qui impedit assumenda. Ad maiores galisum sit quis itaque sed voluptatum beatae! ');
INSERT INTO Request (RequestID, EmpID, NguoiGui, Loai, TieuDe, NgayGui, NgayXuLy, TrangThai, NoiDung, PhanHoi, Time_sheetID, Up_TinhTrang_Timesheet, Up_ThoiGian_Timesheet) VALUES ('57', '4', 'Tara Applewhite', 'Time-sheet', 'Đơn xin cập nhật Time-sheet', '2024-08-19 00:00:00', '2024-08-19 00:00:00', '1', 'Lorem ipsum dolor sit amet. Ut ipsam amet qui optio laudantium est velit perspiciatis qui impedit assumenda. Ad maiores galisum sit quis itaque sed voluptatum beatae! ', 'Lorem ipsum dolor sit amet. Ut ipsam amet qui optio laudantium est velit perspiciatis qui impedit assumenda. Ad maiores galisum sit quis itaque sed voluptatum beatae! ', '13.0', 'Hoàn thành', '9.0');
INSERT INTO Request (RequestID, EmpID, NguoiGui, Loai, TieuDe, NgayGui, TrangThai, NoiDung, Time_sheetID, Up_TinhTrang_Timesheet, Up_ThoiGian_Timesheet) VALUES ('58', '8', 'Terry Gross', 'Time-sheet', 'Đơn xin cập nhật Time-sheet', '2024-08-17 00:00:00', '0', 'Lorem ipsum dolor sit amet. Ut ipsam amet qui optio laudantium est velit perspiciatis qui impedit assumenda. Ad maiores galisum sit quis itaque sed voluptatum beatae! ', '14.0', 'Hoàn thành', '10.0');
INSERT INTO Request (RequestID, EmpID, NguoiGui, Loai, TieuDe, NgayGui, TrangThai, NoiDung, Time_sheetID, Up_TinhTrang_Timesheet, Up_ThoiGian_Timesheet) VALUES ('59', '8', 'Terry Gross', 'Time-sheet', 'Đơn xin cập nhật Time-sheet', '2024-07-19 00:00:00', '0', 'Lorem ipsum dolor sit amet. Ut ipsam amet qui optio laudantium est velit perspiciatis qui impedit assumenda. Ad maiores galisum sit quis itaque sed voluptatum beatae! ', '15.0', 'Hoàn thành', '15.0');
INSERT INTO Request (RequestID, EmpID, NguoiGui, Loai, TieuDe, NgayGui, TrangThai, NoiDung, Time_sheetID, Up_TinhTrang_Timesheet, Up_ThoiGian_Timesheet) VALUES ('60', '1', 'Bông Bông', 'Time-sheet', 'Đơn xin cập nhật Time-sheet', '2024-08-17 00:00:00', '0', 'Lorem ipsum dolor sit amet. Ut ipsam amet qui optio laudantium est velit perspiciatis qui impedit assumenda. Ad maiores galisum sit quis itaque sed voluptatum beatae! ', '16.0', 'Hoàn thành', '28.0');
INSERT INTO Request (RequestID, EmpID, NguoiGui, Loai, TieuDe, NgayGui, TrangThai, NoiDung, Time_sheetID, Up_TinhTrang_Timesheet, Up_ThoiGian_Timesheet) VALUES ('61', '8', 'Terry Gross', 'Time-sheet', 'Đơn xin cập nhật Time-sheet', '2024-07-26 00:00:00', '0', 'Lorem ipsum dolor sit amet. Ut ipsam amet qui optio laudantium est velit perspiciatis qui impedit assumenda. Ad maiores galisum sit quis itaque sed voluptatum beatae! ', '17.0', 'Hoàn thành', '17.0');
INSERT INTO Request (RequestID, EmpID, NguoiGui, Loai, TieuDe, NgayGui, TrangThai, NoiDung) VALUES ('62', '13', 'Alan Ruley', 'From home', 'Đơn xin làm việc tại nhà', '2024-08-23 00:00:00', '0', 'Lorem ipsum dolor sit amet. Ut ipsam amet qui optio laudantium est velit perspiciatis qui impedit assumenda. Ad maiores galisum sit quis itaque sed voluptatum beatae! ');
INSERT INTO Request (RequestID, EmpID, NguoiGui, Loai, TieuDe, NgayGui, TrangThai, NoiDung, Time_sheetID, Up_TinhTrang_Timesheet, Up_ThoiGian_Timesheet) VALUES ('63', '8', 'Terry Gross', 'Time-sheet', 'Đơn xin cập nhật Time-sheet', '2024-07-26 00:00:00', '0', 'Lorem ipsum dolor sit amet. Ut ipsam amet qui optio laudantium est velit perspiciatis qui impedit assumenda. Ad maiores galisum sit quis itaque sed voluptatum beatae! ', '18.0', 'Hoàn thành', '7.0');
INSERT INTO Request (RequestID, EmpID, NguoiGui, Loai, TieuDe, NgayGui, NgayXuLy, TrangThai, NoiDung, PhanHoi) VALUES ('64', '13', 'Alan Ruley', 'From home', 'Đơn xin làm việc tại nhà', '2024-07-04 00:00:00', '2024-07-04 00:00:00', '1', 'Lorem ipsum dolor sit amet. Ut ipsam amet qui optio laudantium est velit perspiciatis qui impedit assumenda. Ad maiores galisum sit quis itaque sed voluptatum beatae! ', 'Lorem ipsum dolor sit amet. Ut ipsam amet qui optio laudantium est velit perspiciatis qui impedit assumenda. Ad maiores galisum sit quis itaque sed voluptatum beatae! ');
INSERT INTO Request (RequestID, EmpID, NguoiGui, Loai, TieuDe, NgayGui, NgayXuLy, TrangThai, NoiDung, PhanHoi, Time_sheetID, Up_TinhTrang_Timesheet, Up_ThoiGian_Timesheet) VALUES ('65', '12', 'Joel Thomas', 'Time-sheet', 'Đơn xin cập nhật Time-sheet', '2024-07-13 00:00:00', '2024-07-13 00:00:00', '1', 'Lorem ipsum dolor sit amet. Ut ipsam amet qui optio laudantium est velit perspiciatis qui impedit assumenda. Ad maiores galisum sit quis itaque sed voluptatum beatae! ', 'Lorem ipsum dolor sit amet. Ut ipsam amet qui optio laudantium est velit perspiciatis qui impedit assumenda. Ad maiores galisum sit quis itaque sed voluptatum beatae! ', '19.0', 'Hoàn thành', '11.0');
INSERT INTO Request (RequestID, EmpID, NguoiGui, Loai, TieuDe, NgayGui, NgayXuLy, TrangThai, NoiDung, PhanHoi) VALUES ('66', '8', 'Terry Gross', 'From home', 'Đơn xin làm việc tại nhà', '2024-08-24 00:00:00', '2024-08-24 00:00:00', '1', 'Lorem ipsum dolor sit amet. Ut ipsam amet qui optio laudantium est velit perspiciatis qui impedit assumenda. Ad maiores galisum sit quis itaque sed voluptatum beatae! ', 'Lorem ipsum dolor sit amet. Ut ipsam amet qui optio laudantium est velit perspiciatis qui impedit assumenda. Ad maiores galisum sit quis itaque sed voluptatum beatae! ');
INSERT INTO Request (RequestID, EmpID, NguoiGui, Loai, TieuDe, NgayGui, TrangThai, NoiDung, Time_sheetID, Up_TinhTrang_Timesheet, Up_ThoiGian_Timesheet) VALUES ('67', '9', 'Jim Martin', 'Time-sheet', 'Đơn xin cập nhật Time-sheet', '2024-08-28 00:00:00', '0', 'Lorem ipsum dolor sit amet. Ut ipsam amet qui optio laudantium est velit perspiciatis qui impedit assumenda. Ad maiores galisum sit quis itaque sed voluptatum beatae! ', '20.0', 'Hoàn thành', '8.0');
INSERT INTO Request (RequestID, EmpID, NguoiGui, Loai, TieuDe, NgayGui, NgayXuLy, TrangThai, NoiDung, PhanHoi, Time_sheetID, Up_TinhTrang_Timesheet, Up_ThoiGian_Timesheet) VALUES ('68', '6', 'Lucile Sexton', 'Time-sheet', 'Đơn xin cập nhật Time-sheet', '2024-08-22 00:00:00', '2024-08-22 00:00:00', '1', 'Lorem ipsum dolor sit amet. Ut ipsam amet qui optio laudantium est velit perspiciatis qui impedit assumenda. Ad maiores galisum sit quis itaque sed voluptatum beatae! ', 'Lorem ipsum dolor sit amet. Ut ipsam amet qui optio laudantium est velit perspiciatis qui impedit assumenda. Ad maiores galisum sit quis itaque sed voluptatum beatae! ', '21.0', 'Hoàn thành', '11.0');
INSERT INTO Request (RequestID, EmpID, NguoiGui, Loai, TieuDe, NgayGui, NgayXuLy, TrangThai, NoiDung, PhanHoi, Time_sheetID, Up_TinhTrang_Timesheet, Up_ThoiGian_Timesheet) VALUES ('69', '11', 'Nancy Garcia', 'Time-sheet', 'Đơn xin cập nhật Time-sheet', '2024-08-19 00:00:00', '2024-08-19 00:00:00', '1', 'Lorem ipsum dolor sit amet. Ut ipsam amet qui optio laudantium est velit perspiciatis qui impedit assumenda. Ad maiores galisum sit quis itaque sed voluptatum beatae! ', 'Lorem ipsum dolor sit amet. Ut ipsam amet qui optio laudantium est velit perspiciatis qui impedit assumenda. Ad maiores galisum sit quis itaque sed voluptatum beatae! ', '22.0', 'Hoàn thành', '28.0');
INSERT INTO Request (RequestID, EmpID, NguoiGui, Loai, TieuDe, NgayGui, TrangThai, NoiDung) VALUES ('70', '10', 'Kathy Weatherby', 'From home', 'Đơn xin làm việc tại nhà', '2024-07-10 00:00:00', '0', 'Lorem ipsum dolor sit amet. Ut ipsam amet qui optio laudantium est velit perspiciatis qui impedit assumenda. Ad maiores galisum sit quis itaque sed voluptatum beatae! ');
INSERT INTO Request (RequestID, EmpID, NguoiGui, Loai, TieuDe, NgayGui, NgayXuLy, TrangThai, NoiDung, PhanHoi, Time_sheetID, Up_TinhTrang_Timesheet, Up_ThoiGian_Timesheet) VALUES ('71', '5', 'Devin Lear', 'Time-sheet', 'Đơn xin cập nhật Time-sheet', '2024-08-10 00:00:00', '2024-08-10 00:00:00', '1', 'Lorem ipsum dolor sit amet. Ut ipsam amet qui optio laudantium est velit perspiciatis qui impedit assumenda. Ad maiores galisum sit quis itaque sed voluptatum beatae! ', 'Lorem ipsum dolor sit amet. Ut ipsam amet qui optio laudantium est velit perspiciatis qui impedit assumenda. Ad maiores galisum sit quis itaque sed voluptatum beatae! ', '23.0', 'Hoàn thành', '27.0');
INSERT INTO Request (RequestID, EmpID, NguoiGui, Loai, TieuDe, NgayGui, TrangThai, NoiDung) VALUES ('72', '11', 'Nancy Garcia', 'From home', 'Đơn xin làm việc tại nhà', '2024-08-05 00:00:00', '0', 'Lorem ipsum dolor sit amet. Ut ipsam amet qui optio laudantium est velit perspiciatis qui impedit assumenda. Ad maiores galisum sit quis itaque sed voluptatum beatae! ');
INSERT INTO Request (RequestID, EmpID, NguoiGui, Loai, TieuDe, NgayGui, NgayXuLy, TrangThai, NoiDung, PhanHoi) VALUES ('73', '5', 'Devin Lear', 'From home', 'Đơn xin làm việc tại nhà', '2024-07-11 00:00:00', '2024-07-11 00:00:00', '1', 'Lorem ipsum dolor sit amet. Ut ipsam amet qui optio laudantium est velit perspiciatis qui impedit assumenda. Ad maiores galisum sit quis itaque sed voluptatum beatae! ', 'Lorem ipsum dolor sit amet. Ut ipsam amet qui optio laudantium est velit perspiciatis qui impedit assumenda. Ad maiores galisum sit quis itaque sed voluptatum beatae! ');
INSERT INTO Request (RequestID, EmpID, NguoiGui, Loai, TieuDe, NgayGui, NgayXuLy, TrangThai, NoiDung, PhanHoi) VALUES ('74', '9', 'Jim Martin', 'Nghỉ phép', 'Đơn xin nghỉ phép', '2024-08-24 00:00:00', '2024-08-24 00:00:00', '1', 'Lorem ipsum dolor sit amet. Ut ipsam amet qui optio laudantium est velit perspiciatis qui impedit assumenda. Ad maiores galisum sit quis itaque sed voluptatum beatae! ', 'Lorem ipsum dolor sit amet. Ut ipsam amet qui optio laudantium est velit perspiciatis qui impedit assumenda. Ad maiores galisum sit quis itaque sed voluptatum beatae! ');
INSERT INTO Request (RequestID, EmpID, NguoiGui, Loai, TieuDe, NgayGui, TrangThai, NoiDung) VALUES ('75', '9', 'Jim Martin', 'Nghỉ phép', 'Đơn xin nghỉ phép', '2024-08-16 00:00:00', '0', 'Lorem ipsum dolor sit amet. Ut ipsam amet qui optio laudantium est velit perspiciatis qui impedit assumenda. Ad maiores galisum sit quis itaque sed voluptatum beatae! ');
INSERT INTO Request (RequestID, EmpID, NguoiGui, Loai, TieuDe, NgayGui, NgayXuLy, TrangThai, NoiDung, PhanHoi) VALUES ('76', '13', 'Alan Ruley', 'Nghỉ phép', 'Đơn xin nghỉ phép', '2024-08-30 00:00:00', '2024-08-30 00:00:00', '1', 'Lorem ipsum dolor sit amet. Ut ipsam amet qui optio laudantium est velit perspiciatis qui impedit assumenda. Ad maiores galisum sit quis itaque sed voluptatum beatae! ', 'Lorem ipsum dolor sit amet. Ut ipsam amet qui optio laudantium est velit perspiciatis qui impedit assumenda. Ad maiores galisum sit quis itaque sed voluptatum beatae! ');
INSERT INTO Request (RequestID, EmpID, NguoiGui, Loai, TieuDe, NgayGui, NgayXuLy, TrangThai, NoiDung, PhanHoi) VALUES ('77', '13', 'Alan Ruley', 'From home', 'Đơn xin làm việc tại nhà', '2024-08-26 00:00:00', '2024-08-26 00:00:00', '1', 'Lorem ipsum dolor sit amet. Ut ipsam amet qui optio laudantium est velit perspiciatis qui impedit assumenda. Ad maiores galisum sit quis itaque sed voluptatum beatae! ', 'Lorem ipsum dolor sit amet. Ut ipsam amet qui optio laudantium est velit perspiciatis qui impedit assumenda. Ad maiores galisum sit quis itaque sed voluptatum beatae! ');
INSERT INTO Request (RequestID, EmpID, NguoiGui, Loai, TieuDe, NgayGui, NgayXuLy, TrangThai, NoiDung, PhanHoi, Time_sheetID, Up_TinhTrang_Timesheet, Up_ThoiGian_Timesheet) VALUES ('78', '10', 'Kathy Weatherby', 'Time-sheet', 'Đơn xin cập nhật Time-sheet', '2024-08-04 00:00:00', '2024-08-04 00:00:00', '1', 'Lorem ipsum dolor sit amet. Ut ipsam amet qui optio laudantium est velit perspiciatis qui impedit assumenda. Ad maiores galisum sit quis itaque sed voluptatum beatae! ', 'Lorem ipsum dolor sit amet. Ut ipsam amet qui optio laudantium est velit perspiciatis qui impedit assumenda. Ad maiores galisum sit quis itaque sed voluptatum beatae! ', '24.0', 'Hoàn thành', '29.0');
INSERT INTO Request (RequestID, EmpID, NguoiGui, Loai, TieuDe, NgayGui, TrangThai, NoiDung) VALUES ('79', '4', 'Tara Applewhite', 'Nghỉ phép', 'Đơn xin nghỉ phép', '2024-07-09 00:00:00', '0', 'Lorem ipsum dolor sit amet. Ut ipsam amet qui optio laudantium est velit perspiciatis qui impedit assumenda. Ad maiores galisum sit quis itaque sed voluptatum beatae! ');
INSERT INTO Request (RequestID, EmpID, NguoiGui, Loai, TieuDe, NgayGui, TrangThai, NoiDung) VALUES ('80', '1', 'Bông Bông', 'Nghỉ phép', 'Đơn xin nghỉ phép', '2024-08-11 00:00:00', '0', 'Lorem ipsum dolor sit amet. Ut ipsam amet qui optio laudantium est velit perspiciatis qui impedit assumenda. Ad maiores galisum sit quis itaque sed voluptatum beatae! ');
INSERT INTO Request (RequestID, EmpID, NguoiGui, Loai, TieuDe, NgayGui, NgayXuLy, TrangThai, NoiDung, PhanHoi) VALUES ('81', '13', 'Alan Ruley', 'Nghỉ phép', 'Đơn xin nghỉ phép', '2024-08-09 00:00:00', '2024-08-09 00:00:00', '1', 'Lorem ipsum dolor sit amet. Ut ipsam amet qui optio laudantium est velit perspiciatis qui impedit assumenda. Ad maiores galisum sit quis itaque sed voluptatum beatae! ', 'Lorem ipsum dolor sit amet. Ut ipsam amet qui optio laudantium est velit perspiciatis qui impedit assumenda. Ad maiores galisum sit quis itaque sed voluptatum beatae! ');
INSERT INTO Request (RequestID, EmpID, NguoiGui, Loai, TieuDe, NgayGui, NgayXuLy, TrangThai, NoiDung, PhanHoi) VALUES ('82', '4', 'Tara Applewhite', 'Nghỉ phép', 'Đơn xin nghỉ phép', '2024-08-20 00:00:00', '2024-08-20 00:00:00', '1', 'Lorem ipsum dolor sit amet. Ut ipsam amet qui optio laudantium est velit perspiciatis qui impedit assumenda. Ad maiores galisum sit quis itaque sed voluptatum beatae! ', 'Lorem ipsum dolor sit amet. Ut ipsam amet qui optio laudantium est velit perspiciatis qui impedit assumenda. Ad maiores galisum sit quis itaque sed voluptatum beatae! ');
INSERT INTO Request (RequestID, EmpID, NguoiGui, Loai, TieuDe, NgayGui, NgayXuLy, TrangThai, NoiDung, PhanHoi, Time_sheetID, Up_TinhTrang_Timesheet, Up_ThoiGian_Timesheet) VALUES ('83', '11', 'Nancy Garcia', 'Time-sheet', 'Đơn xin cập nhật Time-sheet', '2024-08-17 00:00:00', '2024-08-17 00:00:00', '1', 'Lorem ipsum dolor sit amet. Ut ipsam amet qui optio laudantium est velit perspiciatis qui impedit assumenda. Ad maiores galisum sit quis itaque sed voluptatum beatae! ', 'Lorem ipsum dolor sit amet. Ut ipsam amet qui optio laudantium est velit perspiciatis qui impedit assumenda. Ad maiores galisum sit quis itaque sed voluptatum beatae! ', '25.0', 'Hoàn thành', '29.0');
INSERT INTO Request (RequestID, EmpID, NguoiGui, Loai, TieuDe, NgayGui, NgayXuLy, TrangThai, NoiDung, PhanHoi, Time_sheetID, Up_TinhTrang_Timesheet, Up_ThoiGian_Timesheet) VALUES ('84', '6', 'Lucile Sexton', 'Time-sheet', 'Đơn xin cập nhật Time-sheet', '2024-07-03 00:00:00', '2024-07-03 00:00:00', '1', 'Lorem ipsum dolor sit amet. Ut ipsam amet qui optio laudantium est velit perspiciatis qui impedit assumenda. Ad maiores galisum sit quis itaque sed voluptatum beatae! ', 'Lorem ipsum dolor sit amet. Ut ipsam amet qui optio laudantium est velit perspiciatis qui impedit assumenda. Ad maiores galisum sit quis itaque sed voluptatum beatae! ', '26.0', 'Hoàn thành', '17.0');
INSERT INTO Request (RequestID, EmpID, NguoiGui, Loai, TieuDe, NgayGui, NgayXuLy, TrangThai, NoiDung, PhanHoi) VALUES ('85', '13', 'Alan Ruley', 'Nghỉ phép', 'Đơn xin nghỉ phép', '2024-07-20 00:00:00', '2024-07-20 00:00:00', '1', 'Lorem ipsum dolor sit amet. Ut ipsam amet qui optio laudantium est velit perspiciatis qui impedit assumenda. Ad maiores galisum sit quis itaque sed voluptatum beatae! ', 'Lorem ipsum dolor sit amet. Ut ipsam amet qui optio laudantium est velit perspiciatis qui impedit assumenda. Ad maiores galisum sit quis itaque sed voluptatum beatae! ');
INSERT INTO Request (RequestID, EmpID, NguoiGui, Loai, TieuDe, NgayGui, TrangThai, NoiDung, Time_sheetID, Up_TinhTrang_Timesheet, Up_ThoiGian_Timesheet) VALUES ('86', '5', 'Devin Lear', 'Time-sheet', 'Đơn xin cập nhật Time-sheet', '2024-08-07 00:00:00', '0', 'Lorem ipsum dolor sit amet. Ut ipsam amet qui optio laudantium est velit perspiciatis qui impedit assumenda. Ad maiores galisum sit quis itaque sed voluptatum beatae! ', '27.0', 'Hoàn thành', '16.0');
INSERT INTO Request (RequestID, EmpID, NguoiGui, Loai, TieuDe, NgayGui, NgayXuLy, TrangThai, NoiDung, PhanHoi, Time_sheetID, Up_TinhTrang_Timesheet, Up_ThoiGian_Timesheet) VALUES ('87', '5', 'Devin Lear', 'Time-sheet', 'Đơn xin cập nhật Time-sheet', '2024-07-21 00:00:00', '2024-07-21 00:00:00', '1', 'Lorem ipsum dolor sit amet. Ut ipsam amet qui optio laudantium est velit perspiciatis qui impedit assumenda. Ad maiores galisum sit quis itaque sed voluptatum beatae! ', 'Lorem ipsum dolor sit amet. Ut ipsam amet qui optio laudantium est velit perspiciatis qui impedit assumenda. Ad maiores galisum sit quis itaque sed voluptatum beatae! ', '28.0', 'Hoàn thành', '11.0');
INSERT INTO Request (RequestID, EmpID, NguoiGui, Loai, TieuDe, NgayGui, TrangThai, NoiDung) VALUES ('88', '6', 'Lucile Sexton', 'From home', 'Đơn xin làm việc tại nhà', '2024-07-27 00:00:00', '0', 'Lorem ipsum dolor sit amet. Ut ipsam amet qui optio laudantium est velit perspiciatis qui impedit assumenda. Ad maiores galisum sit quis itaque sed voluptatum beatae! ');
INSERT INTO Request (RequestID, EmpID, NguoiGui, Loai, TieuDe, NgayGui, NgayXuLy, TrangThai, NoiDung, PhanHoi) VALUES ('89', '10', 'Kathy Weatherby', 'Nghỉ phép', 'Đơn xin nghỉ phép', '2024-07-25 00:00:00', '2024-07-25 00:00:00', '1', 'Lorem ipsum dolor sit amet. Ut ipsam amet qui optio laudantium est velit perspiciatis qui impedit assumenda. Ad maiores galisum sit quis itaque sed voluptatum beatae! ', 'Lorem ipsum dolor sit amet. Ut ipsam amet qui optio laudantium est velit perspiciatis qui impedit assumenda. Ad maiores galisum sit quis itaque sed voluptatum beatae! ');
INSERT INTO Request (RequestID, EmpID, NguoiGui, Loai, TieuDe, NgayGui, TrangThai, NoiDung) VALUES ('90', '13', 'Alan Ruley', 'From home', 'Đơn xin làm việc tại nhà', '2024-07-01 00:00:00', '0', 'Lorem ipsum dolor sit amet. Ut ipsam amet qui optio laudantium est velit perspiciatis qui impedit assumenda. Ad maiores galisum sit quis itaque sed voluptatum beatae! ');
INSERT INTO Request (RequestID, EmpID, NguoiGui, Loai, TieuDe, NgayGui, TrangThai, NoiDung, Time_sheetID, Up_TinhTrang_Timesheet, Up_ThoiGian_Timesheet) VALUES ('91', '1', 'Bông Bông', 'Time-sheet', 'Đơn xin cập nhật Time-sheet', '2024-08-15 00:00:00', '0', 'Lorem ipsum dolor sit amet. Ut ipsam amet qui optio laudantium est velit perspiciatis qui impedit assumenda. Ad maiores galisum sit quis itaque sed voluptatum beatae! ', '29.0', 'Hoàn thành', '19.0');
INSERT INTO Request (RequestID, EmpID, NguoiGui, Loai, TieuDe, NgayGui, TrangThai, NoiDung) VALUES ('92', '6', 'Lucile Sexton', 'From home', 'Đơn xin làm việc tại nhà', '2024-08-20 00:00:00', '0', 'Lorem ipsum dolor sit amet. Ut ipsam amet qui optio laudantium est velit perspiciatis qui impedit assumenda. Ad maiores galisum sit quis itaque sed voluptatum beatae! ');
INSERT INTO Request (RequestID, EmpID, NguoiGui, Loai, TieuDe, NgayGui, NgayXuLy, TrangThai, NoiDung, PhanHoi, Time_sheetID, Up_TinhTrang_Timesheet, Up_ThoiGian_Timesheet) VALUES ('93', '11', 'Nancy Garcia', 'Time-sheet', 'Đơn xin cập nhật Time-sheet', '2024-08-18 00:00:00', '2024-08-18 00:00:00', '1', 'Lorem ipsum dolor sit amet. Ut ipsam amet qui optio laudantium est velit perspiciatis qui impedit assumenda. Ad maiores galisum sit quis itaque sed voluptatum beatae! ', 'Lorem ipsum dolor sit amet. Ut ipsam amet qui optio laudantium est velit perspiciatis qui impedit assumenda. Ad maiores galisum sit quis itaque sed voluptatum beatae! ', '30.0', 'Hoàn thành', '23.0');
INSERT INTO Request (RequestID, EmpID, NguoiGui, Loai, TieuDe, NgayGui, NgayXuLy, TrangThai, NoiDung, PhanHoi) VALUES ('94', '9', 'Jim Martin', 'From home', 'Đơn xin làm việc tại nhà', '2024-08-13 00:00:00', '2024-08-13 00:00:00', '1', 'Lorem ipsum dolor sit amet. Ut ipsam amet qui optio laudantium est velit perspiciatis qui impedit assumenda. Ad maiores galisum sit quis itaque sed voluptatum beatae! ', 'Lorem ipsum dolor sit amet. Ut ipsam amet qui optio laudantium est velit perspiciatis qui impedit assumenda. Ad maiores galisum sit quis itaque sed voluptatum beatae! ');
INSERT INTO Request (RequestID, EmpID, NguoiGui, Loai, TieuDe, NgayGui, TrangThai, NoiDung) VALUES ('95', '10', 'Kathy Weatherby', 'Nghỉ phép', 'Đơn xin nghỉ phép', '2024-07-23 00:00:00', '0', 'Lorem ipsum dolor sit amet. Ut ipsam amet qui optio laudantium est velit perspiciatis qui impedit assumenda. Ad maiores galisum sit quis itaque sed voluptatum beatae! ');
INSERT INTO Request (RequestID, EmpID, NguoiGui, Loai, TieuDe, NgayGui, TrangThai, NoiDung, Time_sheetID, Up_TinhTrang_Timesheet, Up_ThoiGian_Timesheet) VALUES ('96', '5', 'Devin Lear', 'Time-sheet', 'Đơn xin cập nhật Time-sheet', '2024-08-27 00:00:00', '0', 'Lorem ipsum dolor sit amet. Ut ipsam amet qui optio laudantium est velit perspiciatis qui impedit assumenda. Ad maiores galisum sit quis itaque sed voluptatum beatae! ', '31.0', 'Hoàn thành', '14.0');
INSERT INTO Request (RequestID, EmpID, NguoiGui, Loai, TieuDe, NgayGui, TrangThai, NoiDung, Time_sheetID, Up_TinhTrang_Timesheet, Up_ThoiGian_Timesheet) VALUES ('97', '8', 'Terry Gross', 'Time-sheet', 'Đơn xin cập nhật Time-sheet', '2024-07-03 00:00:00', '0', 'Lorem ipsum dolor sit amet. Ut ipsam amet qui optio laudantium est velit perspiciatis qui impedit assumenda. Ad maiores galisum sit quis itaque sed voluptatum beatae! ', '32.0', 'Hoàn thành', '24.0');
INSERT INTO Request (RequestID, EmpID, NguoiGui, Loai, TieuDe, NgayGui, TrangThai, NoiDung) VALUES ('98', '13', 'Alan Ruley', 'Nghỉ phép', 'Đơn xin nghỉ phép', '2024-08-21 00:00:00', '0', 'Lorem ipsum dolor sit amet. Ut ipsam amet qui optio laudantium est velit perspiciatis qui impedit assumenda. Ad maiores galisum sit quis itaque sed voluptatum beatae! ');
INSERT INTO Request (RequestID, EmpID, NguoiGui, Loai, TieuDe, NgayGui, TrangThai, NoiDung) VALUES ('99', '6', 'Lucile Sexton', 'Nghỉ phép', 'Đơn xin nghỉ phép', '2024-07-30 00:00:00', '0', 'Lorem ipsum dolor sit amet. Ut ipsam amet qui optio laudantium est velit perspiciatis qui impedit assumenda. Ad maiores galisum sit quis itaque sed voluptatum beatae! ');
INSERT INTO Request (RequestID, EmpID, NguoiGui, Loai, TieuDe, NgayGui, TrangThai, NoiDung) VALUES ('100', '15', 'Richard L. Anderson', 'Nghỉ phép', 'Đơn xin nghỉ phép', '2024-07-21 00:00:00', '0', 'Lorem ipsum dolor sit amet. Ut ipsam amet qui optio laudantium est velit perspiciatis qui impedit assumenda. Ad maiores galisum sit quis itaque sed voluptatum beatae! ');
INSERT INTO Request (RequestID, EmpID, NguoiGui, Loai, TieuDe, NgayGui, TrangThai, NoiDung) VALUES ('101', '10', 'Kathy Weatherby', 'From home', 'Đơn xin làm việc tại nhà', '2024-08-20 00:00:00', '0', 'Lorem ipsum dolor sit amet. Ut ipsam amet qui optio laudantium est velit perspiciatis qui impedit assumenda. Ad maiores galisum sit quis itaque sed voluptatum beatae! ');
INSERT INTO Request (RequestID, EmpID, NguoiGui, Loai, TieuDe, NgayGui, NgayXuLy, TrangThai, NoiDung, PhanHoi) VALUES ('102', '13', 'Alan Ruley', 'From home', 'Đơn xin làm việc tại nhà', '2024-08-16 00:00:00', '2024-08-16 00:00:00', '1', 'Lorem ipsum dolor sit amet. Ut ipsam amet qui optio laudantium est velit perspiciatis qui impedit assumenda. Ad maiores galisum sit quis itaque sed voluptatum beatae! ', 'Lorem ipsum dolor sit amet. Ut ipsam amet qui optio laudantium est velit perspiciatis qui impedit assumenda. Ad maiores galisum sit quis itaque sed voluptatum beatae! ');
INSERT INTO Request (RequestID, EmpID, NguoiGui, Loai, TieuDe, NgayGui, NgayXuLy, TrangThai, NoiDung, PhanHoi) VALUES ('103', '13', 'Alan Ruley', 'From home', 'Đơn xin làm việc tại nhà', '2024-07-08 00:00:00', '2024-07-08 00:00:00', '1', 'Lorem ipsum dolor sit amet. Ut ipsam amet qui optio laudantium est velit perspiciatis qui impedit assumenda. Ad maiores galisum sit quis itaque sed voluptatum beatae! ', 'Lorem ipsum dolor sit amet. Ut ipsam amet qui optio laudantium est velit perspiciatis qui impedit assumenda. Ad maiores galisum sit quis itaque sed voluptatum beatae! ');
INSERT INTO Request (RequestID, EmpID, NguoiGui, Loai, TieuDe, NgayGui, TrangThai, NoiDung) VALUES ('104', '15', 'Richard L. Anderson', 'From home', 'Đơn xin làm việc tại nhà', '2024-07-08 00:00:00', '0', 'Lorem ipsum dolor sit amet. Ut ipsam amet qui optio laudantium est velit perspiciatis qui impedit assumenda. Ad maiores galisum sit quis itaque sed voluptatum beatae! ');
INSERT INTO Request (RequestID, EmpID, NguoiGui, Loai, TieuDe, NgayGui, NgayXuLy, TrangThai, NoiDung, PhanHoi) VALUES ('105', '5', 'Devin Lear', 'Nghỉ phép', 'Đơn xin nghỉ phép', '2024-08-08 00:00:00', '2024-08-08 00:00:00', '1', 'Lorem ipsum dolor sit amet. Ut ipsam amet qui optio laudantium est velit perspiciatis qui impedit assumenda. Ad maiores galisum sit quis itaque sed voluptatum beatae! ', 'Lorem ipsum dolor sit amet. Ut ipsam amet qui optio laudantium est velit perspiciatis qui impedit assumenda. Ad maiores galisum sit quis itaque sed voluptatum beatae! ');
INSERT INTO Request (RequestID, EmpID, NguoiGui, Loai, TieuDe, NgayGui, TrangThai, NoiDung) VALUES ('106', '12', 'Joel Thomas', 'From home', 'Đơn xin làm việc tại nhà', '2024-07-04 00:00:00', '0', 'Lorem ipsum dolor sit amet. Ut ipsam amet qui optio laudantium est velit perspiciatis qui impedit assumenda. Ad maiores galisum sit quis itaque sed voluptatum beatae! ');
INSERT INTO Request (RequestID, EmpID, NguoiGui, Loai, TieuDe, NgayGui, TrangThai, NoiDung) VALUES ('107', '13', 'Alan Ruley', 'Nghỉ phép', 'Đơn xin nghỉ phép', '2024-08-21 00:00:00', '0', 'Lorem ipsum dolor sit amet. Ut ipsam amet qui optio laudantium est velit perspiciatis qui impedit assumenda. Ad maiores galisum sit quis itaque sed voluptatum beatae! ');
INSERT INTO Request (RequestID, EmpID, NguoiGui, Loai, TieuDe, NgayGui, TrangThai, NoiDung) VALUES ('108', '9', 'Jim Martin', 'Nghỉ phép', 'Đơn xin nghỉ phép', '2024-08-08 00:00:00', '0', 'Lorem ipsum dolor sit amet. Ut ipsam amet qui optio laudantium est velit perspiciatis qui impedit assumenda. Ad maiores galisum sit quis itaque sed voluptatum beatae! ');
INSERT INTO Request (RequestID, EmpID, NguoiGui, Loai, TieuDe, NgayGui, NgayXuLy, TrangThai, NoiDung, PhanHoi) VALUES ('109', '15', 'Richard L. Anderson', 'Nghỉ phép', 'Đơn xin nghỉ phép', '2024-08-16 00:00:00', '2024-08-16 00:00:00', '1', 'Lorem ipsum dolor sit amet. Ut ipsam amet qui optio laudantium est velit perspiciatis qui impedit assumenda. Ad maiores galisum sit quis itaque sed voluptatum beatae! ', 'Lorem ipsum dolor sit amet. Ut ipsam amet qui optio laudantium est velit perspiciatis qui impedit assumenda. Ad maiores galisum sit quis itaque sed voluptatum beatae! ');
INSERT INTO Request (RequestID, EmpID, NguoiGui, Loai, TieuDe, NgayGui, NgayXuLy, TrangThai, NoiDung, PhanHoi) VALUES ('110', '15', 'Richard L. Anderson', 'From home', 'Đơn xin làm việc tại nhà', '2024-07-21 00:00:00', '2024-07-21 00:00:00', '1', 'Lorem ipsum dolor sit amet. Ut ipsam amet qui optio laudantium est velit perspiciatis qui impedit assumenda. Ad maiores galisum sit quis itaque sed voluptatum beatae! ', 'Lorem ipsum dolor sit amet. Ut ipsam amet qui optio laudantium est velit perspiciatis qui impedit assumenda. Ad maiores galisum sit quis itaque sed voluptatum beatae! ');
INSERT INTO Request (RequestID, EmpID, NguoiGui, Loai, TieuDe, NgayGui, NgayXuLy, TrangThai, NoiDung, PhanHoi) VALUES ('111', '5', 'Devin Lear', 'From home', 'Đơn xin làm việc tại nhà', '2024-08-03 00:00:00', '2024-08-03 00:00:00', '1', 'Lorem ipsum dolor sit amet. Ut ipsam amet qui optio laudantium est velit perspiciatis qui impedit assumenda. Ad maiores galisum sit quis itaque sed voluptatum beatae! ', 'Lorem ipsum dolor sit amet. Ut ipsam amet qui optio laudantium est velit perspiciatis qui impedit assumenda. Ad maiores galisum sit quis itaque sed voluptatum beatae! ');
INSERT INTO Request (RequestID, EmpID, NguoiGui, Loai, TieuDe, NgayGui, TrangThai, NoiDung) VALUES ('112', '4', 'Tara Applewhite', 'Nghỉ phép', 'Đơn xin nghỉ phép', '2024-07-12 00:00:00', '0', 'Lorem ipsum dolor sit amet. Ut ipsam amet qui optio laudantium est velit perspiciatis qui impedit assumenda. Ad maiores galisum sit quis itaque sed voluptatum beatae! ');
INSERT INTO Request (RequestID, EmpID, NguoiGui, Loai, TieuDe, NgayGui, NgayXuLy, TrangThai, NoiDung, PhanHoi) VALUES ('113', '6', 'Lucile Sexton', 'Nghỉ phép', 'Đơn xin nghỉ phép', '2024-07-31 00:00:00', '2024-07-31 00:00:00', '1', 'Lorem ipsum dolor sit amet. Ut ipsam amet qui optio laudantium est velit perspiciatis qui impedit assumenda. Ad maiores galisum sit quis itaque sed voluptatum beatae! ', 'Lorem ipsum dolor sit amet. Ut ipsam amet qui optio laudantium est velit perspiciatis qui impedit assumenda. Ad maiores galisum sit quis itaque sed voluptatum beatae! ');
INSERT INTO Request (RequestID, EmpID, NguoiGui, Loai, TieuDe, NgayGui, NgayXuLy, TrangThai, NoiDung, PhanHoi) VALUES ('114', '9', 'Jim Martin', 'From home', 'Đơn xin làm việc tại nhà', '2024-07-13 00:00:00', '2024-07-13 00:00:00', '1', 'Lorem ipsum dolor sit amet. Ut ipsam amet qui optio laudantium est velit perspiciatis qui impedit assumenda. Ad maiores galisum sit quis itaque sed voluptatum beatae! ', 'Lorem ipsum dolor sit amet. Ut ipsam amet qui optio laudantium est velit perspiciatis qui impedit assumenda. Ad maiores galisum sit quis itaque sed voluptatum beatae! ');
INSERT INTO Request (RequestID, EmpID, NguoiGui, Loai, TieuDe, NgayGui, TrangThai, NoiDung) VALUES ('115', '8', 'Terry Gross', 'From home', 'Đơn xin làm việc tại nhà', '2024-08-17 00:00:00', '0', 'Lorem ipsum dolor sit amet. Ut ipsam amet qui optio laudantium est velit perspiciatis qui impedit assumenda. Ad maiores galisum sit quis itaque sed voluptatum beatae! ');
INSERT INTO Request (RequestID, EmpID, NguoiGui, Loai, TieuDe, NgayGui, NgayXuLy, TrangThai, NoiDung, PhanHoi) VALUES ('116', '12', 'Joel Thomas', 'Nghỉ phép', 'Đơn xin nghỉ phép', '2024-08-28 00:00:00', '2024-08-28 00:00:00', '1', 'Lorem ipsum dolor sit amet. Ut ipsam amet qui optio laudantium est velit perspiciatis qui impedit assumenda. Ad maiores galisum sit quis itaque sed voluptatum beatae! ', 'Lorem ipsum dolor sit amet. Ut ipsam amet qui optio laudantium est velit perspiciatis qui impedit assumenda. Ad maiores galisum sit quis itaque sed voluptatum beatae! ');
INSERT INTO Request (RequestID, EmpID, NguoiGui, Loai, TieuDe, NgayGui, TrangThai, NoiDung) VALUES ('117', '11', 'Nancy Garcia', 'From home', 'Đơn xin làm việc tại nhà', '2024-08-07 00:00:00', '0', 'Lorem ipsum dolor sit amet. Ut ipsam amet qui optio laudantium est velit perspiciatis qui impedit assumenda. Ad maiores galisum sit quis itaque sed voluptatum beatae! ');
INSERT INTO Request (RequestID, EmpID, NguoiGui, Loai, TieuDe, NgayGui, NgayXuLy, TrangThai, NoiDung, PhanHoi) VALUES ('118', '4', 'Tara Applewhite', 'Nghỉ phép', 'Đơn xin nghỉ phép', '2024-08-17 00:00:00', '2024-08-17 00:00:00', '1', 'Lorem ipsum dolor sit amet. Ut ipsam amet qui optio laudantium est velit perspiciatis qui impedit assumenda. Ad maiores galisum sit quis itaque sed voluptatum beatae! ', 'Lorem ipsum dolor sit amet. Ut ipsam amet qui optio laudantium est velit perspiciatis qui impedit assumenda. Ad maiores galisum sit quis itaque sed voluptatum beatae! ');
INSERT INTO Request (RequestID, EmpID, NguoiGui, Loai, TieuDe, NgayGui, NgayXuLy, TrangThai, NoiDung, PhanHoi) VALUES ('119', '1', 'Bông Bông', 'Nghỉ phép', 'Đơn xin nghỉ phép', '2024-08-31 00:00:00', '2024-08-31 00:00:00', '1', 'Lorem ipsum dolor sit amet. Ut ipsam amet qui optio laudantium est velit perspiciatis qui impedit assumenda. Ad maiores galisum sit quis itaque sed voluptatum beatae! ', 'Lorem ipsum dolor sit amet. Ut ipsam amet qui optio laudantium est velit perspiciatis qui impedit assumenda. Ad maiores galisum sit quis itaque sed voluptatum beatae! ');
INSERT INTO Request (RequestID, EmpID, NguoiGui, Loai, TieuDe, NgayGui, TrangThai, NoiDung) VALUES ('120', '13', 'Alan Ruley', 'From home', 'Đơn xin làm việc tại nhà', '2024-07-01 00:00:00', '0', 'Lorem ipsum dolor sit amet. Ut ipsam amet qui optio laudantium est velit perspiciatis qui impedit assumenda. Ad maiores galisum sit quis itaque sed voluptatum beatae! ');
INSERT INTO Request (RequestID, EmpID, NguoiGui, Loai, TieuDe, NgayGui, TrangThai, NoiDung) VALUES ('121', '12', 'Joel Thomas', 'From home', 'Đơn xin làm việc tại nhà', '2024-08-13 00:00:00', '0', 'Lorem ipsum dolor sit amet. Ut ipsam amet qui optio laudantium est velit perspiciatis qui impedit assumenda. Ad maiores galisum sit quis itaque sed voluptatum beatae! ');
INSERT INTO Request (RequestID, EmpID, NguoiGui, Loai, TieuDe, NgayGui, NgayXuLy, TrangThai, NoiDung, PhanHoi) VALUES ('122', '13', 'Alan Ruley', 'Nghỉ phép', 'Đơn xin nghỉ phép', '2024-07-11 00:00:00', '2024-07-11 00:00:00', '1', 'Lorem ipsum dolor sit amet. Ut ipsam amet qui optio laudantium est velit perspiciatis qui impedit assumenda. Ad maiores galisum sit quis itaque sed voluptatum beatae! ', 'Lorem ipsum dolor sit amet. Ut ipsam amet qui optio laudantium est velit perspiciatis qui impedit assumenda. Ad maiores galisum sit quis itaque sed voluptatum beatae! ');
INSERT INTO Request (RequestID, EmpID, NguoiGui, Loai, TieuDe, NgayGui, TrangThai, NoiDung) VALUES ('123', '8', 'Terry Gross', 'Nghỉ phép', 'Đơn xin nghỉ phép', '2024-08-06 00:00:00', '0', 'Lorem ipsum dolor sit amet. Ut ipsam amet qui optio laudantium est velit perspiciatis qui impedit assumenda. Ad maiores galisum sit quis itaque sed voluptatum beatae! ');
INSERT INTO Request (RequestID, EmpID, NguoiGui, Loai, TieuDe, NgayGui, TrangThai, NoiDung) VALUES ('124', '10', 'Kathy Weatherby', 'Nghỉ phép', 'Đơn xin nghỉ phép', '2024-07-14 00:00:00', '0', 'Lorem ipsum dolor sit amet. Ut ipsam amet qui optio laudantium est velit perspiciatis qui impedit assumenda. Ad maiores galisum sit quis itaque sed voluptatum beatae! ');
INSERT INTO Request (RequestID, EmpID, NguoiGui, Loai, TieuDe, NgayGui, NgayXuLy, TrangThai, NoiDung, PhanHoi) VALUES ('125', '9', 'Jim Martin', 'Nghỉ phép', 'Đơn xin nghỉ phép', '2024-07-02 00:00:00', '2024-07-02 00:00:00', '1', 'Lorem ipsum dolor sit amet. Ut ipsam amet qui optio laudantium est velit perspiciatis qui impedit assumenda. Ad maiores galisum sit quis itaque sed voluptatum beatae! ', 'Lorem ipsum dolor sit amet. Ut ipsam amet qui optio laudantium est velit perspiciatis qui impedit assumenda. Ad maiores galisum sit quis itaque sed voluptatum beatae! ');
INSERT INTO Request (RequestID, EmpID, NguoiGui, Loai, TieuDe, NgayGui, TrangThai, NoiDung) VALUES ('126', '9', 'Jim Martin', 'Nghỉ phép', 'Đơn xin nghỉ phép', '2024-07-03 00:00:00', '0', 'Lorem ipsum dolor sit amet. Ut ipsam amet qui optio laudantium est velit perspiciatis qui impedit assumenda. Ad maiores galisum sit quis itaque sed voluptatum beatae! ');
INSERT INTO Request (RequestID, EmpID, NguoiGui, Loai, TieuDe, NgayGui, TrangThai, NoiDung) VALUES ('127', '9', 'Jim Martin', 'From home', 'Đơn xin làm việc tại nhà', '2024-07-18 00:00:00', '0', 'Lorem ipsum dolor sit amet. Ut ipsam amet qui optio laudantium est velit perspiciatis qui impedit assumenda. Ad maiores galisum sit quis itaque sed voluptatum beatae! ');
INSERT INTO Request (RequestID, EmpID, NguoiGui, Loai, TieuDe, NgayGui, NgayXuLy, TrangThai, NoiDung, PhanHoi) VALUES ('128', '5', 'Devin Lear', 'From home', 'Đơn xin làm việc tại nhà', '2024-07-03 00:00:00', '2024-07-03 00:00:00', '1', 'Lorem ipsum dolor sit amet. Ut ipsam amet qui optio laudantium est velit perspiciatis qui impedit assumenda. Ad maiores galisum sit quis itaque sed voluptatum beatae! ', 'Lorem ipsum dolor sit amet. Ut ipsam amet qui optio laudantium est velit perspiciatis qui impedit assumenda. Ad maiores galisum sit quis itaque sed voluptatum beatae! ');
INSERT INTO Request (RequestID, EmpID, NguoiGui, Loai, TieuDe, NgayGui, NgayXuLy, TrangThai, NoiDung, PhanHoi) VALUES ('129', '4', 'Tara Applewhite', 'Nghỉ phép', 'Đơn xin nghỉ phép', '2024-07-27 00:00:00', '2024-07-27 00:00:00', '1', 'Lorem ipsum dolor sit amet. Ut ipsam amet qui optio laudantium est velit perspiciatis qui impedit assumenda. Ad maiores galisum sit quis itaque sed voluptatum beatae! ', 'Lorem ipsum dolor sit amet. Ut ipsam amet qui optio laudantium est velit perspiciatis qui impedit assumenda. Ad maiores galisum sit quis itaque sed voluptatum beatae! ');
INSERT INTO Request (RequestID, EmpID, NguoiGui, Loai, TieuDe, NgayGui, NgayXuLy, TrangThai, NoiDung, PhanHoi) VALUES ('130', '5', 'Devin Lear', 'Nghỉ phép', 'Đơn xin nghỉ phép', '2024-08-02 00:00:00', '2024-08-02 00:00:00', '1', 'Lorem ipsum dolor sit amet. Ut ipsam amet qui optio laudantium est velit perspiciatis qui impedit assumenda. Ad maiores galisum sit quis itaque sed voluptatum beatae! ', 'Lorem ipsum dolor sit amet. Ut ipsam amet qui optio laudantium est velit perspiciatis qui impedit assumenda. Ad maiores galisum sit quis itaque sed voluptatum beatae! ');
INSERT INTO Request (RequestID, EmpID, NguoiGui, Loai, TieuDe, NgayGui, NgayXuLy, TrangThai, NoiDung, PhanHoi) VALUES ('131', '9', 'Jim Martin', 'From home', 'Đơn xin làm việc tại nhà', '2024-08-21 00:00:00', '2024-08-21 00:00:00', '1', 'Lorem ipsum dolor sit amet. Ut ipsam amet qui optio laudantium est velit perspiciatis qui impedit assumenda. Ad maiores galisum sit quis itaque sed voluptatum beatae! ', 'Lorem ipsum dolor sit amet. Ut ipsam amet qui optio laudantium est velit perspiciatis qui impedit assumenda. Ad maiores galisum sit quis itaque sed voluptatum beatae! ');
INSERT INTO Request (RequestID, EmpID, NguoiGui, Loai, TieuDe, NgayGui, TrangThai, NoiDung) VALUES ('132', '10', 'Kathy Weatherby', 'Nghỉ phép', 'Đơn xin nghỉ phép', '2024-08-26 00:00:00', '0', 'Lorem ipsum dolor sit amet. Ut ipsam amet qui optio laudantium est velit perspiciatis qui impedit assumenda. Ad maiores galisum sit quis itaque sed voluptatum beatae! ');
INSERT INTO Request (RequestID, EmpID, NguoiGui, Loai, TieuDe, NgayGui, TrangThai, NoiDung) VALUES ('133', '1', 'Bông Bông', 'Nghỉ phép', 'Đơn xin nghỉ phép', '2024-07-15 00:00:00', '0', 'Lorem ipsum dolor sit amet. Ut ipsam amet qui optio laudantium est velit perspiciatis qui impedit assumenda. Ad maiores galisum sit quis itaque sed voluptatum beatae! ');
INSERT INTO Request (RequestID, EmpID, NguoiGui, Loai, TieuDe, NgayGui, TrangThai, NoiDung) VALUES ('134', '15', 'Richard L. Anderson', 'Nghỉ phép', 'Đơn xin nghỉ phép', '2024-07-21 00:00:00', '0', 'Lorem ipsum dolor sit amet. Ut ipsam amet qui optio laudantium est velit perspiciatis qui impedit assumenda. Ad maiores galisum sit quis itaque sed voluptatum beatae! ');
INSERT INTO Request (RequestID, EmpID, NguoiGui, Loai, TieuDe, NgayGui, NgayXuLy, TrangThai, NoiDung, PhanHoi) VALUES ('135', '10', 'Kathy Weatherby', 'Nghỉ phép', 'Đơn xin nghỉ phép', '2024-08-18 00:00:00', '2024-08-18 00:00:00', '1', 'Lorem ipsum dolor sit amet. Ut ipsam amet qui optio laudantium est velit perspiciatis qui impedit assumenda. Ad maiores galisum sit quis itaque sed voluptatum beatae! ', 'Lorem ipsum dolor sit amet. Ut ipsam amet qui optio laudantium est velit perspiciatis qui impedit assumenda. Ad maiores galisum sit quis itaque sed voluptatum beatae! ');
INSERT INTO Request (RequestID, EmpID, NguoiGui, Loai, TieuDe, NgayGui, NgayXuLy, TrangThai, NoiDung, PhanHoi) VALUES ('136', '12', 'Joel Thomas', 'From home', 'Đơn xin làm việc tại nhà', '2024-07-23 00:00:00', '2024-07-23 00:00:00', '1', 'Lorem ipsum dolor sit amet. Ut ipsam amet qui optio laudantium est velit perspiciatis qui impedit assumenda. Ad maiores galisum sit quis itaque sed voluptatum beatae! ', 'Lorem ipsum dolor sit amet. Ut ipsam amet qui optio laudantium est velit perspiciatis qui impedit assumenda. Ad maiores galisum sit quis itaque sed voluptatum beatae! ');
INSERT INTO Request (RequestID, EmpID, NguoiGui, Loai, TieuDe, NgayGui, TrangThai, NoiDung) VALUES ('137', '11', 'Nancy Garcia', 'Nghỉ phép', 'Đơn xin nghỉ phép', '2024-08-13 00:00:00', '0', 'Lorem ipsum dolor sit amet. Ut ipsam amet qui optio laudantium est velit perspiciatis qui impedit assumenda. Ad maiores galisum sit quis itaque sed voluptatum beatae! ');
INSERT INTO Request (RequestID, EmpID, NguoiGui, Loai, TieuDe, NgayGui, NgayXuLy, TrangThai, NoiDung, PhanHoi) VALUES ('138', '6', 'Lucile Sexton', 'From home', 'Đơn xin làm việc tại nhà', '2024-07-14 00:00:00', '2024-07-14 00:00:00', '1', 'Lorem ipsum dolor sit amet. Ut ipsam amet qui optio laudantium est velit perspiciatis qui impedit assumenda. Ad maiores galisum sit quis itaque sed voluptatum beatae! ', 'Lorem ipsum dolor sit amet. Ut ipsam amet qui optio laudantium est velit perspiciatis qui impedit assumenda. Ad maiores galisum sit quis itaque sed voluptatum beatae! ');
INSERT INTO Request (RequestID, EmpID, NguoiGui, Loai, TieuDe, NgayGui, TrangThai, NoiDung) VALUES ('139', '12', 'Joel Thomas', 'Nghỉ phép', 'Đơn xin nghỉ phép', '2024-07-15 00:00:00', '0', 'Lorem ipsum dolor sit amet. Ut ipsam amet qui optio laudantium est velit perspiciatis qui impedit assumenda. Ad maiores galisum sit quis itaque sed voluptatum beatae! ');
INSERT INTO Request (RequestID, EmpID, NguoiGui, Loai, TieuDe, NgayGui, NgayXuLy, TrangThai, NoiDung, PhanHoi) VALUES ('140', '10', 'Kathy Weatherby', 'Nghỉ phép', 'Đơn xin nghỉ phép', '2024-08-09 00:00:00', '2024-08-09 00:00:00', '1', 'Lorem ipsum dolor sit amet. Ut ipsam amet qui optio laudantium est velit perspiciatis qui impedit assumenda. Ad maiores galisum sit quis itaque sed voluptatum beatae! ', 'Lorem ipsum dolor sit amet. Ut ipsam amet qui optio laudantium est velit perspiciatis qui impedit assumenda. Ad maiores galisum sit quis itaque sed voluptatum beatae! ');
INSERT INTO Request (RequestID, EmpID, NguoiGui, Loai, TieuDe, NgayGui, TrangThai, NoiDung) VALUES ('141', '12', 'Joel Thomas', 'Nghỉ phép', 'Đơn xin nghỉ phép', '2024-07-16 00:00:00', '0', 'Lorem ipsum dolor sit amet. Ut ipsam amet qui optio laudantium est velit perspiciatis qui impedit assumenda. Ad maiores galisum sit quis itaque sed voluptatum beatae! ');
INSERT INTO Request (RequestID, EmpID, NguoiGui, Loai, TieuDe, NgayGui, TrangThai, NoiDung) VALUES ('142', '5', 'Devin Lear', 'From home', 'Đơn xin làm việc tại nhà', '2024-08-02 00:00:00', '0', 'Lorem ipsum dolor sit amet. Ut ipsam amet qui optio laudantium est velit perspiciatis qui impedit assumenda. Ad maiores galisum sit quis itaque sed voluptatum beatae! ');
INSERT INTO Request (RequestID, EmpID, NguoiGui, Loai, TieuDe, NgayGui, NgayXuLy, TrangThai, NoiDung, PhanHoi) VALUES ('143', '10', 'Kathy Weatherby', 'Nghỉ phép', 'Đơn xin nghỉ phép', '2024-08-20 00:00:00', '2024-08-20 00:00:00', '1', 'Lorem ipsum dolor sit amet. Ut ipsam amet qui optio laudantium est velit perspiciatis qui impedit assumenda. Ad maiores galisum sit quis itaque sed voluptatum beatae! ', 'Lorem ipsum dolor sit amet. Ut ipsam amet qui optio laudantium est velit perspiciatis qui impedit assumenda. Ad maiores galisum sit quis itaque sed voluptatum beatae! ');
INSERT INTO Request (RequestID, EmpID, NguoiGui, Loai, TieuDe, NgayGui, NgayXuLy, TrangThai, NoiDung, PhanHoi) VALUES ('144', '13', 'Alan Ruley', 'Nghỉ phép', 'Đơn xin nghỉ phép', '2024-07-16 00:00:00', '2024-07-16 00:00:00', '1', 'Lorem ipsum dolor sit amet. Ut ipsam amet qui optio laudantium est velit perspiciatis qui impedit assumenda. Ad maiores galisum sit quis itaque sed voluptatum beatae! ', 'Lorem ipsum dolor sit amet. Ut ipsam amet qui optio laudantium est velit perspiciatis qui impedit assumenda. Ad maiores galisum sit quis itaque sed voluptatum beatae! ');
INSERT INTO Request (RequestID, EmpID, NguoiGui, Loai, TieuDe, NgayGui, NgayXuLy, TrangThai, NoiDung, PhanHoi) VALUES ('145', '10', 'Kathy Weatherby', 'Nghỉ phép', 'Đơn xin nghỉ phép', '2024-07-19 00:00:00', '2024-07-19 00:00:00', '1', 'Lorem ipsum dolor sit amet. Ut ipsam amet qui optio laudantium est velit perspiciatis qui impedit assumenda. Ad maiores galisum sit quis itaque sed voluptatum beatae! ', 'Lorem ipsum dolor sit amet. Ut ipsam amet qui optio laudantium est velit perspiciatis qui impedit assumenda. Ad maiores galisum sit quis itaque sed voluptatum beatae! ');
INSERT INTO Request (RequestID, EmpID, NguoiGui, Loai, TieuDe, NgayGui, NgayXuLy, TrangThai, NoiDung, PhanHoi) VALUES ('146', '1', 'Bông Bông', 'From home', 'Đơn xin làm việc tại nhà', '2024-07-05 00:00:00', '2024-07-05 00:00:00', '1', 'Lorem ipsum dolor sit amet. Ut ipsam amet qui optio laudantium est velit perspiciatis qui impedit assumenda. Ad maiores galisum sit quis itaque sed voluptatum beatae! ', 'Lorem ipsum dolor sit amet. Ut ipsam amet qui optio laudantium est velit perspiciatis qui impedit assumenda. Ad maiores galisum sit quis itaque sed voluptatum beatae! ');
INSERT INTO Request (RequestID, EmpID, NguoiGui, Loai, TieuDe, NgayGui, TrangThai, NoiDung) VALUES ('147', '1', 'Bông Bông', 'Nghỉ phép', 'Đơn xin nghỉ phép', '2024-07-12 00:00:00', '0', 'Lorem ipsum dolor sit amet. Ut ipsam amet qui optio laudantium est velit perspiciatis qui impedit assumenda. Ad maiores galisum sit quis itaque sed voluptatum beatae! ');
INSERT INTO Request (RequestID, EmpID, NguoiGui, Loai, TieuDe, NgayGui, NgayXuLy, TrangThai, NoiDung, PhanHoi) VALUES ('148', '1', 'Bông Bông', 'Nghỉ phép', 'Đơn xin nghỉ phép', '2024-07-23 00:00:00', '2024-07-23 00:00:00', '1', 'Lorem ipsum dolor sit amet. Ut ipsam amet qui optio laudantium est velit perspiciatis qui impedit assumenda. Ad maiores galisum sit quis itaque sed voluptatum beatae! ', 'Lorem ipsum dolor sit amet. Ut ipsam amet qui optio laudantium est velit perspiciatis qui impedit assumenda. Ad maiores galisum sit quis itaque sed voluptatum beatae! ');
INSERT INTO Request (RequestID, EmpID, NguoiGui, Loai, TieuDe, NgayGui, NgayXuLy, TrangThai, NoiDung, PhanHoi) VALUES ('149', '4', 'Tara Applewhite', 'From home', 'Đơn xin làm việc tại nhà', '2024-07-11 00:00:00', '2024-07-11 00:00:00', '1', 'Lorem ipsum dolor sit amet. Ut ipsam amet qui optio laudantium est velit perspiciatis qui impedit assumenda. Ad maiores galisum sit quis itaque sed voluptatum beatae! ', 'Lorem ipsum dolor sit amet. Ut ipsam amet qui optio laudantium est velit perspiciatis qui impedit assumenda. Ad maiores galisum sit quis itaque sed voluptatum beatae! ');
INSERT INTO Request (RequestID, EmpID, NguoiGui, Loai, TieuDe, NgayGui, TrangThai, NoiDung) VALUES ('150', '8', 'Terry Gross', 'Nghỉ phép', 'Đơn xin nghỉ phép', '2024-07-07 00:00:00', '0', 'Lorem ipsum dolor sit amet. Ut ipsam amet qui optio laudantium est velit perspiciatis qui impedit assumenda. Ad maiores galisum sit quis itaque sed voluptatum beatae! ');
INSERT INTO Request (RequestID, EmpID, NguoiGui, Loai, TieuDe, NgayGui, NgayXuLy, TrangThai, NoiDung, PhanHoi) VALUES ('151', '8', 'Terry Gross', 'Nghỉ phép', 'Đơn xin nghỉ phép', '2024-07-17 00:00:00', '2024-07-17 00:00:00', '1', 'Lorem ipsum dolor sit amet. Ut ipsam amet qui optio laudantium est velit perspiciatis qui impedit assumenda. Ad maiores galisum sit quis itaque sed voluptatum beatae! ', 'Lorem ipsum dolor sit amet. Ut ipsam amet qui optio laudantium est velit perspiciatis qui impedit assumenda. Ad maiores galisum sit quis itaque sed voluptatum beatae! ');
INSERT INTO Request (RequestID, EmpID, NguoiGui, Loai, TieuDe, NgayGui, TrangThai, NoiDung) VALUES ('152', '9', 'Jim Martin', 'From home', 'Đơn xin làm việc tại nhà', '2024-07-01 00:00:00', '0', 'Lorem ipsum dolor sit amet. Ut ipsam amet qui optio laudantium est velit perspiciatis qui impedit assumenda. Ad maiores galisum sit quis itaque sed voluptatum beatae! ');
INSERT INTO Request (RequestID, EmpID, NguoiGui, Loai, TieuDe, NgayGui, TrangThai, NoiDung) VALUES ('153', '10', 'Kathy Weatherby', 'Nghỉ phép', 'Đơn xin nghỉ phép', '2024-08-09 00:00:00', '0', 'Lorem ipsum dolor sit amet. Ut ipsam amet qui optio laudantium est velit perspiciatis qui impedit assumenda. Ad maiores galisum sit quis itaque sed voluptatum beatae! ');
INSERT INTO Request (RequestID, EmpID, NguoiGui, Loai, TieuDe, NgayGui, TrangThai, NoiDung) VALUES ('154', '8', 'Terry Gross', 'From home', 'Đơn xin làm việc tại nhà', '2024-07-28 00:00:00', '0', 'Lorem ipsum dolor sit amet. Ut ipsam amet qui optio laudantium est velit perspiciatis qui impedit assumenda. Ad maiores galisum sit quis itaque sed voluptatum beatae! ');
INSERT INTO Request (RequestID, EmpID, NguoiGui, Loai, TieuDe, NgayGui, TrangThai, NoiDung) VALUES ('155', '9', 'Jim Martin', 'Nghỉ phép', 'Đơn xin nghỉ phép', '2024-07-30 00:00:00', '0', 'Lorem ipsum dolor sit amet. Ut ipsam amet qui optio laudantium est velit perspiciatis qui impedit assumenda. Ad maiores galisum sit quis itaque sed voluptatum beatae! ');
INSERT INTO Request (RequestID, EmpID, NguoiGui, Loai, TieuDe, NgayGui, NgayXuLy, TrangThai, NoiDung, PhanHoi) VALUES ('156', '10', 'Kathy Weatherby', 'Nghỉ phép', 'Đơn xin nghỉ phép', '2024-07-13 00:00:00', '2024-07-13 00:00:00', '1', 'Lorem ipsum dolor sit amet. Ut ipsam amet qui optio laudantium est velit perspiciatis qui impedit assumenda. Ad maiores galisum sit quis itaque sed voluptatum beatae! ', 'Lorem ipsum dolor sit amet. Ut ipsam amet qui optio laudantium est velit perspiciatis qui impedit assumenda. Ad maiores galisum sit quis itaque sed voluptatum beatae! ');
INSERT INTO Request (RequestID, EmpID, NguoiGui, Loai, TieuDe, NgayGui, NgayXuLy, TrangThai, NoiDung, PhanHoi) VALUES ('157', '9', 'Jim Martin', 'From home', 'Đơn xin làm việc tại nhà', '2024-07-31 00:00:00', '2024-07-31 00:00:00', '1', 'Lorem ipsum dolor sit amet. Ut ipsam amet qui optio laudantium est velit perspiciatis qui impedit assumenda. Ad maiores galisum sit quis itaque sed voluptatum beatae! ', 'Lorem ipsum dolor sit amet. Ut ipsam amet qui optio laudantium est velit perspiciatis qui impedit assumenda. Ad maiores galisum sit quis itaque sed voluptatum beatae! ');
INSERT INTO Request (RequestID, EmpID, NguoiGui, Loai, TieuDe, NgayGui, NgayXuLy, TrangThai, NoiDung, PhanHoi) VALUES ('158', '10', 'Kathy Weatherby', 'Nghỉ phép', 'Đơn xin nghỉ phép', '2024-07-10 00:00:00', '2024-07-10 00:00:00', '1', 'Lorem ipsum dolor sit amet. Ut ipsam amet qui optio laudantium est velit perspiciatis qui impedit assumenda. Ad maiores galisum sit quis itaque sed voluptatum beatae! ', 'Lorem ipsum dolor sit amet. Ut ipsam amet qui optio laudantium est velit perspiciatis qui impedit assumenda. Ad maiores galisum sit quis itaque sed voluptatum beatae! ');
INSERT INTO Request (RequestID, EmpID, NguoiGui, Loai, TieuDe, NgayGui, TrangThai, NoiDung) VALUES ('159', '15', 'Richard L. Anderson', 'From home', 'Đơn xin làm việc tại nhà', '2024-07-12 00:00:00', '0', 'Lorem ipsum dolor sit amet. Ut ipsam amet qui optio laudantium est velit perspiciatis qui impedit assumenda. Ad maiores galisum sit quis itaque sed voluptatum beatae! ');
INSERT INTO Request (RequestID, EmpID, NguoiGui, Loai, TieuDe, NgayGui, TrangThai, NoiDung) VALUES ('160', '15', 'Richard L. Anderson', 'From home', 'Đơn xin làm việc tại nhà', '2024-07-29 00:00:00', '0', 'Lorem ipsum dolor sit amet. Ut ipsam amet qui optio laudantium est velit perspiciatis qui impedit assumenda. Ad maiores galisum sit quis itaque sed voluptatum beatae! ');
INSERT INTO Request (RequestID, EmpID, NguoiGui, Loai, TieuDe, NgayGui, TrangThai, NoiDung) VALUES ('161', '1', 'Bông Bông', 'Nghỉ phép', 'Đơn xin nghỉ phép', '2024-08-22 00:00:00', '0', 'Lorem ipsum dolor sit amet. Ut ipsam amet qui optio laudantium est velit perspiciatis qui impedit assumenda. Ad maiores galisum sit quis itaque sed voluptatum beatae! ');
INSERT INTO Request (RequestID, EmpID, NguoiGui, Loai, TieuDe, NgayGui, NgayXuLy, TrangThai, NoiDung, PhanHoi) VALUES ('162', '13', 'Alan Ruley', 'Nghỉ phép', 'Đơn xin nghỉ phép', '2024-08-24 00:00:00', '2024-08-24 00:00:00', '1', 'Lorem ipsum dolor sit amet. Ut ipsam amet qui optio laudantium est velit perspiciatis qui impedit assumenda. Ad maiores galisum sit quis itaque sed voluptatum beatae! ', 'Lorem ipsum dolor sit amet. Ut ipsam amet qui optio laudantium est velit perspiciatis qui impedit assumenda. Ad maiores galisum sit quis itaque sed voluptatum beatae! ');
INSERT INTO Request (RequestID, EmpID, NguoiGui, Loai, TieuDe, NgayGui, NgayXuLy, TrangThai, NoiDung, PhanHoi) VALUES ('163', '9', 'Jim Martin', 'Nghỉ phép', 'Đơn xin nghỉ phép', '2024-08-14 00:00:00', '2024-08-14 00:00:00', '1', 'Lorem ipsum dolor sit amet. Ut ipsam amet qui optio laudantium est velit perspiciatis qui impedit assumenda. Ad maiores galisum sit quis itaque sed voluptatum beatae! ', 'Lorem ipsum dolor sit amet. Ut ipsam amet qui optio laudantium est velit perspiciatis qui impedit assumenda. Ad maiores galisum sit quis itaque sed voluptatum beatae! ');
INSERT INTO Request (RequestID, EmpID, NguoiGui, Loai, TieuDe, NgayGui, TrangThai, NoiDung) VALUES ('164', '9', 'Jim Martin', 'Nghỉ phép', 'Đơn xin nghỉ phép', '2024-07-26 00:00:00', '0', 'Lorem ipsum dolor sit amet. Ut ipsam amet qui optio laudantium est velit perspiciatis qui impedit assumenda. Ad maiores galisum sit quis itaque sed voluptatum beatae! ');
INSERT INTO Request (RequestID, EmpID, NguoiGui, Loai, TieuDe, NgayGui, TrangThai, NoiDung) VALUES ('165', '8', 'Terry Gross', 'Nghỉ phép', 'Đơn xin nghỉ phép', '2024-08-08 00:00:00', '0', 'Lorem ipsum dolor sit amet. Ut ipsam amet qui optio laudantium est velit perspiciatis qui impedit assumenda. Ad maiores galisum sit quis itaque sed voluptatum beatae! ');
INSERT INTO Request (RequestID, EmpID, NguoiGui, Loai, TieuDe, NgayGui, NgayXuLy, TrangThai, NoiDung, PhanHoi) VALUES ('166', '6', 'Lucile Sexton', 'From home', 'Đơn xin làm việc tại nhà', '2024-07-18 00:00:00', '2024-07-18 00:00:00', '1', 'Lorem ipsum dolor sit amet. Ut ipsam amet qui optio laudantium est velit perspiciatis qui impedit assumenda. Ad maiores galisum sit quis itaque sed voluptatum beatae! ', 'Lorem ipsum dolor sit amet. Ut ipsam amet qui optio laudantium est velit perspiciatis qui impedit assumenda. Ad maiores galisum sit quis itaque sed voluptatum beatae! ');
INSERT INTO Request (RequestID, EmpID, NguoiGui, Loai, TieuDe, NgayGui, TrangThai, NoiDung) VALUES ('167', '11', 'Nancy Garcia', 'From home', 'Đơn xin làm việc tại nhà', '2024-07-09 00:00:00', '0', 'Lorem ipsum dolor sit amet. Ut ipsam amet qui optio laudantium est velit perspiciatis qui impedit assumenda. Ad maiores galisum sit quis itaque sed voluptatum beatae! ');
INSERT INTO Request (RequestID, EmpID, NguoiGui, Loai, TieuDe, NgayGui, NgayXuLy, TrangThai, NoiDung, PhanHoi) VALUES ('168', '13', 'Alan Ruley', 'Nghỉ phép', 'Đơn xin nghỉ phép', '2024-07-25 00:00:00', '2024-07-25 00:00:00', '1', 'Lorem ipsum dolor sit amet. Ut ipsam amet qui optio laudantium est velit perspiciatis qui impedit assumenda. Ad maiores galisum sit quis itaque sed voluptatum beatae! ', 'Lorem ipsum dolor sit amet. Ut ipsam amet qui optio laudantium est velit perspiciatis qui impedit assumenda. Ad maiores galisum sit quis itaque sed voluptatum beatae! ');
INSERT INTO Request (RequestID, EmpID, NguoiGui, Loai, TieuDe, NgayGui, TrangThai, NoiDung) VALUES ('169', '13', 'Alan Ruley', 'From home', 'Đơn xin làm việc tại nhà', '2024-07-05 00:00:00', '0', 'Lorem ipsum dolor sit amet. Ut ipsam amet qui optio laudantium est velit perspiciatis qui impedit assumenda. Ad maiores galisum sit quis itaque sed voluptatum beatae! ');
INSERT INTO Request (RequestID, EmpID, NguoiGui, Loai, TieuDe, NgayGui, NgayXuLy, TrangThai, NoiDung, PhanHoi) VALUES ('170', '15', 'Richard L. Anderson', 'From home', 'Đơn xin làm việc tại nhà', '2024-08-03 00:00:00', '2024-08-03 00:00:00', '1', 'Lorem ipsum dolor sit amet. Ut ipsam amet qui optio laudantium est velit perspiciatis qui impedit assumenda. Ad maiores galisum sit quis itaque sed voluptatum beatae! ', 'Lorem ipsum dolor sit amet. Ut ipsam amet qui optio laudantium est velit perspiciatis qui impedit assumenda. Ad maiores galisum sit quis itaque sed voluptatum beatae! ');
INSERT INTO Request (RequestID, EmpID, NguoiGui, Loai, TieuDe, NgayGui, NgayXuLy, TrangThai, NoiDung, PhanHoi) VALUES ('171', '9', 'Jim Martin', 'From home', 'Đơn xin làm việc tại nhà', '2024-08-02 00:00:00', '2024-08-02 00:00:00', '1', 'Lorem ipsum dolor sit amet. Ut ipsam amet qui optio laudantium est velit perspiciatis qui impedit assumenda. Ad maiores galisum sit quis itaque sed voluptatum beatae! ', 'Lorem ipsum dolor sit amet. Ut ipsam amet qui optio laudantium est velit perspiciatis qui impedit assumenda. Ad maiores galisum sit quis itaque sed voluptatum beatae! ');
INSERT INTO Request (RequestID, EmpID, NguoiGui, Loai, TieuDe, NgayGui, NgayXuLy, TrangThai, NoiDung, PhanHoi) VALUES ('172', '15', 'Richard L. Anderson', 'From home', 'Đơn xin làm việc tại nhà', '2024-08-13 00:00:00', '2024-08-13 00:00:00', '1', 'Lorem ipsum dolor sit amet. Ut ipsam amet qui optio laudantium est velit perspiciatis qui impedit assumenda. Ad maiores galisum sit quis itaque sed voluptatum beatae! ', 'Lorem ipsum dolor sit amet. Ut ipsam amet qui optio laudantium est velit perspiciatis qui impedit assumenda. Ad maiores galisum sit quis itaque sed voluptatum beatae! ');
INSERT INTO Request (RequestID, EmpID, NguoiGui, Loai, TieuDe, NgayGui, TrangThai, NoiDung) VALUES ('173', '10', 'Kathy Weatherby', 'Nghỉ phép', 'Đơn xin nghỉ phép', '2024-07-05 00:00:00', '0', 'Lorem ipsum dolor sit amet. Ut ipsam amet qui optio laudantium est velit perspiciatis qui impedit assumenda. Ad maiores galisum sit quis itaque sed voluptatum beatae! ');
INSERT INTO Request (RequestID, EmpID, NguoiGui, Loai, TieuDe, NgayGui, NgayXuLy, TrangThai, NoiDung, PhanHoi) VALUES ('174', '8', 'Terry Gross', 'From home', 'Đơn xin làm việc tại nhà', '2024-07-25 00:00:00', '2024-07-25 00:00:00', '1', 'Lorem ipsum dolor sit amet. Ut ipsam amet qui optio laudantium est velit perspiciatis qui impedit assumenda. Ad maiores galisum sit quis itaque sed voluptatum beatae! ', 'Lorem ipsum dolor sit amet. Ut ipsam amet qui optio laudantium est velit perspiciatis qui impedit assumenda. Ad maiores galisum sit quis itaque sed voluptatum beatae! ');
INSERT INTO Request (RequestID, EmpID, NguoiGui, Loai, TieuDe, NgayGui, TrangThai, NoiDung) VALUES ('175', '13', 'Alan Ruley', 'Nghỉ phép', 'Đơn xin nghỉ phép', '2024-07-10 00:00:00', '0', 'Lorem ipsum dolor sit amet. Ut ipsam amet qui optio laudantium est velit perspiciatis qui impedit assumenda. Ad maiores galisum sit quis itaque sed voluptatum beatae! ');
INSERT INTO Request (RequestID, EmpID, NguoiGui, Loai, TieuDe, NgayGui, NgayXuLy, TrangThai, NoiDung, PhanHoi) VALUES ('176', '1', 'Bông Bông', 'Nghỉ phép', 'Đơn xin nghỉ phép', '2024-08-09 00:00:00', '2024-08-09 00:00:00', '1', 'Lorem ipsum dolor sit amet. Ut ipsam amet qui optio laudantium est velit perspiciatis qui impedit assumenda. Ad maiores galisum sit quis itaque sed voluptatum beatae! ', 'Lorem ipsum dolor sit amet. Ut ipsam amet qui optio laudantium est velit perspiciatis qui impedit assumenda. Ad maiores galisum sit quis itaque sed voluptatum beatae! ');
INSERT INTO Request (RequestID, EmpID, NguoiGui, Loai, TieuDe, NgayGui, NgayXuLy, TrangThai, NoiDung, PhanHoi) VALUES ('177', '4', 'Tara Applewhite', 'Nghỉ phép', 'Đơn xin nghỉ phép', '2024-07-05 00:00:00', '2024-07-05 00:00:00', '1', 'Lorem ipsum dolor sit amet. Ut ipsam amet qui optio laudantium est velit perspiciatis qui impedit assumenda. Ad maiores galisum sit quis itaque sed voluptatum beatae! ', 'Lorem ipsum dolor sit amet. Ut ipsam amet qui optio laudantium est velit perspiciatis qui impedit assumenda. Ad maiores galisum sit quis itaque sed voluptatum beatae! ');
INSERT INTO Request (RequestID, EmpID, NguoiGui, Loai, TieuDe, NgayGui, NgayXuLy, TrangThai, NoiDung, PhanHoi) VALUES ('178', '12', 'Joel Thomas', 'Nghỉ phép', 'Đơn xin nghỉ phép', '2024-07-14 00:00:00', '2024-07-14 00:00:00', '1', 'Lorem ipsum dolor sit amet. Ut ipsam amet qui optio laudantium est velit perspiciatis qui impedit assumenda. Ad maiores galisum sit quis itaque sed voluptatum beatae! ', 'Lorem ipsum dolor sit amet. Ut ipsam amet qui optio laudantium est velit perspiciatis qui impedit assumenda. Ad maiores galisum sit quis itaque sed voluptatum beatae! ');
INSERT INTO Request (RequestID, EmpID, NguoiGui, Loai, TieuDe, NgayGui, NgayXuLy, TrangThai, NoiDung, PhanHoi) VALUES ('179', '6', 'Lucile Sexton', 'Nghỉ phép', 'Đơn xin nghỉ phép', '2024-07-29 00:00:00', '2024-07-29 00:00:00', '1', 'Lorem ipsum dolor sit amet. Ut ipsam amet qui optio laudantium est velit perspiciatis qui impedit assumenda. Ad maiores galisum sit quis itaque sed voluptatum beatae! ', 'Lorem ipsum dolor sit amet. Ut ipsam amet qui optio laudantium est velit perspiciatis qui impedit assumenda. Ad maiores galisum sit quis itaque sed voluptatum beatae! ');
INSERT INTO Request (RequestID, EmpID, NguoiGui, Loai, TieuDe, NgayGui, NgayXuLy, TrangThai, NoiDung, PhanHoi) VALUES ('180', '9', 'Jim Martin', 'From home', 'Đơn xin làm việc tại nhà', '2024-07-07 00:00:00', '2024-07-07 00:00:00', '1', 'Lorem ipsum dolor sit amet. Ut ipsam amet qui optio laudantium est velit perspiciatis qui impedit assumenda. Ad maiores galisum sit quis itaque sed voluptatum beatae! ', 'Lorem ipsum dolor sit amet. Ut ipsam amet qui optio laudantium est velit perspiciatis qui impedit assumenda. Ad maiores galisum sit quis itaque sed voluptatum beatae! ');
INSERT INTO Request (RequestID, EmpID, NguoiGui, Loai, TieuDe, NgayGui, TrangThai, NoiDung) VALUES ('181', '9', 'Jim Martin', 'Nghỉ phép', 'Đơn xin nghỉ phép', '2024-07-13 00:00:00', '0', 'Lorem ipsum dolor sit amet. Ut ipsam amet qui optio laudantium est velit perspiciatis qui impedit assumenda. Ad maiores galisum sit quis itaque sed voluptatum beatae! ');
INSERT INTO Request (RequestID, EmpID, NguoiGui, Loai, TieuDe, NgayGui, NgayXuLy, TrangThai, NoiDung, PhanHoi) VALUES ('182', '1', 'Bông Bông', 'From home', 'Đơn xin làm việc tại nhà', '2024-07-20 00:00:00', '2024-07-20 00:00:00', '1', 'Lorem ipsum dolor sit amet. Ut ipsam amet qui optio laudantium est velit perspiciatis qui impedit assumenda. Ad maiores galisum sit quis itaque sed voluptatum beatae! ', 'Lorem ipsum dolor sit amet. Ut ipsam amet qui optio laudantium est velit perspiciatis qui impedit assumenda. Ad maiores galisum sit quis itaque sed voluptatum beatae! ');
INSERT INTO Request (RequestID, EmpID, NguoiGui, Loai, TieuDe, NgayGui, NgayXuLy, TrangThai, NoiDung, PhanHoi) VALUES ('183', '15', 'Richard L. Anderson', 'Nghỉ phép', 'Đơn xin nghỉ phép', '2024-08-23 00:00:00', '2024-08-23 00:00:00', '1', 'Lorem ipsum dolor sit amet. Ut ipsam amet qui optio laudantium est velit perspiciatis qui impedit assumenda. Ad maiores galisum sit quis itaque sed voluptatum beatae! ', 'Lorem ipsum dolor sit amet. Ut ipsam amet qui optio laudantium est velit perspiciatis qui impedit assumenda. Ad maiores galisum sit quis itaque sed voluptatum beatae! ');
INSERT INTO Request (RequestID, EmpID, NguoiGui, Loai, TieuDe, NgayGui, TrangThai, NoiDung) VALUES ('184', '4', 'Tara Applewhite', 'Nghỉ phép', 'Đơn xin nghỉ phép', '2024-08-18 00:00:00', '0', 'Lorem ipsum dolor sit amet. Ut ipsam amet qui optio laudantium est velit perspiciatis qui impedit assumenda. Ad maiores galisum sit quis itaque sed voluptatum beatae! ');
INSERT INTO Request (RequestID, EmpID, NguoiGui, Loai, TieuDe, NgayGui, TrangThai, NoiDung) VALUES ('185', '5', 'Devin Lear', 'From home', 'Đơn xin làm việc tại nhà', '2024-07-29 00:00:00', '0', 'Lorem ipsum dolor sit amet. Ut ipsam amet qui optio laudantium est velit perspiciatis qui impedit assumenda. Ad maiores galisum sit quis itaque sed voluptatum beatae! ');
INSERT INTO Request (RequestID, EmpID, NguoiGui, Loai, TieuDe, NgayGui, NgayXuLy, TrangThai, NoiDung, PhanHoi) VALUES ('186', '5', 'Devin Lear', 'From home', 'Đơn xin làm việc tại nhà', '2024-08-03 00:00:00', '2024-08-03 00:00:00', '1', 'Lorem ipsum dolor sit amet. Ut ipsam amet qui optio laudantium est velit perspiciatis qui impedit assumenda. Ad maiores galisum sit quis itaque sed voluptatum beatae! ', 'Lorem ipsum dolor sit amet. Ut ipsam amet qui optio laudantium est velit perspiciatis qui impedit assumenda. Ad maiores galisum sit quis itaque sed voluptatum beatae! ');
INSERT INTO Request (RequestID, EmpID, NguoiGui, Loai, TieuDe, NgayGui, NgayXuLy, TrangThai, NoiDung, PhanHoi) VALUES ('187', '11', 'Nancy Garcia', 'From home', 'Đơn xin làm việc tại nhà', '2024-07-23 00:00:00', '2024-07-23 00:00:00', '1', 'Lorem ipsum dolor sit amet. Ut ipsam amet qui optio laudantium est velit perspiciatis qui impedit assumenda. Ad maiores galisum sit quis itaque sed voluptatum beatae! ', 'Lorem ipsum dolor sit amet. Ut ipsam amet qui optio laudantium est velit perspiciatis qui impedit assumenda. Ad maiores galisum sit quis itaque sed voluptatum beatae! ');
INSERT INTO Request (RequestID, EmpID, NguoiGui, Loai, TieuDe, NgayGui, TrangThai, NoiDung) VALUES ('188', '1', 'Bông Bông', 'Nghỉ phép', 'Đơn xin nghỉ phép', '2024-07-10 00:00:00', '0', 'Lorem ipsum dolor sit amet. Ut ipsam amet qui optio laudantium est velit perspiciatis qui impedit assumenda. Ad maiores galisum sit quis itaque sed voluptatum beatae! ');
INSERT INTO Request (RequestID, EmpID, NguoiGui, Loai, TieuDe, NgayGui, NgayXuLy, TrangThai, NoiDung, PhanHoi) VALUES ('189', '9', 'Jim Martin', 'From home', 'Đơn xin làm việc tại nhà', '2024-07-13 00:00:00', '2024-07-13 00:00:00', '1', 'Lorem ipsum dolor sit amet. Ut ipsam amet qui optio laudantium est velit perspiciatis qui impedit assumenda. Ad maiores galisum sit quis itaque sed voluptatum beatae! ', 'Lorem ipsum dolor sit amet. Ut ipsam amet qui optio laudantium est velit perspiciatis qui impedit assumenda. Ad maiores galisum sit quis itaque sed voluptatum beatae! ');
INSERT INTO Request (RequestID, EmpID, NguoiGui, Loai, TieuDe, NgayGui, NgayXuLy, TrangThai, NoiDung, PhanHoi) VALUES ('190', '12', 'Joel Thomas', 'From home', 'Đơn xin làm việc tại nhà', '2024-08-26 00:00:00', '2024-08-26 00:00:00', '1', 'Lorem ipsum dolor sit amet. Ut ipsam amet qui optio laudantium est velit perspiciatis qui impedit assumenda. Ad maiores galisum sit quis itaque sed voluptatum beatae! ', 'Lorem ipsum dolor sit amet. Ut ipsam amet qui optio laudantium est velit perspiciatis qui impedit assumenda. Ad maiores galisum sit quis itaque sed voluptatum beatae! ');
INSERT INTO Request (RequestID, EmpID, NguoiGui, Loai, TieuDe, NgayGui, TrangThai, NoiDung) VALUES ('191', '9', 'Jim Martin', 'Nghỉ phép', 'Đơn xin nghỉ phép', '2024-07-05 00:00:00', '0', 'Lorem ipsum dolor sit amet. Ut ipsam amet qui optio laudantium est velit perspiciatis qui impedit assumenda. Ad maiores galisum sit quis itaque sed voluptatum beatae! ');
INSERT INTO Request (RequestID, EmpID, NguoiGui, Loai, TieuDe, NgayGui, TrangThai, NoiDung) VALUES ('192', '4', 'Tara Applewhite', 'From home', 'Đơn xin làm việc tại nhà', '2024-08-18 00:00:00', '0', 'Lorem ipsum dolor sit amet. Ut ipsam amet qui optio laudantium est velit perspiciatis qui impedit assumenda. Ad maiores galisum sit quis itaque sed voluptatum beatae! ');
INSERT INTO Request (RequestID, EmpID, NguoiGui, Loai, TieuDe, NgayGui, TrangThai, NoiDung) VALUES ('193', '6', 'Lucile Sexton', 'Nghỉ phép', 'Đơn xin nghỉ phép', '2024-07-07 00:00:00', '0', 'Lorem ipsum dolor sit amet. Ut ipsam amet qui optio laudantium est velit perspiciatis qui impedit assumenda. Ad maiores galisum sit quis itaque sed voluptatum beatae! ');
INSERT INTO Request (RequestID, EmpID, NguoiGui, Loai, TieuDe, NgayGui, NgayXuLy, TrangThai, NoiDung, PhanHoi) VALUES ('194', '15', 'Richard L. Anderson', 'From home', 'Đơn xin làm việc tại nhà', '2024-07-11 00:00:00', '2024-07-11 00:00:00', '1', 'Lorem ipsum dolor sit amet. Ut ipsam amet qui optio laudantium est velit perspiciatis qui impedit assumenda. Ad maiores galisum sit quis itaque sed voluptatum beatae! ', 'Lorem ipsum dolor sit amet. Ut ipsam amet qui optio laudantium est velit perspiciatis qui impedit assumenda. Ad maiores galisum sit quis itaque sed voluptatum beatae! ');
INSERT INTO Request (RequestID, EmpID, NguoiGui, Loai, TieuDe, NgayGui, TrangThai, NoiDung) VALUES ('195', '13', 'Alan Ruley', 'Nghỉ phép', 'Đơn xin nghỉ phép', '2024-07-29 00:00:00', '0', 'Lorem ipsum dolor sit amet. Ut ipsam amet qui optio laudantium est velit perspiciatis qui impedit assumenda. Ad maiores galisum sit quis itaque sed voluptatum beatae! ');
INSERT INTO Request (RequestID, EmpID, NguoiGui, Loai, TieuDe, NgayGui, NgayXuLy, TrangThai, NoiDung, PhanHoi) VALUES ('196', '12', 'Joel Thomas', 'From home', 'Đơn xin làm việc tại nhà', '2024-08-24 00:00:00', '2024-08-24 00:00:00', '1', 'Lorem ipsum dolor sit amet. Ut ipsam amet qui optio laudantium est velit perspiciatis qui impedit assumenda. Ad maiores galisum sit quis itaque sed voluptatum beatae! ', 'Lorem ipsum dolor sit amet. Ut ipsam amet qui optio laudantium est velit perspiciatis qui impedit assumenda. Ad maiores galisum sit quis itaque sed voluptatum beatae! ');
INSERT INTO Request (RequestID, EmpID, NguoiGui, Loai, TieuDe, NgayGui, NgayXuLy, TrangThai, NoiDung, PhanHoi) VALUES ('197', '10', 'Kathy Weatherby', 'Nghỉ phép', 'Đơn xin nghỉ phép', '2024-08-20 00:00:00', '2024-08-20 00:00:00', '1', 'Lorem ipsum dolor sit amet. Ut ipsam amet qui optio laudantium est velit perspiciatis qui impedit assumenda. Ad maiores galisum sit quis itaque sed voluptatum beatae! ', 'Lorem ipsum dolor sit amet. Ut ipsam amet qui optio laudantium est velit perspiciatis qui impedit assumenda. Ad maiores galisum sit quis itaque sed voluptatum beatae! ');
INSERT INTO Request (RequestID, EmpID, NguoiGui, Loai, TieuDe, NgayGui, NgayXuLy, TrangThai, NoiDung, PhanHoi) VALUES ('198', '15', 'Richard L. Anderson', 'From home', 'Đơn xin làm việc tại nhà', '2024-08-15 00:00:00', '2024-08-15 00:00:00', '1', 'Lorem ipsum dolor sit amet. Ut ipsam amet qui optio laudantium est velit perspiciatis qui impedit assumenda. Ad maiores galisum sit quis itaque sed voluptatum beatae! ', 'Lorem ipsum dolor sit amet. Ut ipsam amet qui optio laudantium est velit perspiciatis qui impedit assumenda. Ad maiores galisum sit quis itaque sed voluptatum beatae! ');
INSERT INTO Request (RequestID, EmpID, NguoiGui, Loai, TieuDe, NgayGui, TrangThai, NoiDung) VALUES ('199', '4', 'Tara Applewhite', 'From home', 'Đơn xin làm việc tại nhà', '2024-08-15 00:00:00', '0', 'Lorem ipsum dolor sit amet. Ut ipsam amet qui optio laudantium est velit perspiciatis qui impedit assumenda. Ad maiores galisum sit quis itaque sed voluptatum beatae! ');
INSERT INTO Request (RequestID, EmpID, NguoiGui, Loai, TieuDe, NgayGui, TrangThai, NoiDung) VALUES ('200', '4', 'Tara Applewhite', 'Nghỉ việc', 'Khác', '2024-08-15 00:00:00', '0', 'Lorem ipsum dolor sit amet. Ut ipsam amet qui optio laudantium est velit perspiciatis qui impedit assumenda. Ad maiores galisum sit quis itaque sed voluptatum beatae! ');


INSERT INTO Assignment (EmpID, ProjectID, Date_start_assignment, Date_end_assignment, Hours, Content, Point, Documents)
VALUES
(1, 'PJ1', '2024-08-18', '2024-08-18', 160, 'Nghiên cứu API', 30, 'Nghiên cứu API'),
(2, 'PJ1', '2024-08-27', '2024-08-27', 170, 'Thiết kế Web', 20, 'Thiết kế Web'),
(4, 'PJ1', '2024-07-23', '2024-07-23', 160, 'Nghiên cứu ODI', 30, 'Nghiên cứu ODI'),
(5, 'PJ2', '2024-08-13', '2024-08-13', 25, 'Nghiên cứu NoSQL', 15, 'Nghiên cứu NoSQL'),
(6, 'PJ4', '2024-08-13', '2024-08-13', 250, 'Nghiên cứu NoSQL', 15, 'Nghiên cứu NoSQL'),
(7, 'PJ2', '2024-08-27', '2024-08-27', 50, 'Thiết kế Web', 20, 'Thiết kế Web'),
(8, 'PJ3', '2024-07-23', '2024-07-23', 110, 'Nghiên cứu ODI', 30, 'Nghiên cứu ODI'),
(9, 'PJ5', '2024-08-13', '2024-08-13', 50, 'Nghiên cứu NoSQL', 15, 'Nghiên cứu NoSQL'),
(10, 'PJ2', '2024-08-20', '2024-08-20', 15, 'Nghiên cứu PHP', 25, 'Nghiên cứu PHP'),
(11, 'PJ3', '2024-07-23', '2024-07-23', 100, 'Nghiên cứu ODI', 30, 'Nghiên cứu ODI'),
(12, 'PJ4', '2024-08-18', '2024-08-18', 150, 'Nghiên cứu API', 30, 'Nghiên cứu API'),
(13, 'PJ2', '2024-08-20', '2024-08-20', 25, 'Nghiên cứu PHP', 25, 'Nghiên cứu PHP'),
(14, 'PJ5', '2024-08-27', '2024-08-27', 100, 'Thiết kế Web', 20, 'Thiết kế Web'),
(15, 'PJ2', '2024-08-20', '2024-08-20', 25, 'Nghiên cứu PHP', 25, 'Nghiên cứu PHP'),

(1, 'PJ4', '2024-08-13', '2024-08-13', 250, 'Nghiên cứu NoSQL', 15, 'Nghiên cứu NoSQL'),
(2, 'PJ4', '2024-08-13', '2024-08-13', 250, 'Nghiên cứu NoSQL', 15, 'Nghiên cứu NoSQL'),
(9, 'PJ3', '2024-07-23', '2024-07-23', 110, 'Nghiên cứu ODI', 30, 'Nghiên cứu ODI'),
(12, 'PJ1', '2024-07-23', '2024-07-23', 160, 'Nghiên cứu ODI', 30, 'Nghiên cứu ODI'),
(14, 'PJ3', '2024-07-23', '2024-07-23', 110, 'Nghiên cứu ODI', 30, 'Nghiên cứu ODI');

INSERT INTO Activity (ActivityID, TenHoatDong, LoaiHoatDong, TrangThai, Point, NoiDung, ChiTiet, SoNguoiThamGia, ChiPhi, HanCuoiDangKy, NgayBatDau, NgayKetThuc)
VALUES 
('HD1', 'Tuần Lễ Trà sữa', 'Hoạt động gây quỹ', 'Còn chỗ', 5, 'Tuần lễ trà sữa cuối tháng 9', 'Lập team tham gia tuần lễ trà sữa giảm 30%', 30, 100000, '2024-10-01', '2024-11-01', '2024-11-03'),
('HD2', 'Team Building mùa hè', 'Hoạt động vui chơi', 'Đã hết chỗ', 10, 'Team building do công ty tổ chức', 'Tham gia các hoạt động: Vòng tròn kết nối, Vẽ tiếp sức, Tin tưởng thuyền trưởng,...', 100, 3500000, '2024-11-30', '2024-12-20', '2024-12-25'),
('HD3', 'Tuần Lễ Tình Nguyện', 'Hoạt động tình nguyện', 'Đã hết chỗ', 5, 'Chiến dịch mùa hè xanh,...', 'Xây nhà tình thương, làm cầu, làm đường,...', 70, 500000, '2024-09-10', '2024-10-01', '2024-10-03');

USE QLNV_UDPT;
INSERT INTO emp_activity (EmpID, ActivityID, Start_date_join, End_date_join, NgayThamGia, ThanhTich, ThoiGianThucHien)
VALUES 
(1, 'HD2', '2024-11-01', '2024-11-30', '2024-11-03', 'Tốt', '2024-12-20'),
(1, 'HD3', '2024-09-09', '2024-09-10', '2024-09-11', 'Tốt', '2024-10-01'),
(2, 'HD3', '2024-09-09', '2024-09-10', '2024-09-11', 'Tốt', '2024-10-01'),
(2, 'HD2', '2024-11-01', '2024-11-30', '2024-11-03', 'Tốt', '2024-12-20'),
(3, 'HD3', '2024-09-09', '2024-09-10', '2024-09-11', 'Tốt', '2024-10-01'),
(3, 'HD2', '2024-11-01', '2024-11-30', '2024-11-06', 'Tốt', '2024-12-20'),
(3, 'HD1', '2024-09-01', '2024-10-01', '2024-09-12', 'Tốt', '2024-11-01'),
(4, 'HD2', '2024-11-01', '2024-11-30', '2024-11-03', 'Tốt', '2024-12-20'),
(4, 'HD3', '2024-09-01', '2024-10-01', '2024-09-12', 'Tốt', '2024-11-01'),
(5, 'HD1', '2024-09-01', '2024-10-01', '2024-09-12', 'Tốt', '2024-11-01'),
(5, 'HD2', '2024-11-01', '2024-11-30', '2024-11-02', 'Tốt', '2024-12-20'),
(6, 'HD3', '2024-09-09', '2024-09-10', '2024-09-12', 'Tốt', '2024-10-01'),
(6, 'HD2', '2024-11-01', '2024-11-30', '2024-11-03', 'Tốt', '2024-12-20'),
(7, 'HD2', '2024-11-01', '2024-11-30', '2024-11-23', 'Tốt', '2024-12-20'),
(8, 'HD2', '2024-11-01', '2024-11-30', '2024-11-03', 'Tốt', '2024-12-20'),
(8, 'HD1', '2024-09-01', '2024-10-01', '2024-09-12', 'Tốt', '2024-11-01'),
(9, 'HD2', '2024-11-01', '2024-11-30', '2024-11-13', 'Tốt', '2024-12-20'),
(10, 'HD2', '2024-11-01', '2024-11-30', '2024-11-03', 'Tốt', '2024-12-20'),
(10, 'HD3', '2024-09-09', '2024-09-10', '2024-09-05', 'Tốt', '2024-10-01'),
(11, 'HD2', '2024-11-01', '2024-11-30', '2024-11-02', 'Tốt', '2024-12-20'),
(12, 'HD2', '2024-11-01', '2024-11-30', '2024-11-03', 'Tốt', '2024-12-20'),
(12, 'HD3', '2024-09-09', '2024-09-10', '2024-09-08', 'Tốt', '2024-10-01'),
(13, 'HD2', '2024-11-01', '2024-11-30', '2024-11-03', 'Tốt', '2024-12-20'),
(13, 'HD3', '2024-09-09', '2024-09-10', '2024-09-13', 'Tốt', '2024-10-01'),
(14, 'HD2', '2024-11-01', '2024-11-30', '2024-11-03', 'Tốt', '2024-12-20'),
(14, 'HD1', '2024-09-01', '2024-10-01', '2024-09-06', 'Tốt', '2024-11-01'),
(15, 'HD2', '2024-11-01', '2024-11-30', '2024-11-03', 'Tốt', '2024-12-20'),
(15, 'HD1', '2024-09-01', '2024-10-01', '2024-09-13', 'Tốt', '2024-11-01');



INSERT INTO Felicitation (FelicitationID, Point, Date, NoiDung, NguoiNhan) VALUES
('K1', 5, '2024-08-21', 'Hoàn thành xuất sắc dự án.', 1),
('K2', 10, '2024-08-26', 'Đạt chỉ tiêu doanh số.', 4),
('K3', 5, '2024-07-15', 'Sáng kiến cải tiến quy trình làm việc.', 5),
('K4', 15, '2024-07-21', 'Đóng góp ý tưởng sáng tạo.', 10),
('K5', 15, '2024-08-18', 'Hỗ trợ đồng nghiệp trong công việc.', 12),
('K6', 10, '2024-07-23', 'Tinh thần làm việc nhóm tốt.', 11),
('K7', 10, '2024-08-13', 'Đáp ứng nhanh yêu cầu khách hàng.', 9),
('K8', 10, '2024-07-14', 'Tham gia đào tạo nhân viên mới.', 5),
('K9', 5, '2024-07-15', 'Đảm bảo chất lượng sản phẩm/dịch vụ.', 6),
('K10', 5, '2024-08-09', 'Giải quyết tốt các vấn đề phát sinh.', 1),
('K11', 5, '2024-07-16', 'Làm việc ngoài giờ để hoàn thành nhiệm vụ.', 2),
('K12', 5, '2024-08-02', 'Duy trì thái độ làm việc tích cực.', 4),
('K13', 10, '2024-08-20', 'Tổ chức sự kiện thành công.', 6),
('K14', 5, '2024-07-16', 'Đóng góp vào sự phát triển của công ty.', 3),
('K15', 15, '2024-07-19', 'Thực hiện tốt các chính sách của công ty.', 1),
('K16', 5, '2024-07-05', 'Giảm thiểu chi phí trong dự án.', 7),
('K17', 10, '2024-07-12', 'Tăng cường mối quan hệ với đối tác.', 4),
('K18', 15, '2024-07-23', 'Đạt được sự hài lòng cao từ khách hàng.', 8),
('K19', 15, '2024-07-11', 'Hỗ trợ trong việc triển khai dự án mới.', 5),
('K20', 15, '2024-07-07', 'Hoàn thành nhiệm vụ trước thời hạn.', 2),
('K21', 5, '2024-07-17', 'Giữ vững kỷ luật và nội quy công ty.', 1),
('K22', 10, '2024-07-01', 'Đóng góp tích cực trong các hoạt động ngoại khóa.', 10),
('K23', 5, '2024-08-09', 'Giữ vững đạo đức nghề nghiệp.', 3),
('K24', 15, '2024-07-28', 'Đảm bảo an toàn lao động.', 3),
('K25', 15, '2024-07-30', 'Hoàn thành tốt nhiệm vụ trong điều kiện khó khăn.', 4),
('K26', 10, '2024-07-13', 'Phát triển kỹ năng cá nhân.', 5),
('K27', 10, '2024-07-31', 'Tham gia tích cực trong các buổi họp.', 6),
('K28', 10, '2024-07-10', 'Đóng góp vào sự thành công của dự án lớn.', 7),
('K29', 5, '2024-07-12', 'Hoàn thành công việc với độ chính xác cao.', 9),
('K30', 5, '2024-07-29', 'Tư vấn tốt cho khách hàng.', 5),
('K31', 5, '2024-08-22', 'Đảm bảo tiến độ công việc.', 10),
('K32', 5, '2024-08-24', 'Đạt kết quả xuất sắc trong đào tạo.', 11),
('K33', 10, '2024-08-14', 'Phát triển sản phẩm mới thành công.', 12),
('K34', 5, '2024-07-26', 'Quản lý dự án hiệu quả.', 13),
('K35', 15, '2024-08-08', 'Tham gia tích cực trong công tác xã hội.', 14),
('K36', 5, '2024-07-18', 'Giữ vững uy tín với đối tác.', 15),
('K37', 10, '2024-07-09', 'Hỗ trợ trong việc tuyển dụng nhân viên.', 2),
('K38', 15, '2024-07-25', 'Thực hiện tốt các công việc đột xuất.', 3),
('K39', 15, '2024-07-05', 'Tinh thần cầu tiến trong công việc.', 6),
('K40', 15, '2024-08-03', 'Đạt được sự công nhận từ cấp trên.', 1),
('K41', 5, '2024-08-02', 'Tạo động lực cho đồng nghiệp.', 2),
('K42', 10, '2024-08-13', 'Xử lý tình huống khẩn cấp tốt.', 4),
('K43', 5, '2024-07-05', 'Phát triển hệ thống quản lý hiệu quả.', 6),
('K44', 15, '2024-07-25', 'Đóng góp vào việc tăng trưởng doanh thu.', 3),
('K45', 15, '2024-07-10', 'Hoàn thành tốt các báo cáo định kỳ.', 1),
('K46', 10, '2024-08-09', 'Duy trì mối quan hệ tốt với khách hàng.', 7),
('K47', 10, '2024-07-05', 'Hỗ trợ trong việc nghiên cứu thị trường.', 4),
('K48', 10, '2024-07-14', 'Đảm bảo chất lượng dịch vụ khách hàng.', 8),
('K49', 5, '2024-07-29', 'Hoàn thành xuất sắc các dự án quốc tế.', 5),
('K50', 5, '2024-07-07', 'Đóng góp vào việc phát triển sản phẩm mới.', 2),
('K51', 5, '2024-07-13', 'Quản lý thời gian làm việc hiệu quả.', 1),
('K52', 5, '2024-07-20', 'Phát triển mối quan hệ đối tác chiến lược.', 10),
('K53', 10, '2024-08-23', 'Hoàn thành tốt công việc theo kế hoạch.', 3),
('K54', 5, '2024-08-18', 'Đóng góp vào việc mở rộng thị trường.', 3),
('K55', 15, '2024-07-29', 'Đạt được mức đánh giá cao trong kỳ kiểm tra nội bộ.', 4),
('K56', 5, '2024-08-03', 'Thực hiện tốt các công việc liên quan đến khách hàng.', 5),
('K57', 10, '2024-07-23', 'Đóng góp vào việc nâng cao chất lượng sản phẩm.', 6),
('K58', 15, '2024-07-10', 'Hoàn thành tốt các công việc được giao đột xuất.', 7),
('K59', 15, '2024-07-13', 'Đóng góp vào việc duy trì môi trường làm việc tích cực.', 9),
('K60', 15, '2024-08-26', 'Giữ vững mối quan hệ tốt với đồng nghiệp và cấp trên.', 5);

INSERT INTO Voucher (VoucherID, TenVoucher, TriGia, HanSuDung, ChiTiet, HuongDanSuDung, TinhTrang)
VALUES 
(1, 'GrabFood: Giảm 50K', 50000, '2024-12-31', 'Giảm 50K cho đơn tối thiểu 100K', 'Nhập mã qua app', 'Đã sử dụng'),
(2, 'GrabFood: Giảm 100K', 100000, '2024-11-15', 'Giảm 100K cho đơn tối thiểu 200K', 'Nhập mã qua app', 'Đã sử dụng'),
(3, 'GrabFood: Giảm 200K', 200000, '2024-11-15', 'Giảm 200K cho đơn tối thiểu 300K', 'Nhập mã qua app', 'Chưa sử dụng'),
(4, 'GrabBike: Giảm 20,000 vnđ', 20000, '2024-11-15', 'Giảm 20K cho đơn tối thiểu 50K', 'Nhập mã qua app', 'Chưa sử dụng'),
(5, 'GrabCar: Giảm 40,000 vnđ', 40000, '2024-10-10', 'Giảm 40K cho đơn tối thiểu 100K', 'Nhập mã qua app', 'Đã sử dụng'),
(6, 'GrabMart: Giảm 50,000 vnđ', 50000, '2024-10-10', 'Giảm 50K cho đơn tối thiểu 200K', 'Nhập mã qua app', 'Đã sử dụng'),
(7, 'Jollibee: Giảm 50K', 50000, '2024-09-05', 'Giảm 50K cho đơn tối thiểu 100K', 'Quét mã tại quầy', 'Đã sử dụng'),
(8, 'ShopeeFoodxJollibee: Giảm 90K', 90000, '2024-09-05', 'Giảm 90K cho đơn tối thiểu 200K', 'Nhập mã qua app', 'Đã sử dụng'),
(9, 'Shopee: Giảm 90K đơn tối thiểu 90K', 90000, '2024-09-05', 'Giảm 90K cho đơn tối thiểu 90K', 'Nhập mã qua app', 'Đã sử dụng'),
(10, 'Shopee: Giảm 130K đơn tối thiểu 130K', 130000, '2024-09-05', 'Giảm 130K cho đơn tối thiểu 130K', 'Nhập mã qua app', 'Đã sử dụng'),
(11, 'Family Mart: Tặng 20,000 vnđ', 20000, '2024-09-05', 'Giảm 20K cho đơn tối thiểu 50K', 'Quét mã tại quầy', 'Chưa sử dụng'),
(12, 'Family Mart: BELANJA Tặng 50,000 vnđ', 50000, '2024-11-15', 'Tặng 50K khi thanh toán 300K', 'Quét mã tại quầy', 'Chưa sử dụng'),
(13, 'Gojek: Giảm 25K vận chuyển', 25000, '2024-12-31', 'Giảm 25K cho đơn tối thiểu 100K', 'Nhập mã qua app', 'Chưa sử dụng'),
(14, 'Gojek: Giảm 50K vận chuyển', 50000, '2024-09-05', 'Giảm 50K cho đơn tối thiểu 150K', 'Nhập mã qua app', 'Chưa sử dụng'),
(15, 'Gofood: Tặng 50K', 50000, '2024-10-10', 'Tặng 50K cho đơn tối thiểu 100K', 'Nhập mã qua app', 'Chưa sử dụng'),
(16, 'Gofood: Tặng 100K', 100000, '2024-10-10', 'Tặng 100K cho đơn tối thiểu 150K', 'Nhập mã qua app', 'Đã sử dụng'),
(17, 'GoCar: Giảm 50K', 50000, '2024-10-10', 'Giảm 50K cho đơn tối thiểu 100K', 'Nhập mã qua app', 'Chưa sử dụng'),
(18, 'GoRide: Giảm 100K', 100000, '2024-10-10', 'Giảm 100K cho đơn tối thiểu 150K', 'Nhập mã qua app', 'Đã sử dụng'),
(19, 'MoMo: Giảm 50,000đ Google Play', 50000, '2024-11-15', 'Giảm 50K khi thanh toán Google Play', 'Nhập mã qua app', 'Đã sử dụng'),
(20, 'MoMo: Giảm 200,000đ vé máy bay, tàu lửa', 200000, '2024-09-05', 'Giảm 200K khi thanh toán vé máy bay, tàu lửa qua app', 'Nhập mã qua app', 'Chưa sử dụng'),
(21, 'MoMo: Giảm 200,000đ nạp điện thoại', 200000, '2024-09-05', 'Giảm 200K khi thanh toán thẻ cào điện thoại qua app', 'Nhập mã qua app', 'Đã sử dụng'),
(22, 'MoMo: Hoàn 100K khi thanh toán tiền Điện', 100000, '2024-09-05', 'Hoàn 100K khi thanh toán qua app', 'Nhập mã qua app', 'Chưa sử dụng'),
(23, 'Hasaki: Tặng 50K đơn 299K', 50000, '2024-09-05', 'Tặng 50K cho đơn tối thiểu 299K khi thanh toán tại quầy', 'Quét mã tại quầy/Nhập mã qua app', 'Đã sử dụng'),
(24, 'Hasaki: Tặng 100K đơn 499K', 100000, '2024-10-10', 'Tặng 100K cho đơn tối thiểu 499K khi thanh toán tại quầy', 'Quét mã tại quầy/Nhập mã qua app', 'Đã sử dụng'),
(25, 'GO TRAVEL: 500,000 VND', 500000, '2024-12-31', 'Tặng 500,000VND khi đặt vé du lịch trên GO TRAVEL', 'Quét mã tại quầy/Nhập mã qua app', 'Chưa sử dụng'),
(26, 'GO TRAVEL: 1,000,000 VND', 1000000, '2024-12-31', 'Tặng 1,000,000VND khi đặt vé du lịch trên GO TRAVEL', 'Quét mã tại quầy/Nhập mã qua app', 'Đã sử dụng'),
(27, 'Vietjet: Giảm 300,000đ', 300000, '2024-12-31', 'Tặng 300,000VND khi đặt vé máy bay Vietjet', 'Quét mã tại quầy/Nhập mã qua app', 'Đã sử dụng'),
(28, 'Vietjet: Tặng 1,000,000đ', 1000000, '2024-12-31', 'Tặng 1,000,000VND khi đặt vé máy bay Vietjet', 'Quét mã tại quầy/Nhập mã qua app', 'Đã sử dụng'),
(29, 'Vietnam Airlines: 300,000đ', 300000, '2024-12-31', 'Tặng 300,000VND khi đặt vé máy bay Vietnam Airlines', 'Quét mã tại quầy/Nhập mã qua app', 'Chưa sử dụng'),
(30, 'Vietnam Airlines: 500,000đ', 500000, '2024-12-31', 'Tặng 500,000VND khi đặt vé máy bay Vietnam Airlines', 'Quét mã tại quầy/Nhập mã qua app', 'Chưa sử dụng');

