USE QLNV_UDPT;

-- PhongBan
INSERT INTO PhongBan (PhongID, TenPhong, SoThanhVien) VALUES ('P01', 'Alibaba', '4');
INSERT INTO PhongBan (PhongID, TenPhong, SoThanhVien) VALUES ('P02', 'Umbala', '4');
INSERT INTO PhongBan (PhongID, TenPhong, SoThanhVien) VALUES ('P03', 'Fire','3');

-- Profile
INSERT INTO Profile (EmpID, PhongID, Role, HoTen, Email, TenTaiKhoan, MatKhau, GioiTinh, SoDienThoai, CCCD, STK, Luong, DiemThuong, TinhTrang, DiaChi, Image) VALUES ('1', 'P01', 'Nhân viên ', 'Bông Bông', '20127161@student.hcmus.edu.vn', 'bongbong', '12345', 'Nữ', '123456789', '198803850072', '123456', '54176', '550', '1', 'Pennsylvania', '1.png');
INSERT INTO Profile (EmpID, PhongID, Role, HoTen, Email, TenTaiKhoan, MatKhau, GioiTinh, SoDienThoai, CCCD, STK, Luong, DiemThuong, TinhTrang, DiaChi, Image) VALUES ('2', 'P01', 'Quản lý', 'Bắp Bắp', '20127252@student.hcmus.edu.vn', 'bapbap', '12345', 'Nữ', '631943506', '127631943506', '631943', '58120', '1770', '1', 'Massachusetts', '2.png');
INSERT INTO Profile (EmpID, Role, HoTen, Email, TenTaiKhoan, MatKhau, GioiTinh, SoDienThoai, CCCD, STK, Luong, DiemThuong, TinhTrang, DiaChi, Image) VALUES ('3', 'Giám đốc', 'Ngân Hồ', '20127250@student.hcmus.edu.vn', 'nganho', '12345', 'Nữ', '449199827', '990449199827', '449199', '26135', '7840', '1', 'Washington', '3.png');
INSERT INTO Profile (EmpID, PhongID, Role, HoTen, Email, TenTaiKhoan, MatKhau, GioiTinh, SoDienThoai, CCCD, STK, Luong, DiemThuong, TinhTrang, DiaChi, Image) VALUES ('4', 'P01', 'Nhân viên ', 'Tara Applewhite', 'saomai241202@gmail.com', 'taraapplewhite', '12345', 'Nữ', '294073526', '722194073526', '294073', '80274', '425', '0', 'California', '4.png');
INSERT INTO Profile (EmpID, PhongID, Role, HoTen, Email, TenTaiKhoan, MatKhau, GioiTinh, SoDienThoai, CCCD, STK, Luong, DiemThuong, TinhTrang, DiaChi, Image) VALUES ('5', 'P02', 'Nhân viên ', 'Devin Lear', 'thanhhoabui323@gmail.com', 'devinlear', '12345', 'Nam', '453542504', '535353661119', '453542', '43532', '742', '1', 'Massachusetts', '5.png');
INSERT INTO Profile (EmpID, PhongID, Role, HoTen, Email, TenTaiKhoan, MatKhau, GioiTinh, SoDienThoai, CCCD, STK, Luong, DiemThuong, TinhTrang, DiaChi, Image) VALUES ('6', 'P01', 'Nhân viên ', 'Lucile Sexton', 'tranhoa28082002@gmail.com', 'lucilesexton', '12345', 'Nữ', '426875378', '736303984249', '426875', '68637', '753', '1', 'Washington', '6.png');
INSERT INTO Profile (EmpID, PhongID, Role, HoTen, Email, TenTaiKhoan, MatKhau, GioiTinh, SoDienThoai, CCCD, STK, Luong, DiemThuong, TinhTrang, DiaChi, Image) VALUES ('7', 'P02', 'Quản lý', 'Jarrod Faith', 'tranhoa28082002@gmail.com', 'jarrodfaith', '12345', 'Nam', '386352478', '628045126840', '386352', '53478', '1424', '1', 'California', '7.png');
INSERT INTO Profile (EmpID, PhongID, Role, HoTen, Email, TenTaiKhoan, MatKhau, GioiTinh, SoDienThoai, CCCD, STK, Luong, DiemThuong, TinhTrang, DiaChi, Image) VALUES ('8', 'P03', 'Nhân viên ', 'Terry Gross', 'btthoa20@clc.fitus.edu.vn', 'terrygross', '12345', 'Nam', '385386834', '224011066412', '385386', '64497', '764', '1', 'Massachusetts', '8.png');
INSERT INTO Profile (EmpID, PhongID, Role, HoTen, Email, TenTaiKhoan, MatKhau, GioiTinh, SoDienThoai, CCCD, STK, Luong, DiemThuong, TinhTrang, DiaChi, Image) VALUES ('9', 'P03', 'Nhân viên ', 'Jim Martin', 'alibaba28022002@gmail.com', 'jimmartin', '12345', 'Nam', '387532135', '556300455788', '387532', '32433', '124', '1', 'Pennsylvania', '9.png');
INSERT INTO Profile (EmpID, PhongID, Role, HoTen, Email, TenTaiKhoan, MatKhau, GioiTinh, SoDienThoai, CCCD, STK, Luong, DiemThuong, TinhTrang, DiaChi, Image) VALUES ('10', 'P02', 'Nhân viên ', 'Kathy Weatherby', 'tranhoa28082002@gmail.com', 'kathyweatherby', '12345', 'Nữ', '387546786', '138243321759', '387546', '23464', '254', '1', 'California', '10.png');
INSERT INTO Profile (EmpID, PhongID, Role, HoTen, Email, TenTaiKhoan, MatKhau, GioiTinh, SoDienThoai, CCCD, STK, Luong, DiemThuong, TinhTrang, DiaChi, Image) VALUES ('11', 'P03', 'Nhân viên ', 'Nancy Garcia', 'btthoa20@clc.fitus.edu.vn', 'nancyharcia', '12345', 'Nữ', '875423965', '210070478788', '875423', '54145', '368', '1', 'Pennsylvania', '11.png');
INSERT INTO Profile (EmpID, PhongID, Role, HoTen, Email, TenTaiKhoan, MatKhau, GioiTinh, SoDienThoai, CCCD, STK, Luong, DiemThuong, TinhTrang, DiaChi, Image) VALUES ('12', 'P01', 'Nhân viên ', 'Joel Thomas', 'alibaba28022002@gmail.com', 'joelthomas', '12345', 'Nam', '994545357', '131070424097', '994545', '63248', '752', '1', 'New York', '12.png');
INSERT INTO Profile (EmpID, PhongID, Role, HoTen, Email, TenTaiKhoan, MatKhau, GioiTinh, SoDienThoai, CCCD, STK, Luong, DiemThuong, TinhTrang, DiaChi, Image) VALUES ('13', 'P02', 'Nhân viên ', 'Alan Ruley', '20127161@student.hcmus.edu.vn', 'alanruley', '12345', 'Nam', '995253220', '655195906385', '995253', '57445', '465', '1', 'California', '13.png');
INSERT INTO Profile (EmpID, PhongID, Role, HoTen, Email, TenTaiKhoan, MatKhau, GioiTinh, SoDienThoai, CCCD, STK, Luong, DiemThuong, TinhTrang, DiaChi, Image) VALUES ('14', 'P03', 'Quản lý', 'Jose D. Skaggs', '20127252@student.hcmus.edu.vn', 'josedskaggs', '12345', 'Nam', '786835685', '887510956872', '786835', '54778', '1258', '1', 'Arizona', '14.png');
INSERT INTO Profile (EmpID, PhongID, Role, HoTen, Email, TenTaiKhoan, MatKhau, GioiTinh, SoDienThoai, CCCD, STK, Luong, DiemThuong, TinhTrang, DiaChi, Image) VALUES ('15', 'P02', 'Nhân viên ', 'Richard L. Anderson', '20127250@student.hcmus.edu.vn', 'richardlanderson', '12345', 'Nam', '753874537', '945461160495', '753874', '68548', '912', '1', 'Arizona', '15.png');


-- Check_inout
INSERT INTO Check_inout (STT, EmpID, Date_checkin, Time_checkin, Date_checkout, Time_checkout, Overtime, Late, WorkFromHome, Nghi) VALUES ('1', '4', '2024-08-20 00:00:00', '07:29:01', '2024-08-20 00:00:00', '17:32:51', '0', '0', '0', '0');
INSERT INTO Check_inout (STT, EmpID, Date_checkin, Time_checkin, Date_checkout, Time_checkout, Overtime, Late, WorkFromHome, Nghi) VALUES ('2', '13', '2024-08-18 00:00:00', '06:46:29', '2024-08-18 00:00:00', '18:24:25', '1', '0', '0', '0');
INSERT INTO Check_inout (STT, EmpID, Date_checkin, Time_checkin, Date_checkout, Time_checkout, Overtime, Late, WorkFromHome, Nghi) VALUES ('3', '13', '2024-08-13 00:00:00', '06:31:35', '2024-08-13 00:00:00', '18:42:34', '1', '0', '0', '0');
INSERT INTO Check_inout (STT, EmpID, Date_checkin, Time_checkin, Date_checkout, Time_checkout, Overtime, Late, WorkFromHome, Nghi) VALUES ('4', '15', '2024-07-23 00:00:00', '06:00:21', '2024-07-23 00:00:00', '18:26:14', '1', '0', '0', '0');
INSERT INTO Check_inout (STT, EmpID, Date_checkin, Time_checkin, Date_checkout, Time_checkout, Overtime, Late, WorkFromHome, Nghi) VALUES ('5', '8', '2024-08-27 00:00:00', '07:28:04', '2024-08-27 00:00:00', '17:21:47', '0', '0', '0', '0');
INSERT INTO Check_inout (STT, EmpID, Date_checkin, Time_checkin, Date_checkout, Time_checkout, Overtime, Late, WorkFromHome, Nghi) VALUES ('6', '8', '2024-07-03 00:00:00', '06:48:18', '2024-07-03 00:00:00', '16:08:19', '0', '0', '0', '0');
INSERT INTO Check_inout (STT, EmpID, Date_checkin, Time_checkin, Date_checkout, Time_checkout, Overtime, Late, WorkFromHome, Nghi) VALUES ('7', '7', '2024-08-21 00:00:00', '07:44:13', '2024-08-21 00:00:00', '17:09:04', '0', '0', '0', '0');
INSERT INTO Check_inout (STT, EmpID, Date_checkin, Time_checkin, Date_checkout, Time_checkout, Overtime, Late, WorkFromHome, Nghi) VALUES ('8', '1', '2024-07-30 00:00:00', '07:09:33', '2024-07-30 00:00:00', '17:39:52', '0', '0', '0', '0');
INSERT INTO Check_inout (STT, EmpID, Date_checkin, Time_checkin, Date_checkout, Time_checkout, Overtime, Late, WorkFromHome, Nghi) VALUES ('9', '6', '2024-07-21 00:00:00', '06:00:37', '2024-07-21 00:00:00', '17:46:00', '0', '0', '0', '0');
INSERT INTO Check_inout (STT, EmpID, Date_checkin, Time_checkin, Date_checkout, Time_checkout, Overtime, Late, WorkFromHome, Nghi) VALUES ('10', '2', '2024-08-20 00:00:00', '07:41:11', '2024-08-20 00:00:00', '16:31:52', '0', '0', '0', '0');
INSERT INTO Check_inout (STT, EmpID, Date_checkin, Time_checkin, Date_checkout, Time_checkout, Overtime, Late, WorkFromHome, Nghi) VALUES ('11', '6', '2024-08-16 00:00:00', '06:15:38', '2024-08-16 00:00:00', '18:06:14', '1', '0', '0', '0');
INSERT INTO Check_inout (STT, EmpID, Date_checkin, Time_checkin, Date_checkout, Time_checkout, Overtime, Late, WorkFromHome, Nghi) VALUES ('12', '2', '2024-07-08 00:00:00', 'nan', '2024-07-08 00:00:00', 'nan', '0', '0', '0', '1');
INSERT INTO Check_inout (STT, EmpID, Date_checkin, Time_checkin, Date_checkout, Time_checkout, Overtime, Late, WorkFromHome, Nghi) VALUES ('13', '2', '2024-07-08 00:00:00', '07:49:38', '2024-07-08 00:00:00', '18:33:05', '1', '1', '0', '0');
INSERT INTO Check_inout (STT, EmpID, Date_checkin, Time_checkin, Date_checkout, Time_checkout, Overtime, Late, WorkFromHome, Nghi) VALUES ('14', '7', '2024-08-08 00:00:00', '06:47:34', '2024-08-08 00:00:00', '16:26:48', '0', '0', '0', '0');
INSERT INTO Check_inout (STT, EmpID, Date_checkin, Time_checkin, Date_checkout, Time_checkout, Overtime, Late, WorkFromHome, Nghi) VALUES ('15', '15', '2024-07-04 00:00:00', '06:42:48', '2024-07-04 00:00:00', '17:26:11', '0', '0', '0', '0');
INSERT INTO Check_inout (STT, EmpID, Date_checkin, Time_checkin, Date_checkout, Time_checkout, Overtime, Late, WorkFromHome, Nghi) VALUES ('16', '14', '2024-08-21 00:00:00', '07:21:58', '2024-08-21 00:00:00', '16:37:37', '0', '0', '0', '0');
INSERT INTO Check_inout (STT, EmpID, Date_checkin, Time_checkin, Date_checkout, Time_checkout, Overtime, Late, WorkFromHome, Nghi) VALUES ('17', '12', '2024-08-08 00:00:00', '07:01:32', '2024-08-08 00:00:00', '17:40:47', '0', '0', '0', '0');
INSERT INTO Check_inout (STT, EmpID, Date_checkin, Time_checkin, Date_checkout, Time_checkout, Overtime, Late, WorkFromHome, Nghi) VALUES ('18', '5', '2024-08-16 00:00:00', '07:12:14', '2024-08-16 00:00:00', '18:36:35', '1', '0', '0', '0');
INSERT INTO Check_inout (STT, EmpID, Date_checkin, Time_checkin, Date_checkout, Time_checkout, Overtime, Late, WorkFromHome, Nghi) VALUES ('19', '4', '2024-07-21 00:00:00', '06:11:36', '2024-07-21 00:00:00', '16:43:49', '0', '0', '0', '0');
INSERT INTO Check_inout (STT, EmpID, Date_checkin, Time_checkin, Date_checkout, Time_checkout, Overtime, Late, WorkFromHome, Nghi) VALUES ('20', '12', '2024-08-03 00:00:00', '07:18:22', '2024-08-03 00:00:00', '17:58:56', '0', '0', '0', '0');
INSERT INTO Check_inout (STT, EmpID, Date_checkin, Time_checkin, Date_checkout, Time_checkout, Overtime, Late, WorkFromHome, Nghi) VALUES ('21', '11', '2024-07-12 00:00:00', '06:26:41', '2024-07-12 00:00:00', '17:19:16', '0', '0', '0', '0');
INSERT INTO Check_inout (STT, EmpID, Date_checkin, Time_checkin, Date_checkout, Time_checkout, Overtime, Late, WorkFromHome, Nghi) VALUES ('22', '11', '2024-07-31 00:00:00', '06:11:39', '2024-07-31 00:00:00', '17:45:01', '0', '0', '0', '0');
INSERT INTO Check_inout (STT, EmpID, Date_checkin, Time_checkin, Date_checkout, Time_checkout, Overtime, Late, WorkFromHome, Nghi) VALUES ('23', '12', '2024-07-13 00:00:00', '06:03:56', '2024-07-13 00:00:00', '17:57:34', '0', '0', '0', '0');
INSERT INTO Check_inout (STT, EmpID, Date_checkin, Time_checkin, Date_checkout, Time_checkout, Overtime, Late, WorkFromHome, Nghi) VALUES ('24', '5', '2024-08-17 00:00:00', '07:18:17', '2024-08-17 00:00:00', '17:08:54', '0', '0', '0', '0');
INSERT INTO Check_inout (STT, EmpID, Date_checkin, Time_checkin, Date_checkout, Time_checkout, Overtime, Late, WorkFromHome, Nghi) VALUES ('25', '11', '2024-08-28 00:00:00', '06:55:20', '2024-08-28 00:00:00', '17:34:35', '0', '0', '0', '0');
INSERT INTO Check_inout (STT, EmpID, Date_checkin, Time_checkin, Date_checkout, Time_checkout, Overtime, Late, WorkFromHome, Nghi) VALUES ('26', '14', '2024-08-07 00:00:00', '07:01:52', '2024-08-07 00:00:00', '18:34:11', '1', '0', '0', '0');
INSERT INTO Check_inout (STT, EmpID, Date_checkin, Time_checkin, Date_checkout, Time_checkout, Overtime, Late, WorkFromHome, Nghi) VALUES ('27', '4', '2024-08-17 00:00:00', '07:15:08', '2024-08-17 00:00:00', '16:04:01', '0', '0', '0', '0');
INSERT INTO Check_inout (STT, EmpID, Date_checkin, Time_checkin, Date_checkout, Time_checkout, Overtime, Late, WorkFromHome, Nghi) VALUES ('28', '9', '2024-08-31 00:00:00', '07:58:31', '2024-08-31 00:00:00', '17:02:05', '0', '1', '0', '0');
INSERT INTO Check_inout (STT, EmpID, Date_checkin, Time_checkin, Date_checkout, Time_checkout, Overtime, Late, WorkFromHome, Nghi) VALUES ('29', '5', '2024-07-01 00:00:00', '07:03:21', '2024-07-01 00:00:00', '18:29:08', '1', '0', '0', '0');
INSERT INTO Check_inout (STT, EmpID, Date_checkin, Time_checkin, Date_checkout, Time_checkout, Overtime, Late, WorkFromHome, Nghi) VALUES ('30', '14', '2024-08-13 00:00:00', '07:36:32', '2024-08-13 00:00:00', '18:02:56', '1', '0', '0', '0');
INSERT INTO Check_inout (STT, EmpID, Date_checkin, Time_checkin, Date_checkout, Time_checkout, Overtime, Late, WorkFromHome, Nghi) VALUES ('31', '14', '2024-07-11 00:00:00', '06:47:38', '2024-07-11 00:00:00', '18:19:55', '1', '0', '0', '0');
INSERT INTO Check_inout (STT, EmpID, Date_checkin, Time_checkin, Date_checkout, Time_checkout, Overtime, Late, WorkFromHome, Nghi) VALUES ('32', '5', '2024-08-06 00:00:00', '06:50:35', '2024-08-06 00:00:00', '17:23:30', '0', '0', '0', '0');
INSERT INTO Check_inout (STT, EmpID, Date_checkin, Time_checkin, Date_checkout, Time_checkout, Overtime, Late, WorkFromHome, Nghi) VALUES ('33', '13', '2024-07-14 00:00:00', '07:18:42', '2024-07-14 00:00:00', '18:18:46', '1', '0', '0', '0');
INSERT INTO Check_inout (STT, EmpID, Date_checkin, Time_checkin, Date_checkout, Time_checkout, Overtime, Late, WorkFromHome, Nghi) VALUES ('34', '15', '2024-07-02 00:00:00', '07:12:12', '2024-07-02 00:00:00', '17:02:40', '0', '0', '0', '0');
INSERT INTO Check_inout (STT, EmpID, Date_checkin, Time_checkin, Date_checkout, Time_checkout, Overtime, Late, WorkFromHome, Nghi) VALUES ('35', '2', '2024-07-03 00:00:00', '06:45:50', '2024-07-03 00:00:00', '17:17:07', '0', '0', '0', '0');
INSERT INTO Check_inout (STT, EmpID, Date_checkin, Time_checkin, Date_checkout, Time_checkout, Overtime, Late, WorkFromHome, Nghi) VALUES ('36', '12', '2024-07-18 00:00:00', '07:54:03', '2024-07-18 00:00:00', '16:34:16', '0', '1', '0', '0');
INSERT INTO Check_inout (STT, EmpID, Date_checkin, Time_checkin, Date_checkout, Time_checkout, Overtime, Late, WorkFromHome, Nghi) VALUES ('37', '8', '2024-07-03 00:00:00', '06:10:28', '2024-07-03 00:00:00', '17:12:06', '0', '0', '0', '0');
INSERT INTO Check_inout (STT, EmpID, Date_checkin, Time_checkin, Date_checkout, Time_checkout, Overtime, Late, WorkFromHome, Nghi) VALUES ('38', '6', '2024-07-27 00:00:00', '07:25:03', '2024-07-27 00:00:00', '18:59:39', '1', '0', '0', '0');
INSERT INTO Check_inout (STT, EmpID, Date_checkin, Time_checkin, Date_checkout, Time_checkout, Overtime, Late, WorkFromHome, Nghi) VALUES ('39', '1', '2024-08-02 00:00:00', '07:29:06', '2024-08-02 00:00:00', '16:02:43', '0', '0', '0', '0');
INSERT INTO Check_inout (STT, EmpID, Date_checkin, Time_checkin, Date_checkout, Time_checkout, Overtime, Late, WorkFromHome, Nghi) VALUES ('40', '5', '2024-08-21 00:00:00', '06:49:01', '2024-08-21 00:00:00', '18:00:41', '1', '0', '0', '0');
INSERT INTO Check_inout (STT, EmpID, Date_checkin, Time_checkin, Date_checkout, Time_checkout, Overtime, Late, WorkFromHome, Nghi) VALUES ('41', '11', '2024-08-26 00:00:00', '06:26:50', '2024-08-26 00:00:00', '17:07:52', '0', '0', '0', '0');
INSERT INTO Check_inout (STT, EmpID, Date_checkin, Time_checkin, Date_checkout, Time_checkout, Overtime, Late, WorkFromHome, Nghi) VALUES ('42', '9', '2024-07-15 00:00:00', '07:15:10', '2024-07-15 00:00:00', '16:54:26', '0', '0', '0', '0');
INSERT INTO Check_inout (STT, EmpID, Date_checkin, Time_checkin, Date_checkout, Time_checkout, Overtime, Late, WorkFromHome, Nghi) VALUES ('43', '2', '2024-07-21 00:00:00', '07:27:03', '2024-07-21 00:00:00', '18:13:57', '1', '0', '0', '0');
INSERT INTO Check_inout (STT, EmpID, Date_checkin, Time_checkin, Date_checkout, Time_checkout, Overtime, Late, WorkFromHome, Nghi) VALUES ('44', '6', '2024-08-18 00:00:00', '06:41:42', '2024-08-18 00:00:00', '18:09:40', '1', '0', '0', '0');
INSERT INTO Check_inout (STT, EmpID, Date_checkin, Time_checkin, Date_checkout, Time_checkout, Overtime, Late, WorkFromHome, Nghi) VALUES ('45', '8', '2024-07-23 00:00:00', '06:46:16', '2024-07-23 00:00:00', '17:38:09', '0', '0', '0', '0');
INSERT INTO Check_inout (STT, EmpID, Date_checkin, Time_checkin, Date_checkout, Time_checkout, Overtime, Late, WorkFromHome, Nghi) VALUES ('46', '1', '2024-08-13 00:00:00', '07:10:05', '2024-08-13 00:00:00', '16:37:55', '0', '0', '0', '0');
INSERT INTO Check_inout (STT, EmpID, Date_checkin, Time_checkin, Date_checkout, Time_checkout, Overtime, Late, WorkFromHome, Nghi) VALUES ('47', '1', '2024-07-14 00:00:00', '06:20:35', '2024-07-14 00:00:00', '18:10:16', '1', '0', '0', '0');
INSERT INTO Check_inout (STT, EmpID, Date_checkin, Time_checkin, Date_checkout, Time_checkout, Overtime, Late, WorkFromHome, Nghi) VALUES ('48', '11', '2024-07-15 00:00:00', '06:28:16', '2024-07-15 00:00:00', '18:43:46', '1', '0', '0', '0');
INSERT INTO Check_inout (STT, EmpID, Date_checkin, Time_checkin, Date_checkout, Time_checkout, Overtime, Late, WorkFromHome, Nghi) VALUES ('49', '8', '2024-08-09 00:00:00', 'nan', '2024-08-09 00:00:00', 'nan', '0', '0', '1', '0');
INSERT INTO Check_inout (STT, EmpID, Date_checkin, Time_checkin, Date_checkout, Time_checkout, Overtime, Late, WorkFromHome, Nghi) VALUES ('50', '6', '2024-07-16 00:00:00', '06:58:18', '2024-07-16 00:00:00', '17:40:45', '0', '0', '0', '0');
INSERT INTO Check_inout (STT, EmpID, Date_checkin, Time_checkin, Date_checkout, Time_checkout, Overtime, Late, WorkFromHome, Nghi) VALUES ('51', '13', '2024-08-02 00:00:00', '07:06:35', '2024-08-02 00:00:00', '16:49:36', '0', '0', '0', '0');
INSERT INTO Check_inout (STT, EmpID, Date_checkin, Time_checkin, Date_checkout, Time_checkout, Overtime, Late, WorkFromHome, Nghi) VALUES ('52', '1', '2024-08-20 00:00:00', '07:19:03', '2024-08-20 00:00:00', '18:18:27', '1', '0', '0', '0');
INSERT INTO Check_inout (STT, EmpID, Date_checkin, Time_checkin, Date_checkout, Time_checkout, Overtime, Late, WorkFromHome, Nghi) VALUES ('53', '7', '2024-07-16 00:00:00', '06:00:21', '2024-07-16 00:00:00', '17:52:48', '0', '0', '0', '0');
INSERT INTO Check_inout (STT, EmpID, Date_checkin, Time_checkin, Date_checkout, Time_checkout, Overtime, Late, WorkFromHome, Nghi) VALUES ('54', '1', '2024-07-19 00:00:00', '07:26:16', '2024-07-19 00:00:00', '16:38:43', '0', '0', '0', '0');
INSERT INTO Check_inout (STT, EmpID, Date_checkin, Time_checkin, Date_checkout, Time_checkout, Overtime, Late, WorkFromHome, Nghi) VALUES ('55', '15', '2024-07-05 00:00:00', '06:11:24', '2024-07-05 00:00:00', '16:53:37', '0', '0', '0', '0');
INSERT INTO Check_inout (STT, EmpID, Date_checkin, Time_checkin, Date_checkout, Time_checkout, Overtime, Late, WorkFromHome, Nghi) VALUES ('56', '1', '2024-07-12 00:00:00', '07:44:27', '2024-07-12 00:00:00', '17:30:32', '0', '0', '0', '0');
INSERT INTO Check_inout (STT, EmpID, Date_checkin, Time_checkin, Date_checkout, Time_checkout, Overtime, Late, WorkFromHome, Nghi) VALUES ('57', '15', '2024-07-23 00:00:00', '07:38:28', '2024-07-23 00:00:00', '18:03:08', '1', '0', '0', '0');
INSERT INTO Check_inout (STT, EmpID, Date_checkin, Time_checkin, Date_checkout, Time_checkout, Overtime, Late, WorkFromHome, Nghi) VALUES ('58', '11', '2024-07-11 00:00:00', '07:39:32', '2024-07-11 00:00:00', '17:29:37', '0', '0', '0', '0');
INSERT INTO Check_inout (STT, EmpID, Date_checkin, Time_checkin, Date_checkout, Time_checkout, Overtime, Late, WorkFromHome, Nghi) VALUES ('59', '9', '2024-07-07 00:00:00', '07:40:04', '2024-07-07 00:00:00', '17:38:30', '0', '0', '0', '0');
INSERT INTO Check_inout (STT, EmpID, Date_checkin, Time_checkin, Date_checkout, Time_checkout, Overtime, Late, WorkFromHome, Nghi) VALUES ('60', '4', '2024-07-17 00:00:00', '07:27:51', '2024-07-17 00:00:00', '17:52:21', '0', '0', '0', '0');
INSERT INTO Check_inout (STT, EmpID, Date_checkin, Time_checkin, Date_checkout, Time_checkout, Overtime, Late, WorkFromHome, Nghi) VALUES ('61', '5', '2024-07-01 00:00:00', '06:50:38', '2024-07-01 00:00:00', '17:20:24', '0', '0', '0', '0');
INSERT INTO Check_inout (STT, EmpID, Date_checkin, Time_checkin, Date_checkout, Time_checkout, Overtime, Late, WorkFromHome, Nghi) VALUES ('62', '15', '2024-08-09 00:00:00', '07:18:26', '2024-08-09 00:00:00', '18:39:09', '1', '0', '0', '0');
INSERT INTO Check_inout (STT, EmpID, Date_checkin, Time_checkin, Date_checkout, Time_checkout, Overtime, Late, WorkFromHome, Nghi) VALUES ('63', '1', '2024-07-28 00:00:00', '07:22:35', '2024-07-28 00:00:00', '17:31:36', '0', '0', '0', '0');
INSERT INTO Check_inout (STT, EmpID, Date_checkin, Time_checkin, Date_checkout, Time_checkout, Overtime, Late, WorkFromHome, Nghi) VALUES ('64', '15', '2024-07-30 00:00:00', '07:37:40', '2024-07-30 00:00:00', '17:49:24', '0', '0', '0', '0');
INSERT INTO Check_inout (STT, EmpID, Date_checkin, Time_checkin, Date_checkout, Time_checkout, Overtime, Late, WorkFromHome, Nghi) VALUES ('65', '2', '2024-07-13 00:00:00', '06:51:04', '2024-07-13 00:00:00', '18:29:18', '1', '0', '0', '0');
INSERT INTO Check_inout (STT, EmpID, Date_checkin, Time_checkin, Date_checkout, Time_checkout, Overtime, Late, WorkFromHome, Nghi) VALUES ('66', '7', '2024-07-31 00:00:00', '07:13:42', '2024-07-31 00:00:00', '17:03:17', '0', '0', '0', '0');
INSERT INTO Check_inout (STT, EmpID, Date_checkin, Time_checkin, Date_checkout, Time_checkout, Overtime, Late, WorkFromHome, Nghi) VALUES ('67', '2', '2024-07-10 00:00:00', '06:48:33', '2024-07-10 00:00:00', '18:12:15', '1', '0', '0', '0');
INSERT INTO Check_inout (STT, EmpID, Date_checkin, Time_checkin, Date_checkout, Time_checkout, Overtime, Late, WorkFromHome, Nghi) VALUES ('68', '12', '2024-07-12 00:00:00', '06:22:17', '2024-07-12 00:00:00', '19:00:00', '1', '0', '0', '0');
INSERT INTO Check_inout (STT, EmpID, Date_checkin, Time_checkin, Date_checkout, Time_checkout, Overtime, Late, WorkFromHome, Nghi) VALUES ('69', '2', '2024-07-29 00:00:00', '07:52:06', '2024-07-29 00:00:00', '16:33:17', '0', '1', '0', '0');
INSERT INTO Check_inout (STT, EmpID, Date_checkin, Time_checkin, Date_checkout, Time_checkout, Overtime, Late, WorkFromHome, Nghi) VALUES ('70', '8', '2024-08-22 00:00:00', '07:04:34', '2024-08-22 00:00:00', '16:52:06', '0', '0', '0', '0');
INSERT INTO Check_inout (STT, EmpID, Date_checkin, Time_checkin, Date_checkout, Time_checkout, Overtime, Late, WorkFromHome, Nghi) VALUES ('71', '1', '2024-08-24 00:00:00', '06:02:53', '2024-08-24 00:00:00', '16:24:52', '0', '0', '0', '0');
INSERT INTO Check_inout (STT, EmpID, Date_checkin, Time_checkin, Date_checkout, Time_checkout, Overtime, Late, WorkFromHome, Nghi) VALUES ('72', '2', '2024-08-14 00:00:00', '06:25:58', '2024-08-14 00:00:00', '17:15:53', '0', '0', '0', '0');
INSERT INTO Check_inout (STT, EmpID, Date_checkin, Time_checkin, Date_checkout, Time_checkout, Overtime, Late, WorkFromHome, Nghi) VALUES ('73', '8', '2024-07-26 00:00:00', '06:56:36', '2024-07-26 00:00:00', '17:59:31', '0', '0', '0', '0');
INSERT INTO Check_inout (STT, EmpID, Date_checkin, Time_checkin, Date_checkout, Time_checkout, Overtime, Late, WorkFromHome, Nghi) VALUES ('74', '13', '2024-08-08 00:00:00', '07:04:04', '2024-08-08 00:00:00', '17:46:14', '0', '0', '0', '0');
INSERT INTO Check_inout (STT, EmpID, Date_checkin, Time_checkin, Date_checkout, Time_checkout, Overtime, Late, WorkFromHome, Nghi) VALUES ('75', '4', '2024-07-18 00:00:00', '07:52:26', '2024-07-18 00:00:00', '18:17:13', '1', '1', '0', '0');
INSERT INTO Check_inout (STT, EmpID, Date_checkin, Time_checkin, Date_checkout, Time_checkout, Overtime, Late, WorkFromHome, Nghi) VALUES ('76', '7', '2024-07-09 00:00:00', '07:02:31', '2024-07-09 00:00:00', '17:39:26', '0', '0', '0', '0');
INSERT INTO Check_inout (STT, EmpID, Date_checkin, Time_checkin, Date_checkout, Time_checkout, Overtime, Late, WorkFromHome, Nghi) VALUES ('77', '13', '2024-07-25 00:00:00', '06:06:47', '2024-07-25 00:00:00', '16:09:55', '0', '0', '0', '0');
INSERT INTO Check_inout (STT, EmpID, Date_checkin, Time_checkin, Date_checkout, Time_checkout, Overtime, Late, WorkFromHome, Nghi) VALUES ('78', '11', '2024-07-05 00:00:00', '06:21:30', '2024-07-05 00:00:00', '17:11:32', '0', '0', '0', '0');
INSERT INTO Check_inout (STT, EmpID, Date_checkin, Time_checkin, Date_checkout, Time_checkout, Overtime, Late, WorkFromHome, Nghi) VALUES ('79', '12', '2024-08-03 00:00:00', '07:43:19', '2024-08-03 00:00:00', '18:52:16', '1', '0', '0', '0');
INSERT INTO Check_inout (STT, EmpID, Date_checkin, Time_checkin, Date_checkout, Time_checkout, Overtime, Late, WorkFromHome, Nghi) VALUES ('80', '8', '2024-08-02 00:00:00', '06:06:03', '2024-08-02 00:00:00', '17:29:20', '0', '0', '0', '0');
INSERT INTO Check_inout (STT, EmpID, Date_checkin, Time_checkin, Date_checkout, Time_checkout, Overtime, Late, WorkFromHome, Nghi) VALUES ('81', '6', '2024-08-13 00:00:00', '07:57:08', '2024-08-13 00:00:00', '17:02:25', '0', '1', '0', '0');
INSERT INTO Check_inout (STT, EmpID, Date_checkin, Time_checkin, Date_checkout, Time_checkout, Overtime, Late, WorkFromHome, Nghi) VALUES ('82', '6', '2024-07-05 00:00:00', '07:01:25', '2024-07-05 00:00:00', '18:59:32', '1', '0', '0', '0');
INSERT INTO Check_inout (STT, EmpID, Date_checkin, Time_checkin, Date_checkout, Time_checkout, Overtime, Late, WorkFromHome, Nghi) VALUES ('83', '2', '2024-07-25 00:00:00', '06:12:43', '2024-07-25 00:00:00', '18:13:15', '1', '0', '0', '0');
INSERT INTO Check_inout (STT, EmpID, Date_checkin, Time_checkin, Date_checkout, Time_checkout, Overtime, Late, WorkFromHome, Nghi) VALUES ('84', '15', '2024-07-10 00:00:00', '06:23:48', '2024-07-10 00:00:00', '18:40:18', '1', '0', '0', '0');
INSERT INTO Check_inout (STT, EmpID, Date_checkin, Time_checkin, Date_checkout, Time_checkout, Overtime, Late, WorkFromHome, Nghi) VALUES ('85', '7', '2024-08-09 00:00:00', '06:14:13', '2024-08-09 00:00:00', '16:29:43', '0', '0', '0', '0');
INSERT INTO Check_inout (STT, EmpID, Date_checkin, Time_checkin, Date_checkout, Time_checkout, Overtime, Late, WorkFromHome, Nghi) VALUES ('86', '11', '2024-07-05 00:00:00', '06:10:52', '2024-07-05 00:00:00', '17:31:28', '0', '0', '0', '0');
INSERT INTO Check_inout (STT, EmpID, Date_checkin, Time_checkin, Date_checkout, Time_checkout, Overtime, Late, WorkFromHome, Nghi) VALUES ('87', '1', '2024-07-14 00:00:00', '06:36:04', '2024-07-14 00:00:00', '17:03:37', '0', '0', '0', '0');
INSERT INTO Check_inout (STT, EmpID, Date_checkin, Time_checkin, Date_checkout, Time_checkout, Overtime, Late, WorkFromHome, Nghi) VALUES ('88', '2', '2024-07-29 00:00:00', '07:26:06', '2024-07-29 00:00:00', '18:14:33', '1', '0', '0', '0');
INSERT INTO Check_inout (STT, EmpID, Date_checkin, Time_checkin, Date_checkout, Time_checkout, Overtime, Late, WorkFromHome, Nghi) VALUES ('89', '15', '2024-07-07 00:00:00', '06:36:46', '2024-07-07 00:00:00', '16:10:25', '0', '0', '0', '0');
INSERT INTO Check_inout (STT, EmpID, Date_checkin, Time_checkin, Date_checkout, Time_checkout, Overtime, Late, WorkFromHome, Nghi) VALUES ('90', '8', '2024-07-13 00:00:00', '07:24:09', '2024-07-13 00:00:00', '17:02:59', '0', '0', '0', '0');
INSERT INTO Check_inout (STT, EmpID, Date_checkin, Time_checkin, Date_checkout, Time_checkout, Overtime, Late, WorkFromHome, Nghi) VALUES ('91', '4', '2024-07-20 00:00:00', '06:42:21', '2024-07-20 00:00:00', '18:00:20', '1', '0', '0', '0');
INSERT INTO Check_inout (STT, EmpID, Date_checkin, Time_checkin, Date_checkout, Time_checkout, Overtime, Late, WorkFromHome, Nghi) VALUES ('92', '15', '2024-08-23 00:00:00', '06:21:58', '2024-08-23 00:00:00', '16:52:24', '0', '0', '0', '0');
INSERT INTO Check_inout (STT, EmpID, Date_checkin, Time_checkin, Date_checkout, Time_checkout, Overtime, Late, WorkFromHome, Nghi) VALUES ('93', '15', '2024-08-18 00:00:00', '07:51:20', '2024-08-18 00:00:00', '16:57:46', '0', '1', '0', '0');
INSERT INTO Check_inout (STT, EmpID, Date_checkin, Time_checkin, Date_checkout, Time_checkout, Overtime, Late, WorkFromHome, Nghi) VALUES ('94', '9', '2024-07-29 00:00:00', '06:13:51', '2024-07-29 00:00:00', '18:52:26', '1', '0', '0', '0');
INSERT INTO Check_inout (STT, EmpID, Date_checkin, Time_checkin, Date_checkout, Time_checkout, Overtime, Late, WorkFromHome, Nghi) VALUES ('95', '5', '2024-08-03 00:00:00', '07:35:31', '2024-08-03 00:00:00', '16:28:08', '0', '0', '0', '0');
INSERT INTO Check_inout (STT, EmpID, Date_checkin, Time_checkin, Date_checkout, Time_checkout, Overtime, Late, WorkFromHome, Nghi) VALUES ('96', '4', '2024-07-23 00:00:00', '07:26:19', '2024-07-23 00:00:00', '18:58:11', '1', '0', '0', '0');
INSERT INTO Check_inout (STT, EmpID, Date_checkin, Time_checkin, Date_checkout, Time_checkout, Overtime, Late, WorkFromHome, Nghi) VALUES ('97', '2', '2024-07-10 00:00:00', '06:36:45', '2024-07-10 00:00:00', '18:04:13', '1', '0', '0', '0');
INSERT INTO Check_inout (STT, EmpID, Date_checkin, Time_checkin, Date_checkout, Time_checkout, Overtime, Late, WorkFromHome, Nghi) VALUES ('98', '8', '2024-07-13 00:00:00', '07:21:59', '2024-07-13 00:00:00', '18:30:42', '1', '0', '0', '0');
INSERT INTO Check_inout (STT, EmpID, Date_checkin, Time_checkin, Date_checkout, Time_checkout, Overtime, Late, WorkFromHome, Nghi) VALUES ('99', '5', '2024-08-26 00:00:00', '07:38:12', '2024-08-26 00:00:00', '17:44:42', '0', '0', '0', '0');
INSERT INTO Check_inout (STT, EmpID, Date_checkin, Time_checkin, Date_checkout, Time_checkout, Overtime, Late, WorkFromHome, Nghi) VALUES ('100', '5', '2024-07-05 00:00:00', '07:25:26', '2024-07-05 00:00:00', '17:43:29', '0', '0', '0', '0');
INSERT INTO Check_inout (STT, EmpID, Date_checkin, Time_checkin, Date_checkout, Time_checkout, Overtime, Late, WorkFromHome, Nghi) VALUES ('101', '13', '2024-08-18 00:00:00', '07:21:19', '2024-08-18 00:00:00', '18:16:52', '1', '0', '0', '0');
INSERT INTO Check_inout (STT, EmpID, Date_checkin, Time_checkin, Date_checkout, Time_checkout, Overtime, Late, WorkFromHome, Nghi) VALUES ('102', '14', '2024-07-07 00:00:00', '06:52:10', '2024-07-07 00:00:00', '18:34:02', '1', '0', '0', '0');
INSERT INTO Check_inout (STT, EmpID, Date_checkin, Time_checkin, Date_checkout, Time_checkout, Overtime, Late, WorkFromHome, Nghi) VALUES ('103', '14', '2024-07-11 00:00:00', '06:27:14', '2024-07-11 00:00:00', '17:22:27', '0', '0', '0', '0');
INSERT INTO Check_inout (STT, EmpID, Date_checkin, Time_checkin, Date_checkout, Time_checkout, Overtime, Late, WorkFromHome, Nghi) VALUES ('104', '12', '2024-07-29 00:00:00', '06:32:40', '2024-07-29 00:00:00', '16:14:32', '0', '0', '0', '0');
INSERT INTO Check_inout (STT, EmpID, Date_checkin, Time_checkin, Date_checkout, Time_checkout, Overtime, Late, WorkFromHome, Nghi) VALUES ('105', '15', '2024-08-24 00:00:00', '06:40:15', '2024-08-24 00:00:00', '17:18:18', '0', '0', '0', '0');
INSERT INTO Check_inout (STT, EmpID, Date_checkin, Time_checkin, Date_checkout, Time_checkout, Overtime, Late, WorkFromHome, Nghi) VALUES ('106', '8', '2024-08-20 00:00:00', '07:36:18', '2024-08-20 00:00:00', '17:51:12', '0', '0', '0', '0');
INSERT INTO Check_inout (STT, EmpID, Date_checkin, Time_checkin, Date_checkout, Time_checkout, Overtime, Late, WorkFromHome, Nghi) VALUES ('107', '14', '2024-08-15 00:00:00', '06:36:23', '2024-08-15 00:00:00', '17:41:07', '0', '0', '0', '0');
INSERT INTO Check_inout (STT, EmpID, Date_checkin, Time_checkin, Date_checkout, Time_checkout, Overtime, Late, WorkFromHome, Nghi) VALUES ('108', '13', '2024-08-15 00:00:00', '06:34:28', '2024-08-15 00:00:00', '18:33:08', '1', '0', '0', '0');
INSERT INTO Check_inout (STT, EmpID, Date_checkin, Time_checkin, Date_checkout, Time_checkout, Overtime, Late, WorkFromHome, Nghi) VALUES ('109', '1', '2024-08-15 00:00:00', '07:00:35', '2024-08-15 00:00:00', '16:10:12', '0', '0', '0', '0');
INSERT INTO Check_inout (STT, EmpID, Date_checkin, Time_checkin, Date_checkout, Time_checkout, Overtime, Late, WorkFromHome, Nghi) VALUES ('110', '8', '2024-08-15 00:00:00', '06:03:38', '2024-08-15 00:00:00', '18:36:44', '1', '0', '0', '0');
INSERT INTO Check_inout (STT, EmpID, Date_checkin, Time_checkin, Date_checkout, Time_checkout, Overtime, Late, WorkFromHome, Nghi) VALUES ('111', '15', '2024-07-01 00:00:00', '06:02:10', '2024-07-01 00:00:00', '17:27:29', '0', '0', '0', '0');
INSERT INTO Check_inout (STT, EmpID, Date_checkin, Time_checkin, Date_checkout, Time_checkout, Overtime, Late, WorkFromHome, Nghi) VALUES ('112', '14', '2024-07-25 00:00:00', '07:59:17', '2024-07-25 00:00:00', '16:00:42', '0', '1', '0', '0');
INSERT INTO Check_inout (STT, EmpID, Date_checkin, Time_checkin, Date_checkout, Time_checkout, Overtime, Late, WorkFromHome, Nghi) VALUES ('113', '5', '2024-07-09 00:00:00', '07:31:12', '2024-07-09 00:00:00', '16:22:46', '0', '0', '0', '0');
INSERT INTO Check_inout (STT, EmpID, Date_checkin, Time_checkin, Date_checkout, Time_checkout, Overtime, Late, WorkFromHome, Nghi) VALUES ('114', '14', '2024-07-09 00:00:00', '07:40:25', '2024-07-09 00:00:00', '16:28:12', '0', '0', '0', '0');
INSERT INTO Check_inout (STT, EmpID, Date_checkin, Time_checkin, Date_checkout, Time_checkout, Overtime, Late, WorkFromHome, Nghi) VALUES ('115', '1', '2024-07-12 00:00:00', '06:42:05', '2024-07-12 00:00:00', '16:52:57', '0', '0', '0', '0');
INSERT INTO Check_inout (STT, EmpID, Date_checkin, Time_checkin, Date_checkout, Time_checkout, Overtime, Late, WorkFromHome, Nghi) VALUES ('116', '15', '2024-07-20 00:00:00', '06:18:02', '2024-07-20 00:00:00', '16:15:11', '0', '0', '0', '0');
INSERT INTO Check_inout (STT, EmpID, Date_checkin, Time_checkin, Date_checkout, Time_checkout, Overtime, Late, WorkFromHome, Nghi) VALUES ('117', '11', '2024-08-09 00:00:00', '06:42:50', '2024-08-09 00:00:00', '18:02:23', '1', '0', '0', '0');
INSERT INTO Check_inout (STT, EmpID, Date_checkin, Time_checkin, Date_checkout, Time_checkout, Overtime, Late, WorkFromHome, Nghi) VALUES ('118', '1', '2024-08-08 00:00:00', '07:50:09', '2024-08-08 00:00:00', '17:01:47', '0', '1', '0', '0');
INSERT INTO Check_inout (STT, EmpID, Date_checkin, Time_checkin, Date_checkout, Time_checkout, Overtime, Late, WorkFromHome, Nghi) VALUES ('119', '4', '2024-08-02 00:00:00', '07:02:39', '2024-08-02 00:00:00', '18:28:26', '1', '0', '0', '0');
INSERT INTO Check_inout (STT, EmpID, Date_checkin, Time_checkin, Date_checkout, Time_checkout, Overtime, Late, WorkFromHome, Nghi) VALUES ('120', '1', '2024-07-14 00:00:00', '06:04:42', '2024-07-14 00:00:00', '17:25:36', '0', '0', '0', '0');
INSERT INTO Check_inout (STT, EmpID, Date_checkin, Time_checkin, Date_checkout, Time_checkout, Overtime, Late, WorkFromHome, Nghi) VALUES ('121', '14', '2024-07-02 00:00:00', '07:21:05', '2024-07-02 00:00:00', '17:21:39', '0', '0', '0', '0');
INSERT INTO Check_inout (STT, EmpID, Date_checkin, Time_checkin, Date_checkout, Time_checkout, Overtime, Late, WorkFromHome, Nghi) VALUES ('122', '4', '2024-07-13 00:00:00', '06:52:11', '2024-07-13 00:00:00', '16:43:03', '0', '0', '0', '0');
INSERT INTO Check_inout (STT, EmpID, Date_checkin, Time_checkin, Date_checkout, Time_checkout, Overtime, Late, WorkFromHome, Nghi) VALUES ('123', '10', '2024-08-04 00:00:00', '07:35:44', '2024-08-04 00:00:00', '16:16:40', '0', '0', '0', '0');
INSERT INTO Check_inout (STT, EmpID, Date_checkin, Time_checkin, Date_checkout, Time_checkout, Overtime, Late, WorkFromHome, Nghi) VALUES ('124', '8', '2024-08-16 00:00:00', '07:28:37', '2024-08-16 00:00:00', '18:06:01', '1', '0', '0', '0');
INSERT INTO Check_inout (STT, EmpID, Date_checkin, Time_checkin, Date_checkout, Time_checkout, Overtime, Late, WorkFromHome, Nghi) VALUES ('125', '4', '2024-07-04 00:00:00', '06:09:45', '2024-07-04 00:00:00', '18:51:34', '1', '0', '0', '0');
INSERT INTO Check_inout (STT, EmpID, Date_checkin, Time_checkin, Date_checkout, Time_checkout, Overtime, Late, WorkFromHome, Nghi) VALUES ('126', '15', '2024-08-19 00:00:00', '07:25:54', '2024-08-19 00:00:00', '16:42:35', '0', '0', '0', '0');
INSERT INTO Check_inout (STT, EmpID, Date_checkin, Time_checkin, Date_checkout, Time_checkout, Overtime, Late, WorkFromHome, Nghi) VALUES ('127', '9', '2024-08-28 00:00:00', '06:16:42', '2024-08-28 00:00:00', '17:36:41', '0', '0', '0', '0');
INSERT INTO Check_inout (STT, EmpID, Date_checkin, Time_checkin, Date_checkout, Time_checkout, Overtime, Late, WorkFromHome, Nghi) VALUES ('128', '4', '2024-08-20 00:00:00', '06:38:04', '2024-08-20 00:00:00', '18:42:51', '1', '0', '0', '0');
INSERT INTO Check_inout (STT, EmpID, Date_checkin, Time_checkin, Date_checkout, Time_checkout, Overtime, Late, WorkFromHome, Nghi) VALUES ('129', '8', '2024-08-03 00:00:00', '07:48:13', '2024-08-03 00:00:00', '17:13:30', '0', '1', '0', '0');
INSERT INTO Check_inout (STT, EmpID, Date_checkin, Time_checkin, Date_checkout, Time_checkout, Overtime, Late, WorkFromHome, Nghi) VALUES ('130', '7', '2024-07-24 00:00:00', '06:02:27', '2024-07-24 00:00:00', '18:24:38', '1', '0', '0', '0');
INSERT INTO Check_inout (STT, EmpID, Date_checkin, Time_checkin, Date_checkout, Time_checkout, Overtime, Late, WorkFromHome, Nghi) VALUES ('131', '14', '2024-08-22 00:00:00', '06:47:17', '2024-08-22 00:00:00', '17:42:24', '0', '0', '0', '0');
INSERT INTO Check_inout (STT, EmpID, Date_checkin, Time_checkin, Date_checkout, Time_checkout, Overtime, Late, WorkFromHome, Nghi) VALUES ('132', '2', '2024-08-13 00:00:00', '07:45:40', '2024-08-13 00:00:00', '18:00:41', '1', '1', '0', '0');
INSERT INTO Check_inout (STT, EmpID, Date_checkin, Time_checkin, Date_checkout, Time_checkout, Overtime, Late, WorkFromHome, Nghi) VALUES ('133', '2', '2024-08-21 00:00:00', '07:47:23', '2024-08-21 00:00:00', '17:10:54', '0', '1', '0', '0');
INSERT INTO Check_inout (STT, EmpID, Date_checkin, Time_checkin, Date_checkout, Time_checkout, Overtime, Late, WorkFromHome, Nghi) VALUES ('134', '11', '2024-07-29 00:00:00', '06:44:05', '2024-07-29 00:00:00', '18:06:03', '1', '0', '0', '0');
INSERT INTO Check_inout (STT, EmpID, Date_checkin, Time_checkin, Date_checkout, Time_checkout, Overtime, Late, WorkFromHome, Nghi) VALUES ('135', '5', '2024-08-16 00:00:00', '07:47:46', '2024-08-16 00:00:00', '18:58:08', '1', '1', '0', '0');
INSERT INTO Check_inout (STT, EmpID, Date_checkin, Time_checkin, Date_checkout, Time_checkout, Overtime, Late, WorkFromHome, Nghi) VALUES ('136', '2', '2024-07-21 00:00:00', '07:20:00', '2024-07-21 00:00:00', '18:22:14', '1', '0', '0', '0');
INSERT INTO Check_inout (STT, EmpID, Date_checkin, Time_checkin, Date_checkout, Time_checkout, Overtime, Late, WorkFromHome, Nghi) VALUES ('137', '11', '2024-08-16 00:00:00', '07:03:33', '2024-08-16 00:00:00', '17:44:17', '0', '0', '0', '0');
INSERT INTO Check_inout (STT, EmpID, Date_checkin, Time_checkin, Date_checkout, Time_checkout, Overtime, Late, WorkFromHome, Nghi) VALUES ('138', '14', '2024-08-17 00:00:00', '06:11:58', '2024-08-17 00:00:00', '18:58:00', '1', '0', '0', '0');
INSERT INTO Check_inout (STT, EmpID, Date_checkin, Time_checkin, Date_checkout, Time_checkout, Overtime, Late, WorkFromHome, Nghi) VALUES ('139', '2', '2024-08-17 00:00:00', '06:40:28', '2024-08-17 00:00:00', '17:07:12', '0', '0', '0', '0');
INSERT INTO Check_inout (STT, EmpID, Date_checkin, Time_checkin, Date_checkout, Time_checkout, Overtime, Late, WorkFromHome, Nghi) VALUES ('140', '7', '2024-08-13 00:00:00', '07:28:07', '2024-08-13 00:00:00', '18:24:27', '1', '0', '0', '0');
INSERT INTO Check_inout (STT, EmpID, Date_checkin, Time_checkin, Date_checkout, Time_checkout, Overtime, Late, WorkFromHome, Nghi) VALUES ('141', '5', '2024-07-20 00:00:00', '07:17:22', '2024-07-20 00:00:00', '18:01:54', '1', '0', '0', '0');
INSERT INTO Check_inout (STT, EmpID, Date_checkin, Time_checkin, Date_checkout, Time_checkout, Overtime, Late, WorkFromHome, Nghi) VALUES ('142', '4', '2024-07-17 00:00:00', '06:09:56', '2024-07-17 00:00:00', '16:47:27', '0', '0', '0', '0');
INSERT INTO Check_inout (STT, EmpID, Date_checkin, Time_checkin, Date_checkout, Time_checkout, Overtime, Late, WorkFromHome, Nghi) VALUES ('143', '10', '2024-08-23 00:00:00', '06:56:07', '2024-08-23 00:00:00', '17:16:54', '0', '0', '0', '0');
INSERT INTO Check_inout (STT, EmpID, Date_checkin, Time_checkin, Date_checkout, Time_checkout, Overtime, Late, WorkFromHome, Nghi) VALUES ('144', '9', '2024-08-07 00:00:00', '06:14:06', '2024-08-07 00:00:00', '18:39:23', '1', '0', '0', '0');
INSERT INTO Check_inout (STT, EmpID, Date_checkin, Time_checkin, Date_checkout, Time_checkout, Overtime, Late, WorkFromHome, Nghi) VALUES ('145', '4', '2024-07-02 00:00:00', '07:07:15', '2024-07-02 00:00:00', '16:28:14', '0', '0', '0', '0');
INSERT INTO Check_inout (STT, EmpID, Date_checkin, Time_checkin, Date_checkout, Time_checkout, Overtime, Late, WorkFromHome, Nghi) VALUES ('146', '10', '2024-07-08 00:00:00', '06:19:53', '2024-07-08 00:00:00', '16:07:41', '0', '0', '0', '0');
INSERT INTO Check_inout (STT, EmpID, Date_checkin, Time_checkin, Date_checkout, Time_checkout, Overtime, Late, WorkFromHome, Nghi) VALUES ('147', '2', '2024-08-02 00:00:00', '07:38:16', '2024-08-02 00:00:00', '18:02:46', '1', '0', '0', '0');
INSERT INTO Check_inout (STT, EmpID, Date_checkin, Time_checkin, Date_checkout, Time_checkout, Overtime, Late, WorkFromHome, Nghi) VALUES ('148', '8', '2024-07-24 00:00:00', '07:26:15', '2024-07-24 00:00:00', '16:31:57', '0', '0', '0', '0');
INSERT INTO Check_inout (STT, EmpID, Date_checkin, Time_checkin, Date_checkout, Time_checkout, Overtime, Late, WorkFromHome, Nghi) VALUES ('149', '6', '2024-08-22 00:00:00', '07:02:27', '2024-08-22 00:00:00', '18:07:44', '1', '0', '0', '0');
INSERT INTO Check_inout (STT, EmpID, Date_checkin, Time_checkin, Date_checkout, Time_checkout, Overtime, Late, WorkFromHome, Nghi) VALUES ('150', '12', '2024-08-14 00:00:00', '07:37:54', '2024-08-14 00:00:00', '18:47:25', '1', '0', '0', '0');
INSERT INTO Check_inout (STT, EmpID, Date_checkin, Time_checkin, Date_checkout, Time_checkout, Overtime, Late, WorkFromHome, Nghi) VALUES ('151', '4', '2024-07-24 00:00:00', '07:39:14', '2024-07-24 00:00:00', '17:48:33', '0', '0', '0', '0');
INSERT INTO Check_inout (STT, EmpID, Date_checkin, Time_checkin, Date_checkout, Time_checkout, Overtime, Late, WorkFromHome, Nghi) VALUES ('152', '14', '2024-08-15 00:00:00', '07:14:29', '2024-08-15 00:00:00', '18:08:36', '1', '0', '0', '0');
INSERT INTO Check_inout (STT, EmpID, Date_checkin, Time_checkin, Date_checkout, Time_checkout, Overtime, Late, WorkFromHome, Nghi) VALUES ('153', '15', '2024-07-14 00:00:00', '06:50:16', '2024-07-14 00:00:00', '18:16:52', '1', '0', '0', '0');
INSERT INTO Check_inout (STT, EmpID, Date_checkin, Time_checkin, Date_checkout, Time_checkout, Overtime, Late, WorkFromHome, Nghi) VALUES ('154', '4', '2024-08-27 00:00:00', '07:16:48', '2024-08-27 00:00:00', '18:56:41', '1', '0', '0', '0');
INSERT INTO Check_inout (STT, EmpID, Date_checkin, Time_checkin, Date_checkout, Time_checkout, Overtime, Late, WorkFromHome, Nghi) VALUES ('155', '9', '2024-07-27 00:00:00', '07:51:55', '2024-07-27 00:00:00', '17:03:57', '0', '1', '0', '0');
INSERT INTO Check_inout (STT, EmpID, Date_checkin, Time_checkin, Date_checkout, Time_checkout, Overtime, Late, WorkFromHome, Nghi) VALUES ('156', '6', '2024-08-31 00:00:00', '07:53:34', '2024-08-31 00:00:00', '18:51:08', '1', '1', '0', '0');
INSERT INTO Check_inout (STT, EmpID, Date_checkin, Time_checkin, Date_checkout, Time_checkout, Overtime, Late, WorkFromHome, Nghi) VALUES ('157', '4', '2024-07-23 00:00:00', '06:15:14', '2024-07-23 00:00:00', '17:39:22', '0', '0', '0', '0');
INSERT INTO Check_inout (STT, EmpID, Date_checkin, Time_checkin, Date_checkout, Time_checkout, Overtime, Late, WorkFromHome, Nghi) VALUES ('158', '4', '2024-07-02 00:00:00', '07:41:10', '2024-07-02 00:00:00', '18:04:22', '1', '0', '0', '0');
INSERT INTO Check_inout (STT, EmpID, Date_checkin, Time_checkin, Date_checkout, Time_checkout, Overtime, Late, WorkFromHome, Nghi) VALUES ('159', '9', '2024-08-11 00:00:00', '06:07:07', '2024-08-11 00:00:00', '16:01:59', '0', '0', '0', '0');
INSERT INTO Check_inout (STT, EmpID, Date_checkin, Time_checkin, Date_checkout, Time_checkout, Overtime, Late, WorkFromHome, Nghi) VALUES ('160', '7', '2024-07-12 00:00:00', '07:44:38', '2024-07-12 00:00:00', '16:48:23', '0', '0', '0', '0');
INSERT INTO Check_inout (STT, EmpID, Date_checkin, Time_checkin, Date_checkout, Time_checkout, Overtime, Late, WorkFromHome, Nghi) VALUES ('161', '9', '2024-08-19 00:00:00', '06:45:11', '2024-08-19 00:00:00', '17:21:38', '0', '0', '0', '0');
INSERT INTO Check_inout (STT, EmpID, Date_checkin, Time_checkin, Date_checkout, Time_checkout, Overtime, Late, WorkFromHome, Nghi) VALUES ('162', '7', '2024-08-17 00:00:00', '07:05:11', '2024-08-17 00:00:00', '16:26:58', '0', '0', '0', '0');
INSERT INTO Check_inout (STT, EmpID, Date_checkin, Time_checkin, Date_checkout, Time_checkout, Overtime, Late, WorkFromHome, Nghi) VALUES ('163', '6', '2024-07-19 00:00:00', '07:04:46', '2024-07-19 00:00:00', '18:50:04', '1', '0', '0', '0');
INSERT INTO Check_inout (STT, EmpID, Date_checkin, Time_checkin, Date_checkout, Time_checkout, Overtime, Late, WorkFromHome, Nghi) VALUES ('164', '15', '2024-08-17 00:00:00', '07:49:06', '2024-08-17 00:00:00', '18:54:10', '1', '1', '0', '0');
INSERT INTO Check_inout (STT, EmpID, Date_checkin, Time_checkin, Date_checkout, Time_checkout, Overtime, Late, WorkFromHome, Nghi) VALUES ('165', '13', '2024-07-26 00:00:00', '06:09:36', '2024-07-26 00:00:00', '16:32:25', '0', '0', '0', '0');
INSERT INTO Check_inout (STT, EmpID, Date_checkin, Time_checkin, Date_checkout, Time_checkout, Overtime, Late, WorkFromHome, Nghi) VALUES ('166', '10', '2024-08-23 00:00:00', '06:31:26', '2024-08-23 00:00:00', '16:41:05', '0', '0', '0', '0');
INSERT INTO Check_inout (STT, EmpID, Date_checkin, Time_checkin, Date_checkout, Time_checkout, Overtime, Late, WorkFromHome, Nghi) VALUES ('167', '14', '2024-07-26 00:00:00', '06:00:09', '2024-07-26 00:00:00', '17:34:15', '0', '0', '0', '0');
INSERT INTO Check_inout (STT, EmpID, Date_checkin, Time_checkin, Date_checkout, Time_checkout, Overtime, Late, WorkFromHome, Nghi) VALUES ('168', '8', '2024-07-04 00:00:00', '06:13:12', '2024-07-04 00:00:00', '18:54:52', '1', '0', '0', '0');
INSERT INTO Check_inout (STT, EmpID, Date_checkin, Time_checkin, Date_checkout, Time_checkout, Overtime, Late, WorkFromHome, Nghi) VALUES ('169', '13', '2024-07-13 00:00:00', '06:20:30', '2024-07-13 00:00:00', '17:40:40', '0', '0', '0', '0');
INSERT INTO Check_inout (STT, EmpID, Date_checkin, Time_checkin, Date_checkout, Time_checkout, Overtime, Late, WorkFromHome, Nghi) VALUES ('170', '5', '2024-08-24 00:00:00', '07:40:29', '2024-08-24 00:00:00', '16:13:03', '0', '0', '0', '0');
INSERT INTO Check_inout (STT, EmpID, Date_checkin, Time_checkin, Date_checkout, Time_checkout, Overtime, Late, WorkFromHome, Nghi) VALUES ('171', '6', '2024-08-28 00:00:00', '07:52:48', '2024-08-28 00:00:00', '18:55:26', '1', '1', '0', '0');
INSERT INTO Check_inout (STT, EmpID, Date_checkin, Time_checkin, Date_checkout, Time_checkout, Overtime, Late, WorkFromHome, Nghi) VALUES ('172', '11', '2024-08-22 00:00:00', '06:50:36', '2024-08-22 00:00:00', '18:42:55', '1', '0', '0', '0');
INSERT INTO Check_inout (STT, EmpID, Date_checkin, Time_checkin, Date_checkout, Time_checkout, Overtime, Late, WorkFromHome, Nghi) VALUES ('173', '1', '2024-08-19 00:00:00', '07:03:56', '2024-08-19 00:00:00', '16:57:29', '0', '0', '0', '0');
INSERT INTO Check_inout (STT, EmpID, Date_checkin, Time_checkin, Date_checkout, Time_checkout, Overtime, Late, WorkFromHome, Nghi) VALUES ('174', '13', '2024-07-10 00:00:00', '06:56:50', '2024-07-10 00:00:00', '18:28:51', '1', '0', '0', '0');
INSERT INTO Check_inout (STT, EmpID, Date_checkin, Time_checkin, Date_checkout, Time_checkout, Overtime, Late, WorkFromHome, Nghi) VALUES ('175', '11', '2024-08-10 00:00:00', '07:25:17', '2024-08-10 00:00:00', '17:27:12', '0', '0', '0', '0');
INSERT INTO Check_inout (STT, EmpID, Date_checkin, Time_checkin, Date_checkout, Time_checkout, Overtime, Late, WorkFromHome, Nghi) VALUES ('176', '1', '2024-08-05 00:00:00', '06:02:14', '2024-08-05 00:00:00', '16:42:08', '0', '0', '0', '0');
INSERT INTO Check_inout (STT, EmpID, Date_checkin, Time_checkin, Date_checkout, Time_checkout, Overtime, Late, WorkFromHome, Nghi) VALUES ('177', '2', '2024-07-11 00:00:00', '06:42:32', '2024-07-11 00:00:00', '16:24:51', '0', '0', '0', '0');
INSERT INTO Check_inout (STT, EmpID, Date_checkin, Time_checkin, Date_checkout, Time_checkout, Overtime, Late, WorkFromHome, Nghi) VALUES ('178', '10', '2024-08-24 00:00:00', '07:15:21', '2024-08-24 00:00:00', '16:43:47', '0', '0', '0', '0');
INSERT INTO Check_inout (STT, EmpID, Date_checkin, Time_checkin, Date_checkout, Time_checkout, Overtime, Late, WorkFromHome, Nghi) VALUES ('179', '12', '2024-08-16 00:00:00', '06:53:36', '2024-08-16 00:00:00', '16:30:48', '0', '0', '0', '0');
INSERT INTO Check_inout (STT, EmpID, Date_checkin, Time_checkin, Date_checkout, Time_checkout, Overtime, Late, WorkFromHome, Nghi) VALUES ('180', '5', '2024-08-30 00:00:00', '06:09:06', '2024-08-30 00:00:00', '18:40:56', '1', '0', '0', '0');
INSERT INTO Check_inout (STT, EmpID, Date_checkin, Time_checkin, Date_checkout, Time_checkout, Overtime, Late, WorkFromHome, Nghi) VALUES ('181', '1', '2024-08-26 00:00:00', '06:35:13', '2024-08-26 00:00:00', '18:32:07', '1', '0', '0', '0');
INSERT INTO Check_inout (STT, EmpID, Date_checkin, Time_checkin, Date_checkout, Time_checkout, Overtime, Late, WorkFromHome, Nghi) VALUES ('182', '14', '2024-08-04 00:00:00', '07:55:59', '2024-08-04 00:00:00', '18:17:40', '1', '1', '0', '0');
INSERT INTO Check_inout (STT, EmpID, Date_checkin, Time_checkin, Date_checkout, Time_checkout, Overtime, Late, WorkFromHome, Nghi) VALUES ('183', '6', '2024-07-09 00:00:00', '07:58:08', '2024-07-09 00:00:00', '17:40:21', '0', '1', '0', '0');
INSERT INTO Check_inout (STT, EmpID, Date_checkin, Time_checkin, Date_checkout, Time_checkout, Overtime, Late, WorkFromHome, Nghi) VALUES ('184', '14', '2024-08-11 00:00:00', '06:13:08', '2024-08-11 00:00:00', '16:35:16', '0', '0', '0', '0');
INSERT INTO Check_inout (STT, EmpID, Date_checkin, Time_checkin, Date_checkout, Time_checkout, Overtime, Late, WorkFromHome, Nghi) VALUES ('185', '7', '2024-08-09 00:00:00', '06:19:13', '2024-08-09 00:00:00', '16:43:44', '0', '0', '0', '0');
INSERT INTO Check_inout (STT, EmpID, Date_checkin, Time_checkin, Date_checkout, Time_checkout, Overtime, Late, WorkFromHome, Nghi) VALUES ('186', '6', '2024-08-20 00:00:00', '07:20:31', '2024-08-20 00:00:00', '18:14:19', '1', '0', '0', '0');
INSERT INTO Check_inout (STT, EmpID, Date_checkin, Time_checkin, Date_checkout, Time_checkout, Overtime, Late, WorkFromHome, Nghi) VALUES ('187', '14', '2024-08-17 00:00:00', '06:25:28', '2024-08-17 00:00:00', '17:42:24', '0', '0', '0', '0');
INSERT INTO Check_inout (STT, EmpID, Date_checkin, Time_checkin, Date_checkout, Time_checkout, Overtime, Late, WorkFromHome, Nghi) VALUES ('188', '11', '2024-07-03 00:00:00', '07:25:10', '2024-07-03 00:00:00', '18:29:24', '1', '0', '0', '0');
INSERT INTO Check_inout (STT, EmpID, Date_checkin, Time_checkin, Date_checkout, Time_checkout, Overtime, Late, WorkFromHome, Nghi) VALUES ('189', '7', '2024-07-20 00:00:00', '06:53:40', '2024-07-20 00:00:00', '17:27:01', '0', '0', '0', '0');
INSERT INTO Check_inout (STT, EmpID, Date_checkin, Time_checkin, Date_checkout, Time_checkout, Overtime, Late, WorkFromHome, Nghi) VALUES ('190', '4', '2024-08-07 00:00:00', '07:56:15', '2024-08-07 00:00:00', '18:06:05', '1', '1', '0', '0');
INSERT INTO Check_inout (STT, EmpID, Date_checkin, Time_checkin, Date_checkout, Time_checkout, Overtime, Late, WorkFromHome, Nghi) VALUES ('191', '15', '2024-07-21 00:00:00', '06:47:01', '2024-07-21 00:00:00', '18:39:00', '1', '0', '0', '0');
INSERT INTO Check_inout (STT, EmpID, Date_checkin, Time_checkin, Date_checkout, Time_checkout, Overtime, Late, WorkFromHome, Nghi) VALUES ('192', '10', '2024-07-27 00:00:00', '06:25:58', '2024-07-27 00:00:00', '17:24:44', '0', '0', '0', '0');
INSERT INTO Check_inout (STT, EmpID, Date_checkin, Time_checkin, Date_checkout, Time_checkout, Overtime, Late, WorkFromHome, Nghi) VALUES ('193', '14', '2024-07-25 00:00:00', '07:50:05', '2024-07-25 00:00:00', '16:56:36', '0', '1', '0', '0');
INSERT INTO Check_inout (STT, EmpID, Date_checkin, Time_checkin, Date_checkout, Time_checkout, Overtime, Late, WorkFromHome, Nghi) VALUES ('194', '5', '2024-07-01 00:00:00', '07:44:56', '2024-07-01 00:00:00', '18:33:35', '1', '0', '0', '0');
INSERT INTO Check_inout (STT, EmpID, Date_checkin, Time_checkin, Date_checkout, Time_checkout, Overtime, Late, WorkFromHome, Nghi) VALUES ('195', '9', '2024-08-15 00:00:00', '07:48:17', '2024-08-15 00:00:00', '18:00:01', '1', '1', '0', '0');


-- update PhongBan
UPDATE PhongBan SET QuanLyID = '1' WHERE PhongID = 'P01';
UPDATE PhongBan SET QuanLyID = '2' WHERE PhongID = 'P02';
UPDATE PhongBan SET QuanLyID = '4' WHERE PhongID = 'P03';
